smiles,Class,pro_id,IC50(nM)_edit,log(IC50(nM))
CCOC(=O)c1cc2c(N)noc2nc1C,0,pro_171,100000,5.0
Cc1cc(c2c(N)noc2n1)C(F)(F)F,0,pro_171,100000,5.0
Nc1noc2ncc(F)cc12,0,pro_171,100000,5.0
Cc1ccc2c(N)noc2n1,0,pro_171,100000,5.0
CCOC(=O)c1cc2c(N)noc2nc1C(F)(F)F,0,pro_171,55000,4.740362689494244
Cc1nc2onc(N)c2c(C)c1OC(F)F,0,pro_171,100000,5.0
Nc1noc2ncccc12,0,pro_171,100000,5.0
CCOC(=O)c1cc2c(N)noc2nc1C(F)F,0,pro_171,100000,5.0
CS(=O)(=O)c1ccc2c(N)noc2n1,0,pro_171,100000,5.0
CN(C)CCOc1ccc2c(N)noc2n1,0,pro_171,100000,5.0
Nc1noc2nc(Cl)cc(c12)C(F)(F)F,0,pro_171,100000,5.0
CN(C)c1ccc2c(N)noc2n1,0,pro_171,100000,5.0
CN(C)c1nc2onc(N)c2cc1F,0,pro_171,100000,5.0
COC(=O)c1ccc2cnoc2n1,0,pro_171,100000,5.0
Nc1noc2ncc(Br)cc12,0,pro_171,55000,4.740362689494244
CSc1ccc2c(N)noc2n1,0,pro_171,55000,4.740362689494244
CN(C)c1ccnc2onc(N)c12,0,pro_171,100000,5.0
Cc1cc(C)c2c(N)noc2n1,0,pro_171,55000,4.740362689494244
COc1ccnc2onc(N)c12,0,pro_171,100000,5.0
Cc1cc2c(N)noc2nc1C,0,pro_171,100000,5.0
Nc1noc2nc(ccc12)C(O)=O,0,pro_171,100000,5.0
Nc1noc2ncc(Cl)cc12,0,pro_171,55000,4.740362689494244
CC(=O)Nc1noc2nc(C)c(Cl)c(C)c12,0,pro_171,100000,5.0
Cc1nc2onc(N)c2c(C)c1C,0,pro_171,55000,4.740362689494244
Nc1noc2nc(N)ccc12,0,pro_171,100000,5.0
COCC#Cc1cnc2onc(N)c2c1,0,pro_171,100000,5.0
CNc1noc2nc(C)c(Cl)c(C)c12,0,pro_171,100000,5.0
CC(C)c1ccc2c(N)noc2n1,0,pro_171,100000,5.0
CN(C)CCCOc1ccc2c(N)noc2n1,0,pro_171,100000,5.0
COc1cc2ncnc(Nc3ccc(OCc4cccc(F)c4)c(Cl)c3)c2cc1OCCCCCCC(=O)NO,1,pro_2281,9,0.9542425094393248
Cc1nccc(n1)N1CCCC2CC(CCC12)C1(CCC1)C(=O)Nc1ccc(F)cc1,1,pro_171,1,0.0
Cc1nccc(n1)N1CCCC2CC(CCC12)C1(CCC1)C(=O)Nc1ccc(F)cc1,1,pro_171,1,0.0
Fc1ccc(NC(=O)C2(CCC2)C2CCC3C(CCCN3c3ccnc(n3)C(F)(F)F)C2)cc1,1,pro_171,2,0.3010299956639812
Fc1ccc(NC(=O)C2(CCC2)C2CCC3C(CCCN3c3ccnc(n3)C(F)(F)F)C2)cc1,1,pro_171,2,0.3010299956639812
Cc1nccc(n1)N1CCCC2CC(CCC12)C1(CCC1)C(=O)Nc1ccc(F)cc1,1,pro_171,1,0.0
Fc1ccc(NC(=O)C2(CCC2)C2CCC3C(CCCN3c3ccnc(n3)C(F)(F)F)C2)cc1,1,pro_171,2,0.3010299956639812
[O-][N+](=O)c1ccc(cc1)C(=O)N1CCN(CC1)C(=O)c1cc2ccccc2oc1=O,1,pro_2892,34000,4.531478917042255
Clc1ccccc1C(=O)N1CCN(CC1)C(=O)c1cc2ccccc2oc1=O,1,pro_2892,26000,4.414973347970818
C[C@]1(CCOC(N)=N1)c1cc(NC(=O)c2ncc(Cl)cc2Cl)ccc1F,1,pro_5516,30000,4.477121254719663
C[C@@]1(N=C(N)OC[C@@H]1F)c1cc(NC(=O)c2ccc(OC(F)F)cn2)ccc1F,1,pro_5516,2,0.3010299956639812
C[C@]1(C[C@H](OC(N)=N1)C(F)(F)F)c1cc(NC(=O)c2ccc(cn2)[N+]#[C-])ccc1F,1,pro_5516,2,0.3010299956639812
C[C@@]1(N=C(N)OC[C@@H]1OCC(F)(F)F)c1cc(NC(=O)c2ccc(cn2)C#N)ccc1F,1,pro_5516,1,0.0
C[C@@]1(N=C(N)OC[C@@H]1OCC(F)(F)F)c1cc(NC(=O)c2ccc(F)cn2)ccc1F,1,pro_5516,2,0.3010299956639812
C[C@]1(CCOC(N)=N1)c1cc(NC(=O)c2ccc(Cl)cn2)ccc1F,1,pro_5516,30000,4.477121254719663
Cc1cc(cnc1C(=O)Nc1cc(F)c(F)c(c1)[C@]1(C)C[C@H](OC(N)=N1)C(F)(F)F)C#N,1,pro_5516,6,0.7781512503836436
NC1=N[C@@](CF)(C[C@H](O1)C(F)(F)F)c1cc(NC(=O)c2ccc(cn2)[N+]#[C-])cc(F)c1F,1,pro_5516,40000,4.6020599913279625
Cc1cc(NC(=O)c2ccc(Cl)cn2)cc(c1F)[C@]1(CF)C[C@H](OC(N)=N1)C(F)(F)F,1,pro_5516,7,0.8450980400142568
CC#CCOc1ccc(nc1)C(=O)Nc1cc(F)c(F)c(c1)[C@]1(C)C[C@H](OC(N)=N1)C(F)(F)F,1,pro_5516,3,0.4771212547196624
C[C@]1(C[C@H](OC(N)=N1)C(F)(F)F)c1cc(NC(=O)c2ccc(cn2)[N+]#[C-])cc(F)c1F,1,pro_5516,49700,4.696356388733332
C[C@@]1(N=C(N)OC[C@@H]1F)c1cc(NC(=O)c2ccc(cn2)C(F)F)ccc1F,1,pro_5516,3,0.4771212547196624
COc1ccc(C)c2C3=C(C(=O)c4c(CCNC(=O)c5cc6ccccc6[nH]5)c[nH]c4C3=O)C3(Cc12)N(C)C(=O)N(C)C3=O,1,pro_171,42000,4.623249290397901
ON1C(=O)C(C(=O)NCc2ccc(F)cc2)c2ccccc2C1=O,0,pro_427,100000,5.0
N[C@@H](CC(=O)N1CCC[C@H]1c1nc(no1)C1(CC1)C(F)(F)F)Cc1cc(F)c(F)cc1F,1,pro_2655,2,0.3010299956639812
Cc1csc2ncnc(Nc3c[nH]nc3C(=O)Nc3ccc(CN4CCOCC4)cc3)c12,1,pro_2228,1,0.0
CC(C)c1cc2c(Nc3c[nH]nc3C(=O)Nc3ccc(CN4CCOCC4)cc3)ncnc2s1,1,pro_2228,9,0.9542425094393248
O=C(Oc1ccccc1C(=O)NCCc1c[nH]c2ccccc12)N(c1ccccc1)c1ccccc1,0,pro_2892,100000,5.0
N[C@@H](CC(=O)N1CCSC1)c1ccccc1,0,pro_2655,100000,5.0
CCCCCCc1nc2ccccc2c(=O)n1NC(O)c1c(O)c2cccc3CCCn(c23)c1=O,0,pro_5516,100000,5.0
Nc1ccnc(n1)-n1ccc2ccc(cc12)C#N,1,pro_2228,29000,4.4623979978989565
Cc1cc(COc2ccc(cc2)S(=O)(=O)CC(C=C2CCC(CC2)N=O)N(O)C=O)c2ccccc2n1,1,pro_2218,30000,4.477121254719663
CC(=O)c1ccc(OCCCCCCN2CCN(Cc3ccccc3)CC2)cc1O,1,pro_634,30800,4.488550716500444
CC(=O)c1ccc(OCCCCCCN2CCN(Cc3ccccc3)CC2)cc1O,1,pro_634,30800,4.488550716500444
CC(C)C[C@H](NC(=O)[C@H](C)NC(=O)[C@H](CCCNC(N)=N)NC(=O)c1ccccc1)[C@@H](O)CC(=O)NCCc1ccccc1,0,pro_5516,100000,5.0
COC(=O)N1[C@@H](C)CCc2c1ccc1n(CC(=O)NCC#N)c(CCn3cccn3)nc21,0,pro_570,50500,4.703291378118662
COC(=O)N1[C@@H](C)CCc2c1ccc1n(CCNCCC#N)c(CCn3cccn3)nc21,0,pro_570,50500,4.703291378118662
COC(=O)N1[C@@H](C)CCc2c1ccc1n(CC(=O)N(C)CC(=O)N(C)C)c(CCn3cccn3)nc21,0,pro_570,50500,4.703291378118662
COC(=O)N1[C@@H](C)CCc2c1ccc1n(CCN(C)CCO)c(CCn3cccn3)nc21,0,pro_570,50500,4.703291378118662
COC(=O)N1[C@@H](C)CCc2c1ccc1n(CC(=O)N(C)CC(C)(C)O)c(CCn3cccn3)nc21,0,pro_570,50500,4.703291378118662
COC(=O)N1[C@@H](C)CCc2c1ccc1n(CCN(C)CC(C)(C)O)c(CCn3cccn3)nc21,0,pro_570,50500,4.703291378118662
COC(=O)N1[C@@H](C)CCc2c1ccc1n(CCN(C)CC(=O)N(C)C)c(CCn3cccn3)nc21,0,pro_570,50500,4.703291378118662
COC(=O)N1[C@@H](C)CCc2c1ccc1n(CCCS(C)(=O)=O)c(CCn3cccn3)nc21,0,pro_570,50500,4.703291378118662
COC(=O)N1[C@@H](C)CCc2c1ccc1n(C)c(CCn3cccn3)nc21,0,pro_570,50500,4.703291378118662
Cc1c(ncn1Cc1cccc(c1)C(F)(F)F)C(=O)Nc1ccn(C)n1,1,pro_6088,28900,4.460897842756548
NC\C(COc1ccc(cc1)S(=O)(=O)CC12CCC(CC1)(CC2)C(=O)N1CC(F)(F)C1)=C/F,1,pro_634,30000,4.477121254719663
NC\C(COc1ccc(cc1)S(=O)(=O)CC12CCC(CC1)(CC2)C(=O)N1CC(F)(F)C1)=C/F,1,pro_634,30000,4.477121254719663
NC\C(COc1ccc(cc1)S(=O)(=O)CC12CCC(CC1)(CC2)C(=O)N1CCC1)=C/F,1,pro_2714,30000,4.477121254719663
O=C(Cc1cccs1)NCC(=O)N1CCC[C@H]1C#N,0,pro_2655,100000,5.0
C1CCN(C1)[C@@H]([C@H](N1CCCC1)c1ccccc1)c1ccccc1,1,pro_6088,31622,4.499989334334184
CCCCn1cc(cn1)C1(N=C(N)N(C)C1=O)c1cccc(c1)-c1cncnc1,1,pro_5516,8,0.9030899869919436
COc1cc2c(Nc3cccc(c3)C#C)ncnc2cc1OCCCN1C[C@H](O)[C@@H](O)[C@H](O)[C@H]1CO,1,pro_2281,4,0.6020599913279624
COc1cc2c(Nc3ccc(F)c(Cl)c3)ncnc2cc1OCCCN1C[C@H](O)[C@@H](O)[C@H](O)[C@H]1CO,1,pro_2281,1,0.0
COc1ccc(CNC(=O)C2CCN(CC2)C(=O)c2ccccc2)cc1OC,1,pro_5467,4,0.6020599913279624
CC1N(C)OC(=C1c1ccccc1)c1ccc(cc1)S(C)(=O)=O,1,pro_3741,4,0.6020599913279624
O=C(N1CC[C@H](C1)Oc1ccc(cc1C#N)-c1ncnc(Nc2ccc(cc2)N2CCN(CC2)C2COC2)n1)c1nc(=O)[nH][nH]1,0,pro_1546,1000000,6.0
CS(=O)(=O)n1cc2CN(Cc2n1)[C@@H]1C[C@H](N)C(N(Cc2cncnc2)C1)c1cc(F)ccc1F,1,pro_2655,3,0.4771212547196624
Oc1cccc(NC(=O)Cc2csc3nc4ccccc4n23)c1,0,pro_2281,55000,4.740362689494244
NC1=NC2(COC1)c1cc(Br)ccc1OCC21COC1,0,pro_5516,68300,4.834420703681532
C[C@]1(Cn2nncc2C(N)=N1)c1cc(NC(=O)c2nn(cc2Cl)C(F)F)ccc1F,0,pro_5516,1000000000,9.0
COc1cccc(CC2CCN(CCOc3ccc4c(c3)oc(=O)c3ccccc43)CC2)c1,1,pro_5467,29300,4.466867620354109
c1[nH]c2ccccc2c1-c1cnc2n[se]nc2c1,0,pro_171,100000,5.0
COc1nnn(C)c1-c1ccc2c(c1)n([C@@H](C1CCOCC1)c1ccccc1)c1cc(cnc21)-c1c(OC)nnn1C,1,pro_570,1,0.0
COc1nnn(C)c1-c1ccc2c(c1)n([C@@H](C1CCOCC1)c1ccccc1)c1cc(cnc21)-c1c(OC)nnn1C,1,pro_570,1,0.0
Cc1nnn(C)c1-c1ccc2c(c1)n([C@@H](C1CCOCC1)c1ccccc1)c1cc(cnc21)-c1c(C)nnn1C,1,pro_570,1,0.0
CN1C(=N)N[C@@](C)(CS1(=O)=O)c1cc(NC(=O)c2ccc(F)cn2)ccc1F,1,pro_5516,1,0.0
CC(C)n1nc(-c2ccc(OCCCN3CCC[C@H]3C)cc2)c2sccc2c1=O,1,pro_6167,30000,4.477121254719663
NC(=O)c1cc(cc2c3cc(ccc3[nH]c12)C(=O)NCCN1CCOCC1)-c1ccc(Cl)c(Cl)c1,1,pro_1546,6,0.7781512503836436
Cc1nnn(C)c1-c1cnc2c(c1)n(C(C1CCOCC1)c1ncccn1)c1cc(ccc21)C(C)(C)O,1,pro_570,5,0.6989700043360189
Fc1ccc(cc1)C(NC(=O)CC1CCN(Cc2ccn(c2)-c2ccc(cc2)C(F)(F)F)CC1)c1c[nH]c(=O)c(Cl)c1,1,pro_6088,31600,4.4996870826184034
Cc1ccc(Cl)cc1N1CCN(CC1)C(=O)CCC1(NC(=O)NC1=O)C1CC1,1,pro_2655,30000,4.477121254719663
C[C@H]1CN(CCN1c1cc(F)cc(F)c1)C(=O)CC[C@]1(NC(=O)NC1=O)C1CC1,0,pro_6167,100000,5.0
Cn1ccc2c(cccc2c1=O)[C@H](Nc1cc(C#N)c2ncnc(NCC(C)(C)C)c2c1)c1cn(nn1)C1(CC1)C(F)F,1,pro_2281,1,0.0
COC(=O)N1[C@@H](C)CCc2c1ccc1n(c(Cc3ccccc3)nc21)-c1cccc(c1)C(O)=O,0,pro_570,50500,4.703291378118662
COC(=O)N1[C@@H](C)CCc2c1ccc1n(c(Cc3ccccc3)nc21)-c1ccc(cc1)C(O)=O,0,pro_570,50500,4.703291378118662
COc1ccc2ccc(=O)n(CCN[C@H]3CC[C@H]4[C@H](C3)OC(=O)N4c3ncc4OCC(=O)Nc4n3)c2n1,1,pro_6088,32000,4.505149978319906
OC(=O)[C@H](N1CCC(CN2CCC(CC2)Oc2ccc(Cl)c(Cl)c2)CC1)c1ccccc1,1,pro_6088,31622,4.499989334334184
CC(C)CNC(=O)[C@@H]1CNCC[C@H]1Nc1nccc2cc(C)c(=O)[nH]c12,0,pro_570,50119,4.700002397142254
CO[C@@H](C)CNC(=O)[C@@H]1CNCC[C@H]1Nc1nccc2cc(C)c(=O)[nH]c12,1,pro_570,31623,4.500003068051694
CS(=O)(=O)c1ccc2nc(sc2c1)N1CCN(CC1)C(=O)[C@@H]1CCCC[C@H]1C(=O)NC1(CC1)C#N,0,pro_6088,100000,5.0
CC1(C)N(Cc2cnn[nH]2)CCn2c1nc(C(=O)NCc1ccc(F)cc1)c(O)c2=O,1,pro_427,6,0.7781512503836436
Cn1nncc1CN1CCn2c(nc(C(=O)NCc3ccc(F)cc3)c(O)c2=O)C1(C)C,1,pro_427,6,0.7781512503836436
OCCCn1cc(CNc2nc(NC3CCN(CCP(O)(O)=O)CC3)cc(n2)N2CCOCC2)nn1,0,pro_6167,100000,5.0
CN1CCC(CC1)NC(=O)c1cnc(Nc2cc(Cl)cc(Cl)c2)nc1N[C@@H]1COC[C@H]1O,1,pro_2228,30000,4.477121254719663
Cc1c(NC2CCCNC2)nc2ccnn2c1Nc1ccc(F)c(Cl)c1,1,pro_2228,33000,4.518513939877888
CCOc1ccc(Nc2c(C)c(N[C@@H]3CCCNC3)nc3ccnn23)cc1,0,pro_2228,100000,5.0
ONC(=O)CN(CCCc1ccccc1)C(=O)CN(Cc1ccccc1)C(=O)Nc1ccc(Oc2ccccc2)cc1,1,pro_2218,43000,4.633468455579586
Cc1nc2ccc(cc2s1)C(=O)CCC1CCN(Cc2ccccc2)CC1,1,pro_5467,6,0.7781512503836436
Cc1nc2ccc(cc2s1)C(=O)CCC1CCN(Cc2ccccc2)CC1,1,pro_5467,6,0.7781512503836436
CN(C)C(=O)[C@H]([C@H]([NH3+])C(=O)N1CC(F)C1)c1ccc(cc1)-c1ccc2ncnn2c1,1,pro_2655,2,0.3010299956639812
CCOCn1c(cc(=O)n(O)c1=O)C(=O)c1cccc(c1)-c1ccccc1,0,pro_427,100000,5.0
C[C@@H](O)[C@@H](C)Oc1nc(Nc2ccc(cc2)S(=O)(=O)C2CC2)ncc1C(F)(F)F,1,pro_2228,6,0.7781512503836436
Cn1c2nccc(N3CCC[C@@H](N)C3)c2n(Cc2ccccc2C#N)c(=O)c1=O,0,pro_2655,55000,4.740362689494244
CC1(Nc2cc(Cl)ccc2-c2ccnn12)c1ccc(Cl)cc1,0,pro_2892,357500,5.5532760461371
N#Cc1ccc(cc1)-c1csc(N=NCc2cccs2)n1,1,pro_2714,44970,4.652922887567942
OC(=O)c1ccccc1Oc1ncc(Cl)cc1NS(=O)(=O)c1ccc(Cl)c(Cl)c1,0,pro_6167,100000,5.0
OCCNC(=O)c1ccccc1Oc1ncc(Cl)cc1NS(=O)(=O)c1ccc(Cl)c(Cl)c1,0,pro_6088,63095,4.799994944688714
CSc1ccccc1C(=O)Nc1ncnc2[nH]cnc12,1,pro_570,29700,4.472756449317212
COc1cccc(c1)C(=O)Nc1ncnc2[nH]cnc12,0,pro_570,63000,4.799340549453582
COc1cccc(C(=O)Nc2ncnc3[nH]cnc23)c1OC,0,pro_570,78600,4.895422546039408
COC(=O)N1[C@@H](C)CCc2c1ccc1n([C@@H]3CCC[C@H](C3)C(O)=O)c(Cc3cncc(n3)C(C)C)nc21,0,pro_570,50500,4.703291378118662
COC(=O)N1[C@@H](C)CCc2c1ccc1n([C@@H]3CCC[C@H](C3)C(O)=O)c(Cc3cncc(Cl)n3)nc21,0,pro_570,50500,4.703291378118662
COC(=O)N1[C@@H](C)CCc2c1ccc1n([C@@H]3CCC[C@H](C3)C(O)=O)c(Cc3cnc(Cl)c(C)n3)nc21,0,pro_570,50500,4.703291378118662
CC[C@@H](NC(=O)c1ccc(Cl)cc1)[C@H]1CC[C@H](CC1)c1ccnc(OC)c1F,1,pro_171,3,0.4771212547196624
C[C@@H](NC(=O)c1ccc(Cl)cc1)[C@H]1CC[C@H](CC1)c1ccnc(F)c1C,1,pro_171,5,0.6989700043360189
CC[C@@H](NC(=O)c1ccc(Cl)cc1)[C@H]1CC[C@H](CC1)c1ccnc(OC)c1C,1,pro_171,2,0.3010299956639812
COC[C@@H](NC(=O)c1ccc(Cl)cc1)[C@H]1CC[C@H](CC1)c1ccnc(OC)c1C(F)F,1,pro_171,2,0.3010299956639812
C[C@@H](NC(=O)c1ccc(Cl)cc1)[C@H]1CC[C@H](CC1)c1ccncc1C,1,pro_171,7,0.8450980400142568
COC[C@@H](NC(=O)c1ccc(Cl)cc1)[C@H]1CC[C@H](CC1)c1ccnc(OC)c1C(F)F,1,pro_171,2,0.3010299956639812
C[C@@H](NC(=O)c1ccc(Cl)cc1)[C@H]1CC[C@H](CC1)c1ccnc(C)c1C,1,pro_171,4,0.6020599913279624
CC[C@@H](NC(=O)c1ccc(Cl)cc1)[C@H]1CC[C@H](CC1)c1ccnc(OC)c1C(F)F,1,pro_171,4,0.6020599913279624
CC[C@@H](NC(=O)c1ccc(Cl)cc1)[C@H]1CC[C@H](CC1)c1ccnc(OC)c1C,1,pro_171,2,0.3010299956639812
CC[C@@H](NC(=O)c1ccc(Cl)cc1)[C@H]1CC[C@H](CC1)c1ccnc(OC)c1C(F)F,1,pro_171,4,0.6020599913279624
Cc1n[nH]c2ccc(cc12)-c1cc(N[C@@H](CO)c2ccccc2)cnc1-c1ccc(F)cc1O,1,pro_2281,8,0.9030899869919436
C1CC(=NN1c1ccccc1)c1ccccc1,0,pro_634,200000,5.301029995663981
COc1ccc(C2=NN(CC2)c2ccccc2)c(OC)c1,1,pro_634,40000,4.6020599913279625
Oc1ccccc1C1=NN(CC1)c1ccccc1,1,pro_634,40000,4.6020599913279625
Cc1cccc(c1)C1=NN(CC1)c1ccccc1,0,pro_2714,90000,4.954242509439325
Cn1c2nccc(N3CCC[C@@H](N)C3)c2n(Cc2ccccc2C#N)c1=S,1,pro_2655,38000,4.57978359661681
CNc1nc(nc(n1)N1CCN(C)CC1)N1CCC(CC1)C(=O)NCc1ccccc1C(F)(F)F,1,pro_6167,33000,4.518513939877888
CCCCN[C@@H](Cc1c[nH]c2ccccc12)C(=O)NCCC1CCN(Cc2ccccc2)CC1,1,pro_5467,25400,4.4048337166199385
Fc1cc(ccc1C(F)(F)F)C(=O)N[C@@H]1[C@H]2Oc3ccc(Oc4ccnc5NC(=O)CCc45)cc3[C@@H]12,1,pro_2281,5,0.6989700043360189
O=C1COc2ccccc2N1CCCN1CCC(CC1)n1c2ccncc2[nH]c1=O,1,pro_6088,46000,4.662757831681574
CS(=O)(=O)c1ccc(cc1)-c1ocnc1-c1ccc(F)cc1,1,pro_3741,30000,4.477121254719663
CCS(=O)(=O)c1ccc(cc1)-c1oc(C)nc1-c1ccc(F)cc1,1,pro_3741,38000,4.57978359661681
CS(=O)(=O)c1ccc(cc1)-c1ncoc1-c1ccc(F)cc1,1,pro_3741,30000,4.477121254719663
Cc1cc(NC2CCN(CC2)C(=O)CCNCC(O)=O)nc(NCc2cn(CCCNCCCNC3CCCCC3)nn2)n1,0,pro_6167,100000,5.0
ONC(=O)[C@@H]1CSCN1S(=O)(=O)c1ccc2ccccc2c1,1,pro_2218,31000,4.491361693834273
COc1cc2CC(Sc2cc1OC)C(=O)CCc1cc[n+](Cc2ccccc2)cc1,1,pro_5467,4,0.6020599913279624
C[C@H](Nc1cncc(Nc2ncc(C)s2)n1)c1ncc(F)cn1,1,pro_1546,4,0.6020599913279624
Nc1scc2c1c(NCCO)nc1nc(NCCO)nc(N)c21,0,pro_2281,66100,4.820201459485641
Cc1cc(c(S)cc1Cl)S(=O)(=O)Nc1nc2cscc2c(=O)n1N,1,pro_427,43000,4.633468455579586
CN1C(C(C(=O)c2ccccc2)=C(O)C1=O)c1cccc(Cl)c1,0,pro_427,100000,5.0
CN1C(C(C(=O)c2ccccc2)=C(O)C1=O)c1ccc(cc1)[N+]([O-])=O,0,pro_427,100000,5.0
Cc1ccc(cc1)C1N(CC(O)=O)C(=O)C(O)=C1C(=O)c1ccc(Cl)cc1,0,pro_427,84000,4.924279286061882
COc1ccc(OC)c(c1)C(=O)C1=C(O)C(=O)N(CCCCCC(O)=O)C1c1ccc(Cl)cc1,1,pro_427,40000,4.6020599913279625
FC(F)(F)c1cccc(CSC2C(=O)CN(Cc3ccccc3)C2=O)c1,0,pro_5516,212000,5.326335860928752
COc1ccc(CN2CC(=O)C(SCc3cccc(c3)C(F)(F)F)C2=O)cc1,0,pro_5516,241000000,8.38201704257487
FC(F)(F)c1cccc(CSC2C(=O)CN(Cc3cccc(c3)C(F)(F)F)C2=O)c1,0,pro_5516,258000000,8.411619705963231
Oc1cccc2ccc(CN(CC#C)C(CCC3CCN(Cc4ccccc4)CC3)C#N)nc12,0,pro_634,100000,5.0
Oc1cccc2ccc(CN(CCCC3CCN(Cc4ccccc4)CC3)CC#C)nc12,1,pro_2714,37000,4.568201724066995
C[C@](O)(COc1ccc(F)cc1)C(=O)N1CCc2c1cccc2C#N,0,pro_6088,100000,5.0
OC(=O)CCCC[C@@H]1CCSS1,1,pro_5467,1,0.0
Nc1c2CCCCc2nc2nc(Cl)c(C#N)c(-c3ccccc3)c12,1,pro_2892,30000,4.477121254719663
Nc1c2CCCCc2nc2nc(Cl)c(C#N)c(-c3ccccc3)c12,1,pro_2892,30000,4.477121254719663
Clc1cc(cnc1Cl)\N=C\c1ccc2[nH]ncc2c1,1,pro_634,1,0.0
c1csc(c1)-c1c[nH]cn1,0,pro_171,422000,5.625312450961674
CC([C@@H]1[C@H]2C[C@@H](C[C@@H]12)n1cnc2cc(F)c(F)cc12)c1nc2cc(Cl)ccc2[nH]1,1,pro_171,8,0.9030899869919436
N[C@H]1CC[C@@H](CC1)NC(=O)c1cc(Oc2ccc(cc2)C(N)=N)cc(Oc2ccc(cc2)C(N)=N)c1,1,pro_6167,30000,4.477121254719663
COC(=O)C(\O)=C\C(=O)c1cccc(c1)N(Cc1ccccc1)Cc1ccccc1,0,pro_427,100000,5.0
CCc1nc(C(N)=O)c(Nc2ccc(N3CCC(CC3)N3CCN(C)CC3)c(C)c2)nc1C1CCN(CC1)C(=O)C=C,1,pro_2281,2,0.3010299956639812
Cc1nc(C)c(COc2ccc(\C=C\C(=O)NCCCCNc3c4CCCCc4nc4ccccc34)cc2)nc1C,1,pro_3129,2,0.3010299956639812
O=S(=O)(c1ccccc1)n1ccc2c(cccc12)N1CCN(CCNc2c3CCCCc3nc3ccccc23)CC1,1,pro_2892,7,0.8450980400142568
Cc1noc(C)c1-c1ccc2CCC(OCc3ccccc3)c2c1,1,pro_570,31623,4.500003068051694
COc1cc2Cc3sc(NC(=O)C4CCN(Cc5ccccc5)CC4)nc3-c2cc1OC,0,pro_3129,100000,5.0
C[N+]1(C)[C@H]2Cc3cc4OCOc4cc3[C@@H]1Cc1cc3COCc3cc21,0,pro_6167,80000,4.903089986991944
CC(C)n1c2cccnc2c(O)c(C(=O)NCc2ccc(F)cc2)c1=O,1,pro_427,1,0.0
C[C@@H](NC(=O)c1cc(SCCC(N)(CO)Cc2ccccc2)cc(c1)N(C)S(C)(=O)=O)c1ccc(F)cc1,0,pro_5516,100000,5.0
C[n+]1ccc2c(c1)n(CCCCCCCCCCCCn1c3ccccc3c3cc[n+](C)cc13)c1ccccc21,1,pro_2892,1,0.0
C[n+]1ccc2c(c1)n(CCCCCCCCCCCCn1c3ccccc3c3cc[n+](C)cc13)c1ccccc21,1,pro_2892,1,0.0
CC#CCn1c(nc2n(C)c(=O)n(CC(=O)c3ccccc3-c3ccccc3)c(=O)c12)N1CCC[C@@H](N)C1,1,pro_2655,6,0.7781512503836436
CC#CCn1c(nc2n(C)c(=O)n(CC(=O)c3ccccc3-c3ccccc3)c(=O)c12)N1CCC[C@@H](N)C1,1,pro_2655,6,0.7781512503836436
Nc1ncnc2n([C@H]3O[C@@H](CO)[C@@H](O)[C@@H]3O)c(-c3ccc(Br)s3)c(C#N)c12,0,pro_2228,55000,4.740362689494244
Fc1ccccc1CN1CCC(CC1)NCCCCCCn1ccc2ccccc12,1,pro_2892,42000,4.623249290397901
O=C(CCCc1ccccc1)Nc1cccc(c1)-c1nc2ccccc2[nH]1,1,pro_2218,47000,4.672097857935717
Cc1cccc2nc([nH]c12)-c1cccc(NC(=O)CCCc2ccccc2)c1,0,pro_2218,60000,4.778151250383644
COc1cc2ncnc(Nc3ccc(NC(=O)NC4CCCCC4)cc3)c2cc1OC,0,pro_2281,51300,4.710117365111817
Cc1ccc(cc1)S(=O)(=O)NCCOc1nc(Cl)nc(Nc2ccc(cc2)N2CCOCC2=O)n1,0,pro_3741,80000,4.903089986991944
C[C@@H](CN1CCCCC1=O)CS(=O)(=O)c1ccc(OC\C(CN)=C\F)cc1,1,pro_2714,30000,4.477121254719663
C[C@H](CN1CCCCC1=O)CS(=O)(=O)c1ccc(OC\C(CN)=C\F)cc1,1,pro_634,30000,4.477121254719663
C[C@H](CN1CCCCC1=O)CS(=O)(=O)c1ccc(OC\C(CN)=C\F)cc1,1,pro_634,30000,4.477121254719663
FC1(F)CN(CC[C@@H]1Oc1ccc(cc1C#N)-c1ncnc(Nc2ccc(cc2)N2CCN(CC2)C2COC2)n1)C(=O)[C@@H]1COC(=O)N1,0,pro_1546,184000,5.264817823009537
F[C@@H]1CN(CC[C@@H]1Oc1ccc(cc1C#N)-c1ncnc(Nc2ccc(cc2)N2CCN(CC2)C2COC2)n1)C(=O)[C@@H]1COC(=O)N1,0,pro_1546,233000,5.367355921026019
C[C@H]1OC(=O)N[C@@H]1C(=O)N1CC[C@H](Oc2ccc(cc2C#N)-c2ncnc(Nc3ccc(cc3)N3CCN(CC3)C3COC3)n2)[C@H](F)C1,0,pro_1546,811000,5.909020854211156
C\C1=C/[C@H](O)C[C@@]2(C)O[C@@H]2CC(C)(C)\C=C\C1=O,0,pro_6167,62500,4.795880017344075
Cc1ccsc1CN=Nc1nc2ccccc2nc1Cc1ccccc1,0,pro_634,860000,5.934498451243568
CCOC(=O)C(\O)=C\C(=O)c1cn(Cc2ccc(F)cc2)c2ccc(OCc3ccc(F)cc3)cc2c1=O,0,pro_427,300000,5.477121254719663
CSc1nc(nc2onc(N)c12)-c1ccccc1,0,pro_171,100000,5.0
FC(F)(F)c1ccc(C[C@@H](C2CC2)C(=O)NC[C@]2(NC(=O)NC2=O)C2CC2)cc1,1,pro_2218,35000,4.544068044350276
CCOc1cc(cc(OCC)c1OCC)C(=O)Nc1ccc(cc1)S(=O)(=O)Nc1nc(C)cc(C)n1,0,pro_2228,105100,5.021602716028243
C[C@H](NC[C@@H](O)[C@@H]1Cc2cccc(OCCCCOc3cncc(c3)C(=O)N1)c2)c1cc(CC(C)(C)C)on1,1,pro_5516,6,0.7781512503836436
Cc1cc(Cl)cnc1C(=O)Nc1ccc(F)c(c1)[C@@]1(C)N=C(N)[C@]2(C)CC[C@H]1S2(=O)=O,1,pro_5516,2,0.3010299956639812
COc1cc2CC(C(=O)c3ccc(Cl)cc3)C(=O)c2cc1OC,1,pro_2892,41200,4.614897216033135
COc1cc2CC(C(=O)c3ccc(F)cc3)C(=O)c2cc1OC,1,pro_2892,42000,4.623249290397901
COc1cc2CC(C(=O)c3ccccc3Cl)C(=O)c2cc1OC,0,pro_2892,64000,4.806179973983888
COc1cc2CC(C(=O)c3ccc(cc3)N(C)C)C(=O)c2cc1OC,1,pro_2892,29400,4.468347330412158
COc1cc2CC(C(=O)c3ccc(cc3)C#N)C(=O)c2cc1OC,0,pro_2892,53000,4.724275869600789
COc1cc2CC(C(=O)c3ccc(Br)cc3)C(=O)c2cc1OC,1,pro_2892,45000,4.653212513775344
O=C(CNC(=O)c1cnc2ccccc2c1)N1CCC[C@H]1C#N,0,pro_2655,100000,5.0
Cn1c(nc(C(=O)NCc2ccc(F)cc2-n2cncn2)c(O)c1=O)C1CCOC1,1,pro_427,4,0.6020599913279624
CCOC(=O)C1=C(O)CCC2([C@H]1c1ccco1)C(=O)OC(C)(C)OC2=O,1,pro_427,35700,4.552668216112194
CNC(=O)C(C1CCOC1)N(CC(c1ccccc1)c1ccccc1)C(=O)c1cc(C)c(=O)n(C)c1,0,pro_570,50119,4.700002397142254
CNC(=O)C(C1CCOC1)N(CC(c1ccccc1)c1ccccc1)C(=O)c1cc(C)c(=O)n(C)c1,0,pro_570,50119,4.700002397142254
COc1cc2Cc3c(Nc2cc1OC)ncn(C)c3=O,0,pro_2281,160000,5.204119982655925
Cc1ncoc1-c1nnc(SCCCN2CC3CC3(C2)c2ccc(C)cc2F)n1C,1,pro_6088,39810,4.599992177584098
COc1ccc(C(=O)\C=C\C=C\c2ccc(Cl)cc2)c(O)c1,1,pro_634,4,0.6020599913279624
COc1ccc(\C=C\C=C\C(=O)c2c(O)cccc2O)cc1OC,1,pro_2714,25160,4.400710636773232
Oc1ccccc1C(=O)\C=C\C=C\c1ccc(Cl)cc1,1,pro_2714,37730,4.576686805200995
OB(O)[C@@H]1CCCC1C(=O)[C@@H]1CCCN1,0,pro_2655,88200,4.945468585131819
CS(=O)(=O)c1ccc(cc1)-c1nc(NC2CCCC2)cc(n1)C(F)(F)F,0,pro_3741,2100000,6.32221929473392
CC(CCN1CCOCC1)CC(=O)Nc1ccc(cc1)C(=O)Nc1nccs1,1,pro_6167,40000,4.6020599913279625
CCCn1c2cnc(Nc3ccc(cc3OC)N3CCN(C)CC3)nc2n(-c2cccc(NC(=O)C=C)c2)c(=O)c1=O,1,pro_2281,2,0.3010299956639812
COc1cc(ccc1Nc1ncc2[nH]c(=O)c(=O)n(-c3cccc(NC(=O)C=C)c3)c2n1)N1CCN(C)CC1,1,pro_2281,2,0.3010299956639812
COC(=O)C1Cc2c(CN1C(=O)CCN(C)CCN(C)CCC(=O)N1Cc3[nH]c4ccccc4c3CC1C(=O)OC)[nH]c1ccccc21,1,pro_2892,25400,4.4048337166199385
COC(=O)C1Cc2c(CN1C(=O)CCN(C)CCN(C)CCC(=O)N1Cc3[nH]c4ccccc4c3CC1C(=O)OC)[nH]c1ccccc21,1,pro_2892,25400,4.4048337166199385
CN(C)CCCOc1ccc(cn1)-c1ccc2ncc3n(C)c(=O)n(C4CCOCC4)c3c2c1,1,pro_6167,30000,4.477121254719663
O=C(\C=C\c1ccc(cc1)N1CCCC1)/C=C/c1ccc(cc1)N1CCCC1,0,pro_5467,100000,5.0
CCCCC(=O)N1CCCC2(O)C1N(C)c1ccccc21,1,pro_2892,27300,4.4361626470407565
CC(C)[C@@H](NS(=O)(=O)c1ccc(cc1)-c1ccc(COc2ccc(cc2)C(=O)C2CCCCC2)cc1)C(O)=O,1,pro_2218,5,0.6989700043360189
CC1=NN(C(C1)c1cc(Br)cc(Br)c1O)C(=O)CN1CCCCC1,1,pro_634,49890,4.6980135039391815
CC1=NN(C(C1)c1cc(Br)cc(Br)c1O)C(=O)CN1CCC(CO)CC1,1,pro_634,30080,4.478277831919605
COc1ccc2c(c1)n(C)c(=O)c1c(O)cc(=O)oc21,0,pro_2281,76400,4.88309335857569
c1ccc2c(c1)[nH]c1cnccc21,0,pro_171,90000,4.954242509439325
COc1ccc2c(c1)[nH]c1c(C)nccc21,1,pro_2714,4,0.6020599913279624
Cc1nccc2c3ccc(O)cc3[nH]c12,0,pro_171,2000000,6.301029995663981
COC(=O)c1cc2c(cn1)[nH]c1ccccc21,0,pro_2892,63000,4.799340549453582
N[C@@H](CC(=O)NC12CC3CC(CC(O)(C3)C1)C2)C(=O)N1Cc2ccccc2C1,0,pro_2655,100000,5.0
COC(=O)N1[C@@H](C)CCc2c1ccc1n([C@H]3CC[C@@H](CC3)C(O)=O)c(COC3CCOCC3)nc21,0,pro_570,50500,4.703291378118662
COC(=O)N1[C@@H](C)CCc2c1ccc1n(C3CCCC(C3)C(O)=O)c(nc21)C(C)OC1CCOCC1,0,pro_570,50500,4.703291378118662
Clc1ccc(CSc2ncn[nH]2)c(Cl)c1,0,pro_171,195000,5.290034611362518
CNC(=O)c1cnn2c(ccnc12)C1CCCN1,0,pro_570,84000,4.924279286061882
NC(=O)c1cn(nc1Nc1ccnc(F)c1)[C@H]1CC[C@@H](C[C@@H]1C#N)NCc1ccccc1,1,pro_1546,9,0.9542425094393248
NC(=O)c1cn(nc1Nc1ccnc(F)c1)C1(CC#N)CCC(CC1)NCc1ccc(Cl)cc1,1,pro_1546,2,0.3010299956639812
CO[C@H]1CC[C@@H](CC1)N1C(=O)CNc2ncc(nc12)-c1ccc(nc1)C(C)(C)O,1,pro_6088,33000,4.518513939877888
CC1CCN(CC1)S(=O)(=O)c1ccc2[nH]c(=O)cc(C(=O)NCCCN3CCCC3)c2c1,0,pro_5516,100000,5.0
Cc1cc(Cl)cnc1C(=O)Nc1ccc2OCC[C@@H]3[C@](C)(N=C(N)C(C)(C)S3(=O)=O)c2c1,1,pro_5516,6,0.7781512503836436
CN(C)c1ccc(NC(=O)CCCCOc2ccc(cc2)S(=O)(=O)C2(CCOCC2)C(=O)NO)cc1,1,pro_2218,1,0.0
COc1cc(N(C)CCN(C)C)c(NC(=O)C=C)cc1Nc1ncc(Cl)c(n1)-c1cnn2ccccc12,0,pro_2281,145000,5.161368002234975
NC\C(COc1ccc(cc1)S(=O)(=O)Cn1ccccc1=O)=C/F,1,pro_2714,30000,4.477121254719663
COc1ccc2cc(ccc2c1)-c1cc(nn1[C@@H](C)c1ccc(cc1)C(=O)NCCC(O)=O)-c1cc(Cl)cc(Cl)c1,0,pro_6167,60000,4.778151250383644
CS(=O)(=O)c1ccc(cc1)-c1occ(Cl)c(=O)c1-c1cccnc1,0,pro_3741,7048553,6.848099969670036
COc1cnc(cn1)C(=O)Nc1ccc2Oc3c(F)nc(cc3C3(CCOC(N)=N3)c2c1)C1CC1,1,pro_5516,5,0.6989700043360189
CC1(C)C[C@H]2[C@H]1CC[C@@](C)(O)[C@H](O)CCC2=C,1,pro_3129,44010,4.643551368562945
CN1CCN(CC1)c1ccc(Nc2ncc3C(=O)CC4CCCCN4c3n2)nc1,0,pro_2228,100000,5.0
CCOC(=O)C1C2CCCCN2c2nc(Nc3ccc(cn3)N3CCN(C)CC3)ncc2C1=O,0,pro_2228,100000,5.0
Nc1nnc(c(N)n1)-c1cccc(Cl)c1Cl,0,pro_6088,251189,5.40000061697638
Nc1nnc(c(N)n1)-c1cccc(Cl)c1Cl,0,pro_6088,251189,5.40000061697638
COc1ccc(cc1)-c1ccc(cc1)S(=O)(=O)N[C@H](C1CCC(CC1)N1CCNC1=O)C(O)=O,1,pro_2218,1,0.0
Cc1nnn(C)c1-c1cnc2c(c1)n([C@@H](C1CCOCC1)c1ccccc1F)c1c(ccc(N3CCCS3(=O)=O)c21)S(C)(=O)=O,1,pro_570,1,0.0
Cc1nnn(C)c1-c1cnc2c(c1)n([C@@H](C1CCOCC1)c1ccc(F)cc1)c1c(ccc(N3CCCS3(=O)=O)c21)S(C)(=O)=O,1,pro_570,1,0.0
Cc1nnn(C)c1-c1cnc2c(c1)n([C@@H](C1CCOCC1)c1ccccc1)c1c(ccc(N3CCCS3(=O)=O)c21)S(C)(=O)=O,1,pro_570,1,0.0
Cc1nccc(n1)N1CCc2cc(ccc12)C1(CCC1)C(=O)Nc1ccc(F)cc1,1,pro_171,5,0.6989700043360189
COc1ccc(CN2CCC(CC2)NCCCCCCCCN2C(=O)c3ccccc3C2=O)cc1,1,pro_2892,43340,4.636888906983799
CN1C(N)=N[C@]2(CN(C[C@H]2C1=O)c1ccc(F)cc1)c1cc(cs1)-c1cccc(c1)C#N,1,pro_6167,30000,4.477121254719663
N[C@@H](CCN(Cc1ccccc1)Cc1ccccc1)C(=O)N1CCCCC1,0,pro_2655,266000,5.424881636631067
O=C(NCC#N)c1ccc(cc1)-c1ccnc(Nc2ccc(cc2)N2CCC(CC2)N2CCC3(CCC(=O)O3)CC2)n1,1,pro_1546,6,0.7781512503836436
COc1ccc(OC(=O)\C=C\c2ccccc2C(F)(F)F)cc1,0,pro_2714,100000,5.0
COc1ccc(OC(=O)\C=C\c2ccccc2Cl)cc1,0,pro_2714,100000,5.0
C(N1CCC=CC1)c1ccccc1,0,pro_634,6536800,6.815365197490756
Cn1c2nc(OCCNC[C@H]3CN(C(=O)O3)c3cnc4SCC(=O)Nc4n3)cnc2ccc1=O,0,pro_6088,150000,5.176091259055681
COc1ccc2cc3-c4cc5OCOc5cc4CCn3c(=O)c2c1OC,0,pro_5467,100000,5.0
FC(F)(F)c1cc(NCc2cccc3sccc23)c2cn[nH]c2c1,0,pro_171,100000,5.0
N.OC(=O)c1cc(ccc1O)-c1ccc(CNc2ccc(cc2)C(=O)c2ccc(NC(=O)CCCC#C)cc2)o1,1,pro_3741,36000,4.556302500767288
CS(=O)(=O)Nc1ccc(cc1)-c1ccnc(Nc2ccc(CN3CCS(=O)(=O)CC3)cc2)n1,1,pro_1546,2,0.3010299956639812
CCOc1cccnc1Oc1cncc(c1)-c1ncc(cn1)C(=O)N[C@H]1CCOC1,0,pro_6167,100000,5.0
CCOc1cccnc1Oc1cncc(c1)-c1ncc(cn1)C(=O)N[C@H]1CCOC1,0,pro_6167,100000,5.0
COc1ccccc1Oc1ccccc1CN1CCC2(CC1)CCN(CC2)C(=O)c1ccccc1-c1nnn[nH]1,0,pro_6088,512861384,8.710000000007312
O=c1n([se]c2ccccc12)-c1ccccc1,1,pro_2892,41010,4.612889769287484
CC(C)(O)C(=O)c1oc2nc(-c3ccccc3Cl)c(cc2c1NC(=O)CO)-c1ccc(Cl)cc1,0,pro_6167,100000,5.0
Brc1ccc(cc1)C(=O)Oc1ccc(\C=N\Nc2nnc3c(n2)[nH]c2ccccc32)cc1,0,pro_427,800000,5.903089986991944
Nc1c2CCCOc2nc2cnccc12,1,pro_5467,41687,4.620000642300068
CC([C@@H]1[C@H]2C[C@@H](C[C@@H]12)Oc1ccnc2ccc(F)cc12)C(=O)Nc1ccc(nn1)C(F)(F)F,1,pro_171,5,0.6989700043360189
CC([C@@H]1[C@H]2C[C@@H](C[C@@H]12)Oc1ccnc2ccc(F)cc12)C(=O)Nc1ccc(nn1)C#N,1,pro_171,4,0.6020599913279624
CCC([C@@H]1[C@H]2C[C@@H](C[C@@H]12)Oc1ccnc2ccc(F)cc12)C(=O)Nc1ccc(nn1)C#N,1,pro_171,5,0.6989700043360189
C(CN1CCCC1)Oc1ccc(Oc2ccncc2)cc1,0,pro_3741,100000,5.0
O=C(Nc1ccc2cnccc2c1)[C@@H]1CC1c1ccc(cc1)S(=O)(=O)Nc1ccccn1,1,pro_1546,2,0.3010299956639812
Fc1ccc(NS(=O)(=O)c2ccc(cc2)C2C[C@H]2C(=O)Nc2ccc3cncc(Cl)c3c2)nc1,1,pro_1546,2,0.3010299956639812
N[C@H]1C[C@H](CC[C@@H]1c1cc(F)c(F)cc1F)N1Cc2nn3cccnc3c2C1,1,pro_2655,3,0.4771212547196624
Cc1cc(nc2c3CN(Cc3nn12)[C@H]1CC[C@@H]([C@@H](N)C1)c1cc(F)c(F)cc1F)C(F)(F)F,1,pro_2655,1,0.0
N[C@H]1C[C@H](CC[C@@H]1c1cc(F)c(F)cc1F)N1Cc2nn3c(ccnc3c2C1)C(F)(F)F,1,pro_2655,1,0.0
O=C(N1Cc2ccccc2C1)N1CCC[C@H]1CN1CCCC1,1,pro_6088,28461,4.454250155300345
CC(C)CC(CC(=O)N(C)[C@@H](Cc1ccccc1)C(N)=O)NC(=O)[C@H](CCCNC(N)=N)NC(=O)c1ccc(OC2CCNCC2)cc1,1,pro_2228,40380,4.606166314607621
CCCCn1c(C)c2C(=O)N(CN3CCN(CC3)S(C)(=O)=O)C(=O)c2c1C,1,pro_3741,43000,4.633468455579586
COc1ccc(cn1)[C@]1(O)CC[C@@H](CC1)N1CC[C@H](C1)NC(=O)CNC(=O)c1cccc(c1)C(F)(F)F,0,pro_6088,84000,4.924279286061882
CN1CCC=C(C1)c1nsnc1OCCCOCC(=O)NCCCCCCCCNc1c2CCCCc2nc2ccccc12,1,pro_2892,6,0.7781512503836436
CN1CCC=C(C1)c1nsnc1OCCCOCC(=O)NCCCCCCCCNc1c2CCCCc2nc2ccccc12,1,pro_2892,6,0.7781512503836436
Cn1ncnc1-c1cc(F)ccc1CNC(=O)c1nc(C2CCOC2)n(C)c(=O)c1O,1,pro_427,6,0.7781512503836436
COC1COCCC1N[C@@H]1C[C@H]2CCC[C@]2(C1)C(=O)N1CCc2ncc(OC(C)C)cc2C1,1,pro_6088,46900,4.671172842715083
COC1COCCC1N[C@@H]1C[C@H]2CCC[C@]2(C1)C(=O)N1CCc2ncc(OC)cc2C1,1,pro_6088,46600,4.66838591669
N#Cc1ccc(SCCc2ccccc2)cc1,0,pro_2714,54300,4.734799829588847
N[C@@H](CCNCC1CCCCC1)C(=O)N1CCCCC1,0,pro_2655,496000,5.695481676490197
C(Cc1ccccc1)Oc1ccc2OCOc2c1,0,pro_2714,87700,4.94299959336604
CN1CCC(CC1)NC(=O)c1ccc(Nc2ncc(C)c(Nc3ccc4CCN(c4c3)S(=O)(=O)C(C)(C)C)n2)cc1F,1,pro_570,8,0.9030899869919436
C(c1nnn[nH]1)c1cccnc1,1,pro_2218,48000,4.681241237375588
COC(=O)CCCCCNC(=O)[C@H](Cc1ccccc1)NC(=O)Cn1c2ccccc2nc(C)c1=O,0,pro_2218,11520000,7.061452479087193
CCCNC(=O)[C@H](Cc1ccccc1)NC(=O)Cn1c2ccccc2nc(C)c1=O,0,pro_2218,56600,4.752816431188272
COC(=O)CCCNC(=O)[C@H](Cc1ccccc1)NC(=O)Cn1c2ccccc2nc(C)c1=O,0,pro_2218,2757800,6.440562767261921
CCN(CC)C(=O)[C@H](Cc1ccccc1)NC(=O)Cn1c2ccccc2nc(C)c1=O,0,pro_2218,105300,5.022428371185487
CCCCNC(=O)[C@H](Cc1ccccc1)NC(=O)Cn1c2ccccc2nc(C)c1=O,0,pro_2218,106000,5.02530586526477
CC(C)NC(=O)[C@H](Cc1ccccc1)NC(=O)Cn1c2ccccc2nc(C)c1=O,0,pro_2218,9426500,6.974350471863453
COC(=O)CCC(NC(=O)[C@H](Cc1ccccc1)NC(=O)Cn1c2ccccc2nc(C)c1=O)SC,0,pro_2218,1920500,6.283414311501195
CCN1CCc2c(C1)scc2[C@H](Nc1cc(Cl)c2ncc(C#N)c(Nc3ccc(F)c(Cl)c3)c2c1)C1=CN(NN1)C(C)C,1,pro_2281,3,0.4771212547196624
Cc1nc(F)ccc1[C@H](Nc1cc(C#N)c2ncc(C#N)c(NCC(C)(C)C)c2c1)C1=CN(Cc2c(F)cccc2F)NN1,1,pro_2281,4,0.6020599913279624
Cc1cccnc1CN1CCC2(CC1)N(C(=O)N(C2=O)c1ccc(cc1)C1CCCCC1)c1cc(=O)[nH]cn1,1,pro_6167,40000,4.6020599913279625
Oc1ccc(cc1)-c1nnc(Cc2nc3ccccc3[nH]2)o1,0,pro_2281,100000,5.0
C(c1nc2ccccc2[nH]1)c1nnc(o1)-c1ccccc1,1,pro_2281,31769,4.50200354465664
Oc1ccc(cc1)-c1nnc(Cc2nc3ccccc3[nH]2)o1,0,pro_2281,100000,5.0
Nc1ccc(O)c(c1)-c1nnc(Cc2nc3ccccc3[nH]2)o1,0,pro_2281,69984,4.844998761357543
COc1cccc(-c2nnc(Cc3nc4ccccc4[nH]3)o2)c1OC,0,pro_2281,60954,4.785002210707916
OC(=O)c1ccccc1-c1nnc(Cc2nc3ccccc3[nH]2)o1,0,pro_2281,100000,5.0
Cc1ccc(cc1)-c1nnc(Cc2nc3ccccc3[nH]2)o1,0,pro_2281,100000,5.0
CC(=O)c1ccccc1-c1nnc(Cc2nc3ccccc3[nH]2)o1,0,pro_2281,65400,4.815577748324268
Clc1ccc2nc(Cc3nnc(o3)-c3ccccc3Cl)[nH]c2c1,1,pro_2281,33189,4.520994167111087
OC(=O)c1ccccc1-c1nnc(Cc2nc3ccccc3[nH]2)o1,0,pro_2281,100000,5.0
Fc1ccc(cc1)-c1nnc(Cc2nc3ccccc3[nH]2)o1,0,pro_2281,100000,5.0
Cc1nc2ccccc2n(CC(=O)NN)c1=O,0,pro_2218,98020,4.991314698176611
CN(C)C\C=C\C(=O)Nc1cccc(c1)-c1cnc2[nH]cc(Cl)c2c1,0,pro_1546,100000,5.0
CC(=O)OC1=C(C(=O)c2ccccc12)c1ccccc1,0,pro_171,266000,5.424881636631067
[Br-].Cc1cc(=O)oc2cc(OCc3cc[n+](Cc4ccc(Br)cc4)cc3)ccc12,1,pro_3129,4,0.6020599913279624
[Br-].Cc1cc(=O)oc2cc(OCc3cc[n+](Cc4ccc(F)cc4)cc3)ccc12,1,pro_3129,3,0.4771212547196624
[Br-].Cc1cccc(C[n+]2ccc(COc3ccc4c(C)cc(=O)oc4c3)cc2)c1,1,pro_3129,2,0.3010299956639812
[Br-].Cc1cc(=O)oc2cc(OCc3cc[n+](Cc4ccccc4F)cc3)ccc12,1,pro_3129,1,0.0
[Br-].Cc1cc(=O)oc2cc(OCc3cc[n+](Cc4cccc(F)c4)cc3)ccc12,1,pro_3129,2,0.3010299956639812
[Br-].Cc1ccccc1C[n+]1ccc(COc2ccc3c(C)cc(=O)oc3c2)cc1,1,pro_3129,1,0.0
[Br-].Cc1cc(=O)oc2cc(OCc3cc[n+](Cc4cccc(c4)[N+]([O-])=O)cc3)ccc12,1,pro_3129,4,0.6020599913279624
[Br-].Cc1cc(=O)oc2cc(OCc3cc[n+](Cc4cccc(Br)c4)cc3)ccc12,1,pro_3129,4,0.6020599913279624
[Br-].Cc1ccc(C[n+]2ccc(COc3ccc4c(C)cc(=O)oc4c3)cc2)cc1,1,pro_3129,7,0.8450980400142568
CCc1cc2c(N\N=C/c3cccs3)nc(C)nc2s1,0,pro_2228,66100,4.820201459485641
CCc1c(C)sc2ncnc(N\N=C/c3cccs3)c12,1,pro_2228,39600,4.597695185925512
NCCCCC(NC(=O)OCc1ccccc1)C(=O)N1CCCCC1,0,pro_2655,134900,5.130011949671904
NC1CCC(CC1)N[C@H]1C[C@@H]1c1ccc(OCc2cccnc2)cc1,0,pro_2714,100000,5.0
C[C@H](C[C@@H](O)[C@](C)(O)[C@H]1CC[C@@]2(O)C3=CC(=O)[C@@H]4C[C@@H](O)[C@@H](O)C[C@]4(C)[C@H]3CC[C@]12C)C(C)(C)O,0,pro_6167,100000,5.0
CCCCNC(=O)NCc1ccc(CN2C(N)=NC(C)(CC(C)C)C2=O)cc1,0,pro_5516,78000,4.892094602690481
NCCCc1cc(-c2ccc[nH]2)c2C(=O)Nc3ccc(F)c1c23,1,pro_2228,7,0.8450980400142568
Fc1ccc2NC(=O)c3c(cc(CCC#N)c1c23)-c1ccc[nH]1,1,pro_2228,5,0.6989700043360189
NCCSc1cc(-c2ccc[nH]2)c2C(=O)Nc3ccc(F)c1c23,1,pro_2228,3,0.4771212547196624
COc1ccc(cc1)-c1c([nH]c2ccccc12)-c1ccc(cc1)S(N)(=O)=O,1,pro_3741,6,0.7781512503836436
NS(=O)(=O)c1ccc(cc1)-c1[nH]c2ccc(Br)cc2c1-c1ccccc1,1,pro_3741,5,0.6989700043360189
CS(=O)(=O)c1ccc(cc1)-c1[nH]c2ccc(Br)cc2c1-c1ccccc1,1,pro_3741,1,0.0
NS(=O)(=O)c1ccc(cc1)-c1[nH]c2ccccc2c1-c1ccc(Br)cc1,1,pro_3741,8,0.9030899869919436
NS(=O)(=O)c1ccc(cc1)-c1[nH]c2ccccc2c1-c1ccc(O)cc1,1,pro_3741,6,0.7781512503836436
NS(=O)(=O)c1ccc(cc1)-c1[nH]c2ccc(F)cc2c1-c1ccccc1,1,pro_3741,2,0.3010299956639812
CS(=O)(=O)c1ccc(cc1)-c1[nH]c2ccc(F)cc2c1-c1ccccc1,1,pro_3741,5,0.6989700043360189
COc1cc2c(cc1-c1c(C)noc1C)[nH]c1nc(C)nc(Nc3cc(nn3C)C(C)C)c21,1,pro_570,6,0.7781512503836436
COc1cc2c(cc1-c1c(C)noc1C)[nH]c1nc(C)nc(Nc3cc(C)nn3C(C)(C)C)c21,1,pro_570,4,0.6020599913279624
COc1cc2c(cc1-c1c(C)noc1C)[nH]c1nc(C)nc(Nc3cc(C)nn3C)c21,1,pro_570,9,0.9542425094393248
Oc1ccc2C(=O)N(Cc3ccccc3)C(=O)c2c1O,0,pro_427,72000,4.857332496431268
Oc1ccc2C(=O)N(Cc3cc(F)cc(F)c3)C(=O)c2c1O,1,pro_427,48000,4.681241237375588
Oc1ccc2C(=O)N(Cc3c(F)cccc3F)C(=O)c2c1O,0,pro_427,103000,5.012837224705172
Oc1ccc2C(=O)N(Cc3cccc(I)c3)C(=O)c2c1O,0,pro_427,85000,4.929418925714293
Oc1ccc2C(=O)N(Cc3c(F)ccc(F)c3Cl)C(=O)c2c1O,1,pro_427,34000,4.531478917042255
Oc1ccc2C(=O)N(Cc3ccc(F)c(F)c3)C(=O)c2c1O,1,pro_427,27000,4.431363764158988
Oc1ccc2C(=O)N(Cc3c(F)c(F)c(F)c(F)c3F)C(=O)c2c1O,1,pro_427,41000,4.612783856719736
Oc1ccc2C(=O)N(Cc3cc(F)c(F)cc3F)C(=O)c2c1O,0,pro_427,54000,4.732393759822968
Oc1ccc2C(=O)N(Cc3c(F)cccc3Cl)C(=O)c2c1O,0,pro_427,54000,4.732393759822968
Oc1ccc2C(=O)N(Cc3ccc(Cl)c(F)c3)C(=O)c2c1O,0,pro_427,58000,4.763427993562937
CCC1(CCN(CC1)C(=O)OC(C)(C)C)n1nc(Nc2ccc(cc2)C2CCNCC2)c2c1cc[nH]c2=O,1,pro_1546,1,0.0
COc1ccccc1CNc1n[nH]c(NCc2ccccc2OC)n1,0,pro_634,100000,5.0
COc1ccccc1CNc1n[nH]c(NCc2ccccc2OC)n1,0,pro_634,100000,5.0
Cc1c(N[C@H]2CCCNC2)nc2ccnn2c1Nc1ccc(cc1)C(=O)NC1CCCC1,1,pro_2228,49000,4.690196080028514
COc1ccccc1CN(CCCCCCCCN(Cc1ccccc1OC)C(=O)CCCCCN)C(=O)CCCCCN,1,pro_5467,33113,4.519998529118848
N[C@H]1C[C@H](CCO[C@@H]1c1cc(F)ccc1F)N1Cc2[nH]nc(C(N)=O)c2C1,1,pro_2655,2,0.3010299956639812
CC(=O)NCCc1c[nH]c2ccc(OC(=O)NCCCCCCCNc3c4CCCCc4nc4cc(Cl)ccc34)cc12,1,pro_5467,7,0.8450980400142568
CC#CCn1c(nc2n(C3CC3)c(=O)n(Cc3nc(-c4ccccc4)c4ccccc4n3)c(=O)c12)N1CCCC(N)C1,1,pro_2655,6,0.7781512503836436
C[C@H]1C[C@@H](Nc2ccc(Cl)cc2)c2cc(ccc2N1C(C)=O)-c1ccc(cc1)C(O)=O,1,pro_570,3,0.4771212547196624
CCC(C)[C@H](N)C(=O)NC(CC)P(=O)(Oc1ccccc1)Oc1ccccc1,0,pro_2655,1000000,6.0
CCC(C)[C@H](N)C(=O)NC(C(CC)CC)P(=O)(Oc1ccccc1)Oc1ccccc1,0,pro_2655,1000000,6.0
CCCC(NC(=O)[C@@H](N)C(C)CC)P(=O)(Oc1ccccc1)Oc1ccccc1,0,pro_2655,1000000,6.0
CC(NC(=O)[C@@H](N)CO)P(=O)(Oc1ccccc1)Oc1ccccc1,0,pro_2655,500000,5.698970004336019
CCC(C)[C@H](N)C(=O)NC(CC(C)C)P(=O)(Oc1ccccc1)Oc1ccccc1,0,pro_2655,1000000,6.0
CC(C)[C@H](N)C(=O)NC(C)P(=O)(Oc1ccccc1)Oc1ccccc1,0,pro_2655,500000,5.698970004336019
CCC(C)[C@H](N)C(=O)NC(C(C)C)P(=O)(Oc1ccccc1)Oc1ccccc1,0,pro_2655,1000000,6.0
CC(NC(=O)CN)P(=O)(Oc1ccccc1)Oc1ccccc1,0,pro_2655,500000,5.698970004336019
CCC(C)[C@H](N)C(=O)NC(C(C)CC)P(=O)(Oc1ccccc1)Oc1ccccc1,0,pro_2655,1000000,6.0
C(CNc1ccc(nn1)-c1ccccc1)CN1CCc2ccccc2C1,1,pro_5467,35000,4.544068044350276
CC(CS(=O)(=O)c1ccc(Oc2ccccc2)cc1)(NCCc1ccccc1)C(=O)NO,1,pro_2218,1,0.0
COc1cc(cc2OCOc12)[C@H]1OC(=O)[C@H]2[C@@H]1[C@H](O)O[C@@H]2c1ccc(OC)c(OC)c1,1,pro_5467,3,0.4771212547196624
O\N=C(/Nc1ccc(F)c(Cl)c1)C(=O)N1CCC(CC1)c1ccccc1,0,pro_171,60000,4.778151250383644
CC(C(=O)NCCCCCCNc1c2CCCCc2nc2ccccc12)c1ccc(c(F)c1)-c1ccc(OCCO[N+]([O-])=O)cc1,1,pro_3129,2,0.3010299956639812
CC(C(=O)NCCCCCCNc1c2CCCCc2nc2ccccc12)c1ccc(c(F)c1)-c1ccc(OCCCCO[N+]([O-])=O)cc1,1,pro_3129,1,0.0
CC(C(=O)NCCCCCCNc1c2CCCCc2nc2ccccc12)c1ccc(c(F)c1)-c1ccccc1,1,pro_3129,3,0.4771212547196624
CC(C(=O)NCCCCCCNc1c2CCCCc2nc2ccccc12)c1ccc(c(F)c1)-c1ccc(OCCCO[N+]([O-])=O)cc1,1,pro_3129,2,0.3010299956639812
COc1ccc(cc1)S(=O)(=O)N(CC(=O)NC1CCCCC1)C(CCSCc1ccccc1)C(=O)NO,1,pro_2218,1,0.0
Cc1noc(C)c1-c1cnc2c(c1)n([C@@H](C1CCOCC1)c1ccc(F)cc1)c1cc(ccc21)S(C)(=O)=O,1,pro_570,5,0.6989700043360189
Cc1noc(C)c1-c1cnc2c(c1)n([C@H](C1CCOCC1)c1cc(F)ccc1F)c1cc(ccc21)C(C)(C)O,1,pro_570,5,0.6989700043360189
Cc1noc(C)c1-c1cnc2c(c1)n([C@H](C1CCOCC1)c1ccc(F)cc1F)c1cc(ccc21)C(C)(C)O,1,pro_570,5,0.6989700043360189
Cc1noc(C)c1-c1cnc2c(c1)n([C@H](C1CCOCC1)c1ccc(F)cc1)c1c(F)c(ccc21)C(C)(C)O,1,pro_570,5,0.6989700043360189
Cc1noc(C)c1-c1cnc2c(c1)n([C@@H](C1CCOCC1)c1ccc(F)cc1)c1cc(ccc21)C(C)(C)O,1,pro_570,5,0.6989700043360189
Cc1noc(C)c1-c1cnc2c(c1)n([C@@H](C1CCOCC1)c1ccccc1F)c1cc(ccc21)C(C)(C)O,1,pro_570,5,0.6989700043360189
Cc1noc(C)c1-c1cnc2c(c1)n([C@H](C1CCOCC1)c1c(F)cc(F)cc1F)c1cc(ccc21)C(C)(C)O,1,pro_570,5,0.6989700043360189
Cc1noc(C)c1-c1cnc2c(c1)n([C@@H](C1CCOCC1)c1ccccc1)c1cc(cc(F)c21)C(C)(C)O,1,pro_570,5,0.6989700043360189
Cc1noc(C)c1-c1cnc2c(c1)n([C@@H](C1CCOCC1)c1ccccc1)c1cc(ccc21)S(C)(=O)=O,1,pro_570,5,0.6989700043360189
Cc1noc(C)c1-c1cnc2c(c1)n([C@H](C1CCOCC1)c1ccccc1F)c1cc(ccc21)S(C)(=O)=O,1,pro_570,5,0.6989700043360189
COc1ccc(c2n([C@@H](C3CCOCC3)c3ccc(F)cc3)c3cc(cnc3c12)-c1c(C)noc1C)S(C)(=O)=O,1,pro_570,5,0.6989700043360189
COc1ccc(c2n([C@@H](C3CCOCC3)c3ccccc3)c3cc(cnc3c12)-c1c(C)noc1C)S(C)(=O)=O,1,pro_570,5,0.6989700043360189
Fc1ccc(NC(=O)C2(COC2)c2ccc(cc2)-n2cnc(cc2=O)C2CC2)cc1,0,pro_6088,60000000,7.778151250383644
COc1cccc(NCc2nnc3SCC(=Nn23)c2cccc(OC)c2)c1,1,pro_171,30000,4.477121254719663
Clc1ccc(cc1)-c1cc(=O)c2cc(Cn3cc(COc4ccc(CNC5CC5)cc4)nn3)ccc2o1,0,pro_634,93900,4.972665592266111
O=C(Nc1ccccc1)c1ccn[nH]1,0,pro_2228,97000,4.986771734266245
Nc1cn[nH]c1C(=O)Nc1ccc(F)cc1,0,pro_2228,85000,4.929418925714293
OC[C@H]1O[C@@H](Oc2cc(O)c3c(c2)occ(-c2ccc(O)cc2)c3=O)[C@H](O)[C@@H](O)[C@@H]1O,0,pro_2281,231000,5.363611979892144
COc1ccc(cc1)C(CCc1ccc(O)cc1OC)c1c(O)cc(OC)cc1\C=C\c1ccc(O)cc1,1,pro_2655,39100,4.592176757395867
COc1cc(O)ccc1CCC(c1ccc(O)cc1)c1c(OC)cc(O)cc1\C=C\c1ccc(O)cc1,1,pro_2655,40200,4.60422605308447
C[C@@H]([C@H]1[C@H](O)C[C@@]2(C)[C@@H]3CC[C@H]4[C@@H](C)[C@H](CCC4=CC3=CC[C@]12C)N(C)C)N(C)C,1,pro_5467,25800,4.41161970596323
COC(=O)N1[C@@H](C)CCc2c1ccc1n(CC(=O)NCC3CCOCC3)c(CCn3ccccc3=O)nc21,0,pro_570,50500,4.703291378118662
CN1CC(CC1=O)NC(=O)N1CCc2nc(OCc3c(C)nnn3-c3ccc(F)cc3)ccc2C1,1,pro_6088,30000,4.477121254719663
CCS(=O)(=O)N1CC(CC#N)(C1)n1ccc(c1)-c1c(cnc2[nH]ccc12)C#N,1,pro_6088,30000,4.477121254719663
C[C@H]1c2[nH]c3c(cccc3c2Cc2c(O)n(C)c(=S)n12)-c1ccccc1,0,pro_171,81100,4.909020854211156
CC[C@@H]1[C@H]2N3CC[C@@]22C(=Nc4ccccc24)C([C@H]1CC3)C(=O)OC,0,pro_2892,108000,5.033423755486949
Cc1cc(c(SCc2ccccc2)cc1Cl)S(=O)(=O)Nc1nc(=O)c2ccccc2n1C,0,pro_427,100000,5.0
COc1ccc(cc1)C(=O)CNc1cc(O)c2c(CCNC(=O)OC(C)(C)C)cn(c2c1O)S(=O)(=O)c1ccc(C)cc1,1,pro_171,26900,4.429752280002408
c1nc2ncccn2c1-c1ccncc1,0,pro_5516,1008000,6.003460532109506
OC[C@H](c1ccccc1)n1cc(C(O)=O)c(=O)c2cc(Cc3cccc(Cl)c3F)ccc12,1,pro_427,9,0.9542425094393248
CN(c1cccn(O)c1=O)S(=O)(=O)c1ccc(Oc2ccc(C)cc2)cc1,1,pro_2218,6,0.7781512503836436
CN(c1cccn(O)c1=O)S(=O)(=O)c1ccc(Oc2ccc(OC(F)(F)F)cc2)cc1,1,pro_2218,5,0.6989700043360189
COc1ccc(Oc2ccc(cc2)S(=O)(=O)N(C)c2cccn(O)c2=O)cc1,1,pro_2218,5,0.6989700043360189
CCN(c1cccn(O)c1=O)S(=O)(=O)c1ccc(Oc2ccccc2)cc1,1,pro_2218,6,0.7781512503836436
Cc1cccnc1NC(=O)c1cnn2ccc(nc12)N1CCC[C@@H]1c1cc(F)ccc1F,1,pro_1546,2,0.3010299956639812
Oc1c(Br)cc(CN=Nc2nc(Nc3ccccc3)nc(Nc3ccccc3)n2)cc1Br,0,pro_5516,53900,4.731588765186738
Oc1c(I)cc(I)cc1CN=Nc1nc(Nc2ccccc2)nc(Nc2ccccc2)n1,1,pro_5516,25500,4.406540180433956
Clc1ccc(CN=Nc2nc(Nc3ccccc3)nc(Nc3ccccc3)n2)cc1Cl,0,pro_5516,100000,5.0
O=C(Nc1ccc(CN2CCOCC2)cc1)c1n[nH]cc1Nc1ncnc2ccccc12,1,pro_2228,5,0.6989700043360189
C(CCN1CCC(Cc2ccccc2)CC1)CNCc1cccnc1,1,pro_2892,7,0.8450980400142568
N[C@H]1CN(Cc2ccc(cc2)-c2cc[nH]n2)C[C@H]1C(=O)N1CCC[C@H]1C#N,1,pro_2655,6,0.7781512503836436
Nc1ncnc2n(nc(-c3ccc4ccccc4c3)c12)[C@@H]1CCCN(C1)C(=O)C=C,1,pro_2281,1,0.0
CN(C)c1ncc(\C=C\c2c(F)cccc2F)cn1,1,pro_6088,40500,4.607455023214668
FC(F)(F)c1ccc2c(c1)S(=O)(=O)N=S2c1ccc(Br)cc1,1,pro_2281,40000,4.6020599913279625
Fc1ccc2c(c1)S(=O)(=O)N=S2c1ccc(Br)cc1,1,pro_2281,40000,4.6020599913279625
COC(=O)N1[C@@H](C)CCc2c1ccc1[nH]c(CCc3ccccn3)nc21,0,pro_570,50500,4.703291378118662
CCN1CC(C1)n1nccc1-c1cc(Cl)ccc1Oc1cc(F)c(cc1F)S(=O)(=O)Nc1cscn1,1,pro_6167,30000,4.477121254719663
OC(=O)Cc1sc(\C=C2/NC(=O)CS2)nc1-c1ccccc1,1,pro_2218,30000,4.477121254719663
COC(=O)c1c(noc1-c1ccccc1)-c1ccc(Cl)o1,0,pro_3741,100000,5.0
NC(=S)N1N=C(CC1c1ccco1)c1ccc[nH]1,0,pro_634,69380,4.841234295506041
COc1cc2c[n+]3CCc4cc5OCOc5c(OC)c4-c3cc2c(CO)c1OC,0,pro_3129,63100,4.800029359244134
COC(=O)N1[C@@H](C)CCc2c1ccc1n(CCN(C)C3CCOCC3)c(CCn3ccccc3=O)nc21,0,pro_570,50500,4.703291378118662
NC(=O)c1cn(nc1Nc1ccc(nc1)C(F)(F)F)[C@H]1COCC[C@@H]1C#N,1,pro_1546,4,0.6020599913279624
NC(=O)c1cn(nc1Nc1ccc(OCC(F)(F)F)nc1)[C@H]1COCC[C@@H]1C#N,1,pro_1546,3,0.4771212547196624
CCc1ccc(cc1)C#Cc1ccc(s1)S(=O)(=O)N[C@H](Cc1c[nH]c2ccccc12)C(O)=O,1,pro_2218,1,0.0
CCCCc1ccc(cc1)C#Cc1ccc(s1)S(=O)(=O)N[C@H](Cc1c[nH]c2ccccc12)C(O)=O,1,pro_2218,4,0.6020599913279624
CCCCOc1ccc(cc1)C#Cc1ccc(s1)S(=O)(=O)N[C@H](Cc1c[nH]c2ccccc12)C(O)=O,1,pro_2218,3,0.4771212547196624
COc1ccc(CSc2ccc(C#N)c(c2)C#N)cc1,0,pro_2714,129000,5.110589710299249
CC(=O)Oc1ccccc1SCc1ccccc1,0,pro_3741,250000,5.3979400086720375
Brc1ccc(CSc2ccc(C#N)c(c2)C#N)cc1,0,pro_2714,218000,5.338456493604605
N#Cc1ccc(SCc2ccccc2)cc1,1,pro_2714,42400,4.627365856592733
Fc1ccc(CSc2ccc(cc2)C#N)cc1,0,pro_2714,54700,4.737987326333431
COc1cc(C=C(C#N)C#N)cc(CSc2ccccc2C(O)=O)c1O,1,pro_2281,36000,4.556302500767288
COc1cc2ncnc(Nc3cccc(Cl)c3F)c2cc1CN(C)C1(CCN(C)CC1)C(N)=O,1,pro_2281,9,0.9542425094393248
COc1cnc(cn1)C(=O)Nc1ccc2Oc3cnc(cc3C3(CCOC(N)=N3)c2c1)-c1ccnc(F)c1,1,pro_5516,2,0.3010299956639812
CNC(=O)c1cc(ccc1OC)-c1ccc2c(nc(nc2n1)N1CCOC[C@@H]1C)N1CCOC[C@@H]1C,1,pro_6088,32000,4.505149978319906
COc1ccc(cc1CO)-c1ccc2c(nc(nc2n1)N1CCOC[C@@H]1C)N1CCOC[C@@H]1C,1,pro_6088,30400,4.482873583608754
C[C@H]1COCCN1c1nc(N2CCOC[C@@H]2C)c2ccc(nc2n1)-c1cccc(c1)C(=O)NCCO,1,pro_6088,32000,4.505149978319906
C[C@H](Nc1ccc(C(N)=O)c2[nH]c3cc(ccc3c12)-c1cnn(C)c1)C(C)(C)C,1,pro_6088,29000,4.4623979978989565
O=C(CC1c2ccccc2-c2cncn12)Nc1ccccc1,1,pro_171,25930,4.413802516769351
COc1ccc2n(Cc3ccc(Br)cc3)c(C)c(CC(=O)OCCc3ccccc3)c2c1,0,pro_3741,66000,4.819543935541868
O=S(=O)(c1ccccc1)n1ccc2c(OCCNCCCCCCNc3c4CCCCc4nc4ccccc34)cccc12,1,pro_3129,4,0.6020599913279624
CO[C@H](C)C1CCN(CC1)S(=O)(=O)C[C@H]1C[C@H](C1)N(C)c1ncnc2[nH]ccc12,1,pro_1546,2,0.3010299956639812
OC1(O)C(=O)c2ccccc2C1=O,0,pro_5516,776000,5.889861721258188
CC1C(C(=O)N[C@@H](Cc2ccccc2)[C@H](O)CNC2CC2)=C(C)N(CCCOC(C)=O)C(C)=C1C(=O)OCc1ccccc1,1,pro_5516,26900,4.429752280002408
COC1(CCOCC1)c1cc(F)cc(OCCCN2CCc3c(C2)c2ccccc2n3C(=O)c2ccccc2)c1,0,pro_3741,101900,5.008174184006426
COc1ccc2n(C(=O)c3ccc(Cl)cc3)c3CCN(CCCOc4cc(F)cc(c4)C4(CCOCC4)OC)Cc3c2c1,0,pro_3741,197900,5.296445794206396
COc1ccc2n(C(=O)c3c(Cl)cc(Cl)cc3Cl)c3CCN(CCCOc4cc(F)cc(c4)C4(CCOCC4)OC)Cc3c2c1,0,pro_3741,100000,5.0
COc1ccc2n(C(=O)c3ccccc3F)c3CCN(CCCOc4cc(F)cc(c4)C4(CCOCC4)OC)Cc3c2c1,0,pro_3741,126000,5.100370545117563
OC(=O)[C@@H](Cc1c[nH]c2ccccc12)NS(=O)(=O)c1ccc(cc1)-c1nnn(n1)-c1ccc(Br)cc1,1,pro_2218,8,0.9030899869919436
Oc1ccc(cc1)-c1nc2c(O)cc(O)cc2s1,0,pro_2281,300000,5.477121254719663
Nc1ccc(cc1)-c1nc2ccccc2s1,0,pro_2218,100000,5.0
Oc1cc(O)c2nc(sc2c1)-c1ccc(O)c(O)c1,0,pro_2281,130000,5.113943352306837
COc1c2ccoc2[nH]c2c(OC)c(=O)ccc12,0,pro_5467,407000,5.60959440922522
OC(=O)[C@H]1[C@@H](OC(=O)\C1=C\c1ccc(O)c(O)c1)c1ccc(O)c(O)c1,1,pro_3741,42600,4.629409599102719
N#Cc1cc(ccc1N1CCC2(CCO2)C1)-c1ncnc(Nc2ccc(cc2)N2CCN(CC2)C2COC2)n1,0,pro_1546,258000,5.41161970596323
CN(Cc1ccco1)Cc1cccc(CCc2cccnc2N)c1,0,pro_5516,250000,5.3979400086720375
Cc1ccccc1-n1c(SCC(=O)N\N=C\c2ccc(Br)cc2)nc2ccccc2c1=O,0,pro_2892,209800,5.321805483857539
COC(=O)N1[C@@H](C)CCc2c1ccc1n(CCNC3COC3)c(CCn3cccn3)nc21,0,pro_570,50500,4.703291378118662
O=C(Nc1[nH][nH]c2cccc12)C1CC1,1,pro_2228,5,0.6989700043360189
C[C@@H]1CC[C@H]2[C@@H](C)C(O)O[C@@H]3O[C@@]4(C)CC[C@@H]1[C@@]23OO4,0,pro_6167,125000,5.096910013008056
Cc1ccc(NS(=O)(=O)c2cccc3c(NC(=O)\C=C\c4ccc(O)c(O)c4)cccc23)cc1,0,pro_427,10000000,7.0
CC(=O)Oc1ccc(\C=C\C(=O)Nc2cccc3c(cccc23)S(=O)(=O)Nc2ccc(Cl)cc2)cc1OC(C)=O,0,pro_427,84042701,7.924500001498619
CC(=O)Oc1ccc(\C=C\C(=O)Nc2cccc3c(cccc23)S(=O)(=O)Nc2ccc(Br)cc2)cc1OC(C)=O,0,pro_427,222228625,8.346799999154152
Oc1ccc(\C=C\C(=O)Nc2cccc3c(cccc23)S(=O)(=O)Nc2cccc(c2)[N+]([O-])=O)cc1O,0,pro_427,49023013,7.690399999879369
Cc1ccccc1NS(=O)(=O)c1cccc2c(NC(=O)\C=C\c3ccc(O)c(O)c3)cccc12,0,pro_427,10000000,7.0
Oc1ccc(\C=C\C(=O)Nc2cccc3c(cccc23)S(=O)(=O)Nc2ccc(F)cc2)cc1O,0,pro_427,10000000,7.0
CCCCCCNC(=O)OCn1nc(ccc1=O)-c1ccccc1OC,1,pro_3129,35000,4.544068044350276
Cc1cccc(Nc2ccccc2C(=O)NCCC(=O)NCCCCCCCNc2c3CCCCc3nc3cc(Cl)ccc23)c1C,1,pro_2892,6,0.7781512503836436
Cc1nc(C)c(COc2ccc(CC(O)C(=O)NCCCCCCNc3c4CCCCc4nc4ccccc34)cc2OCc2nc(C)c(C)nc2C)nc1C,1,pro_3129,1,0.0
N[C@@H](CNC(=O)[C@@H]1Cc2ccc(O)cc2CN1)[C@@H](O)c1ccc(cc1)[N+]([O-])=O,0,pro_2218,1000000,6.0
ONC(=O)CN(C1CCCc2ccccc12)C(=O)CN(C1CCCc2ccccc12)C(=O)Nc1ccc(Oc2ccccc2)cc1,0,pro_2218,60000,4.778151250383644
Cc1ccccc1COC(Cn1ccnc1)c1ccc(Cl)cc1Cl,1,pro_2892,37500,4.574031267727719
Cc1ccc(COC(Cn2ccnc2)c2ccc(Cl)cc2Cl)cc1,1,pro_2892,26900,4.429752280002408
Clc1ccc(C(Cn2ccnc2)OCc2ccccc2)c(Cl)c1,0,pro_2892,73700,4.867467487859051
Clc1ccc(COC(Cn2ccnc2)c2ccc(Cl)cc2Cl)c(Cl)c1,1,pro_6167,1,0.0
COc1cccc(COC(Cn2ccnc2)c2ccc(Cl)cc2Cl)c1,0,pro_2892,81300,4.910090545594068
CC(C)(C)c1ccc(COC(Cn2ccnc2)c2ccc(Cl)cc2Cl)cc1,1,pro_3129,46300,4.665580991017953
COc1ccc(COC(Cn2ccnc2)c2ccc(Cl)cc2Cl)cc1,0,pro_2892,73100,4.86391737695786
Fc1ccc(COC(Cn2ccnc2)c2ccc(Cl)cc2Cl)cc1,1,pro_2892,33000,4.518513939877888
Cc1cccc(COC(Cn2ccnc2)c2ccc(Cl)cc2Cl)c1,1,pro_2892,30700,4.487138375477187
NC1CC1c1cccc(OCC[C@H](NC(=O)c2ccccc2)C(=O)NCc2ccccc2)c1,0,pro_634,500000,5.698970004336019
NC1CC1c1cccc(OCC[C@H](NC(=O)c2ccccc2)C(=O)NCc2ccccc2)c1,0,pro_634,500000,5.698970004336019
O=C(NC(c1ccccc1)c1ccccc1)NS(=O)(=O)c1ccc(OCCCN2CCCCC2)cc1,0,pro_6088,100000,5.0
Nc1nc(Nc2ccc(OCCN3CCCCC3)cc2)nn1-c1cccc(Cl)n1,0,pro_5516,51000,4.707570176097937
Cc1cc(Nc2cc(nc3c(cnn23)-c2cnn(C)c2)C2CCCNC2)sn1,1,pro_2228,40000,4.6020599913279625
Nc1nnc([nH]1)N1CCC(CC1)N1C[C@H](CN2CCCCC2)OC[C@@H]1Cc1ccc(Cl)cc1,0,pro_6088,62500,4.795880017344075
Cc1nc2cc3CCN(CCSc4nnc(-c5cccc6nc(C)ccc56)n4C)CCc3cc2o1,0,pro_6088,50118,4.699993731789502
CCN(CC)Cc1ccccc1CNC(=O)c1cccc(c1)C(=O)Nc1cccs1,1,pro_3129,1,0.0
CCc1nc2ccc(Cl)cn2c1C(=O)NCc1ccc(cc1)N1CCC(CC1)c1ccc(OC(F)(F)F)cc1,0,pro_6167,100000,5.0
CCc1nc2cc(Cl)ccn2c1C(=O)NCc1ccc(cc1)N1CCC(CC1)c1ccc(OC(F)(F)F)cc1,0,pro_6167,100000,5.0
CCc1nc2ccc(Cl)cn2c1C(=O)NCc1ccc(cc1)N1CCC(CC1)c1ccc(F)cc1,1,pro_6167,40000,4.6020599913279625
Cc1cc(ccn1)-c1ccc2OCC3(COC3)C3(COC(N)=N3)c2c1,0,pro_5516,55400,4.743509764728429
COc1ccc(cc1)S(=O)(=O)N1CCN(CC[C@@H]1C(=O)NO)S(=O)(=O)c1cn(C)cn1,1,pro_2218,2,0.3010299956639812
NC(=O)c1nc(oc1N)-c1ccc(cc1)C(F)(F)F,1,pro_6167,30000,4.477121254719663
Cc1cc(CN2C[C@H](N)[C@@H](C2)C(=O)C2CCC[C@H]2C#N)ccc1C#N,1,pro_2655,1,0.0
CCc1cc(CN2C[C@H](N)[C@@H](C2)C(=O)C2CCC[C@H]2C#N)cc(CC)c1C#N,1,pro_2655,4,0.6020599913279624
Cc1cc(CN2C[C@H](N)[C@@H](C2)C(=O)C2CCC[C@H]2C#N)cc(C)c1C#N,1,pro_2655,1,0.0
COc1ccc(CCNC(=O)COc2ccc3ccc(=O)oc3c2)cc1OC,0,pro_3129,163000,5.212187604403958
CN(C)S(=O)(=O)c1ccc(Nc2nn(c3cc[nH]c(=O)c23)C2(CC#N)CCN(CC2)C(=O)CN2CCCC2=O)cc1,1,pro_1546,3,0.4771212547196624
Cc1c2COC(=O)c2ccc1[C@@H](O)CN1CCC2(CCN(C2)c2ccc(cn2)C#N)CC1,0,pro_6088,96000,4.982271233039569
COC(=O)N1[C@@H](C)CCc2c1ccc1n(C3CCS(=O)(=O)C3)c(nc21)C(C)Cn1cccn1,0,pro_570,50500,4.703291378118662
O=C(C1CC1)N1CCC(CC1)Oc1ccc2OC3(CCN(CC3)C3CCC3)CCc2c1,1,pro_6167,30000,4.477121254719663
CC1(COCC(N)=N1)c1cccc(NC(=O)c2cccnc2)c1,0,pro_5516,60000,4.778151250383644
CC(=O)Nc1ccc(cc1)-c1nc(Nc2ccc(cc2)N2CCOCC2)ncc1F,1,pro_1546,4,0.6020599913279624
Cc1cnc(Nc2ccc(cc2)N2CCOCC2)nc1-c1ccc(NC(=O)CCCCCCC(=O)NO)cc1,1,pro_1546,1,0.0
CC(=O)Nc1ccc(cc1)-c1nc(Nc2ccc(cc2)N2CCOCC2)ncc1C,1,pro_1546,5,0.6989700043360189
C[C@@H](N)C(=O)Nc1ccc(cc1)-c1ccnc(Nc2ccc(cc2)N2CCOCC2)n1,1,pro_1546,1,0.0
C[C@H](N)C(=O)Nc1ccc(cc1)-c1ccnc(Nc2ccc(cc2)N2CCOCC2)n1,1,pro_1546,8,0.9030899869919436
C[C@H]1CN(Cc2ccc(cc2)-c2cccnc2C(=O)N2CCC(CC2)Nc2ccc(F)cc2)C[C@@H](C)N1,0,pro_6167,100000,5.0
C[C@H]1CN(Cc2ccc(cc2)-c2cccnc2C(=O)N2CCC(CC2)Nc2ccc(F)cc2)C[C@@H](C)N1,0,pro_6167,100000,5.0
NS(=O)(=O)N1CCC(CC1)NC(=O)c1cnn2ccc(nc12)N1CCC[C@@H]1c1cc(F)ccc1F,1,pro_1546,1,0.0
CC[C@H](C)[C@H](NC(=O)[C@H](CC(C)C)NC(=O)[C@H](CCCNC(N)=N)NC(=O)c1ccn(c1)-c1cc(Cl)cc(Cl)c1)C(=O)N[C@@H](Cc1ccccc1)C(N)=O,0,pro_2228,180000,5.2552725051033065
CC[C@H](C)[C@H](NC(=O)[C@H](CC(C)C)NC(=O)[C@H](CCCNC(N)=N)NC(=O)c1ccn(c1)-c1ccc(Cl)cc1)C(=O)N[C@@H](Cc1ccccc1)C(N)=O,0,pro_2228,180000,5.2552725051033065
Clc1ccc(NC(=O)CN2C(=O)CNC2=O)cc1S(=O)(=O)C1CCCCC1,0,pro_570,50119,4.700002397142254
NC\C(COc1ccc(cc1)S(=O)(=O)C[C@H]1CCCO1)=C/F,1,pro_2714,30000,4.477121254719663
CCCc1nc(C)c2n1[nH]c(nc2=O)-c1cc(ccc1OCC)S(=O)(=O)N1CCN(CC)CC1,0,pro_6088,316228,5.500000321342935
CN([C@@H]1C[C@H](CS(=O)(=O)c2cccc3cccnc23)C1)c1ncnc2[nH]ccc12,1,pro_1546,1,0.0
Cl.C(CNCCc1ccnc(n1)-n1ccnc1)Cc1cccnc1,0,pro_6167,70000,4.845098040014257
CC(COc1ccn(-c2ccc(F)cc2)c(=O)c1)Oc1ccccc1,1,pro_6167,30000,4.477121254719663
C[C@@H](COc1ccn(-c2ccc(F)cc2)c(=O)c1)Oc1ccccc1,1,pro_6167,30000,4.477121254719663
O=C(Oc1ccco1)c1cccc(=O)[nH]1,0,pro_2218,111000,5.045322978786658
CCN(CCCCCOc1ccc(C(C)=O)c(O)c1)Cc1ccccc1,1,pro_3129,37200,4.570542939881897
CNC(=O)Oc1cccc(CN(C)CCCOc2ccc3C(=O)C(Oc3c2)=Cc2ccc3ccccc3c2)c1,1,pro_5467,3,0.4771212547196624
O=NCc1cccc[n+]1COCCOC[n+]1ccccc1CN=O,0,pro_2892,120000,5.079181246047625
O=C(CN1CCOCC1)Nc1ccc2nc3c4[nH]c5ccccc5c4ccn3c(=O)c2c1,1,pro_3129,28500,4.45484486000851
COC(=O)N1[C@@H](C)CCc2c1ccc1n(CCNCCN3CCNC3=O)c(CCn3ccccc3=O)nc21,0,pro_570,50500,4.703291378118662
O[C@@H]1Cc2c(O)cc(O)c([C@@H]3[C@@H](O)[C@H](Oc4c3c(O)cc(O)c4[C@@H]3[C@@H](O)[C@H](Oc4c([C@@H]5[C@@H](O)[C@H](Oc6c([C@@H]7[C@@H](O)[C@H](Oc8cc(O)cc(O)c78)c7ccc(O)c(O)c7)c(O)cc(O)c56)c5ccc(O)c(O)c5)c(O)cc(O)c34)c3ccc(O)c(O)c3)c3ccc(O)c(O)c3)c2O[C@@H]1c1ccc(O)c(O)c1,1,pro_2218,43200,4.635483746814912
CC(C)c1ccc(C)cc1OC(=O)NCC1CCCCC1,1,pro_3129,36790,4.565729787831127
NC(=O)c1ccc(Nc2ncnc(n2)-c2ccc(O[C@@H]3CCN(C3)C(=O)CO)c(c2)C#N)cc1,0,pro_1546,678000,5.831229693867064
FC(F)(F)c1ccc2c(Nc3ccc(Cl)nc3)n[nH]c2c1,0,pro_6088,100000,5.0
Cc1cccc(c1)C(=O)Nc1cccc(NC(=O)c2ccncc2)c1,1,pro_6088,30000,4.477121254719663
COC(=O)N1[C@@H](C)CCc2c1ccc1n([C@@H]3CCC[C@H](C3)C(O)=O)c(nc21)C(=O)Nc1ccccc1Cl,0,pro_570,50500,4.703291378118662
F[C@H]1CN(CCn2c3cc(ccc3ccc2=O)C#N)CC[C@@H]1NCc1cc2OCCOc2cn1,0,pro_6088,122000,5.086359830674748
F[C@H]1CN(CCn2c3cc(ccc3ccc2=O)C#N)CC[C@H]1NCc1cc2OCCOc2cn1,0,pro_6088,200000,5.301029995663981
O=c1ccc2ccc(cc2n1CCN1CCC(CC1)NCc1cc2OCCOc2cn1)C#N,1,pro_6088,44000,4.643452676486188
CO[C@H]1CN(CCn2c3cc(ccc3ccc2=O)C#N)CC[C@H]1NCc1cc2OCCOc2cn1,0,pro_6088,174000,5.2405492482826
O[C@@H]1CN(CCn2c3cc(ccc3ccc2=O)C#N)CC[C@@H]1NCc1cc2OCCOc2cn1,0,pro_6088,156000,5.193124598354462
F[C@@H]1CN(CCn2c3cc(ccc3ccc2=O)C#N)CC[C@@H]1NCc1cc2OCCOc2cn1,0,pro_6088,233000,5.367355921026019
O[C@H]1CN(CCn2c3cc(ccc3ccc2=O)C#N)CC[C@H]1NCc1cc2OCCOc2cn1,0,pro_6088,117000,5.068185861746161
F[C@H]1CN(CCn2c3cc(ccc3ccc2=O)C#N)CC[C@H]1NCc1cc2OCCOc2cn1,0,pro_6088,200000,5.301029995663981
COC(=O)c1cccnc1Cn1c(=O)n(C)c2nc(N3CCC[C@@H](N)C3)n(CC#CC)c2c1=O,1,pro_2655,4,0.6020599913279624
C[C@@H]1Cc2c(ccc3[nH]ncc23)[C@H](N1CC1(F)CC1)c1ccc(NC2CN(CCCF)C2)cn1,1,pro_6088,6,0.7781512503836436
C[C@@H]1Cc2c(ccc3[nH]ncc23)[C@H](N1CC1(F)CC1)c1ccc(cn1)N(C)C1CN(CCCF)C1,1,pro_6088,5,0.6989700043360189
Cc1nnn(C)c1-c1cnc2c(c1)n([C@@H](C1CCOCC1)c1ccccc1)c1cc(ccc21)-c1ccnn1C,1,pro_570,5,0.6989700043360189
C[C@H](O)C(=O)N1CC[C@H](Oc2ccc(cc2C#N)-c2ncnc(Nc3cccc(CN4CCOCC4)c3)n2)[C@H](F)C1,0,pro_1546,519000,5.715167357848458
Cc1cccc2n(C)c3c4C(=O)C=CC(=O)c4ccc3c12,1,pro_171,35600,4.551449997972875
Cn1c2ccccc2c2ccc3C(=O)C=CC(=O)c3c12,1,pro_171,42500,4.628388930050312
COc1ccc2n(C)c3c4C(=O)C=CC(=O)c4ccc3c2c1,1,pro_171,25500,4.406540180433956
C(CCC[n+]1ccccc1)CC[n+]1ccccc1,0,pro_5467,63000,4.799340549453582
CC(=O)Nc1cc(Nc2ccc(F)c(Cl)c2)c2cc(sc2c1)C(O)=O,0,pro_171,100000,5.0
Nc1cc(cc2c3ccccc3[nH]c(=O)c12)-c1ccccc1,0,pro_2218,100000,5.0
CCCCNc1cc(cc2c3ccccc3[nH]c(=O)c12)-c1ccccc1,0,pro_2218,56000,4.748188027006201
CO[C@H]1CC[C@@]2(Cc3ccc(cc3[C@]22N=C(N)N(CC3(C)COC3)C2=O)C#N)C[C@@H]1C,1,pro_5516,5,0.6989700043360189
C(NCc1ccc(s1)-c1cccnc1)c1ccc(s1)-c1cccnc1,0,pro_6167,400000,5.6020599913279625
CC(C)c1cccc(c1)C1(CC1)NC[C@@H](O)[C@@H]1Cc2cccc(OCCCCNc3cc(cc(c3)C(=O)N1)C(C)=O)c2,1,pro_5516,9,0.9542425094393248
COC[C@H](C)Oc1cc(Oc2ccc(cc2)S(C)(=O)=O)cc(c1)C(=O)Nc1ccn(CP(C)(C)=O)n1,0,pro_6088,80000,4.903089986991944
CCOP(=O)(Cn1ccc(NC(=O)c2cc(O[C@@H](CC)CO)cc(Oc3ccc(cc3)S(C)(=O)=O)c2)n1)OCC,0,pro_6088,80000,4.903089986991944
CCOP(=O)(Cn1ccc(NC(=O)c2cc(OC(C)C)cc(Oc3ccc(cc3)S(C)(=O)=O)c2)n1)OCC,0,pro_6088,80000,4.903089986991944
CCO[P@](C)(=O)Cn1ccc(NC(=O)c2cc(O[C@@H](C)COC)cc(Oc3ccc(cc3)S(C)(=O)=O)c2)n1,0,pro_6088,80000,4.903089986991944
CCOP(=O)(Cn1ccc(NC(=O)c2cc(O[C@@H](C)CO)cc(Oc3ccc(cc3)S(C)(=O)=O)c2)n1)OCC,0,pro_6088,80000,4.903089986991944
CCOP(=O)(Cc1cnc(NC(=O)c2cc(O[C@@H](C)COC)cc(Oc3ccc(cc3)S(C)(=O)=O)c2)cn1)OCC,0,pro_6088,80000,4.903089986991944
Clc1ccc(cc1Cl)N1CCN(CC1)C(=O)COc1cc(=O)oc2ccccc12,0,pro_3129,89000,4.949390006644913
O=C(COc1cc(=O)oc2ccccc12)N1CCN(CC1)c1ccccc1,0,pro_3129,100000,5.0
OC(=O)C1=Nc2ccccc2CN1,0,pro_5467,344800,5.537567257152675
CC(C)(C)S(=O)(=O)C[C@H](C1CC1)N1[C@@H]([C@H](C[C@](C)(Cc2cc(ccn2)C(O)=O)C1=O)c1cccc(Cl)c1)c1ccc(Cl)cc1,1,pro_6167,27000,4.431363764158988
CN1CCC(CC1)c1ccc(Nc2ncc(C)c(Nc3ccc4CCN(c4c3)S(=O)(=O)C(C)(C)C)n2)cc1F,1,pro_1546,3,0.4771212547196624
[Br-].COc1ccc(\C=C\C(=O)Nc2cc[n+](Cc3ccc(F)cc3)cc2)cc1OC,1,pro_5467,8,0.9030899869919436
[Br-].COc1ccc(\C=C\C(=O)Nc2cc[n+](Cc3ccc(F)cc3)cc2)cc1OC,1,pro_5467,8,0.9030899869919436
[Br-].COc1ccc(\C=C\C(=O)Nc2cc[n+](Cc3cccc(F)c3)cc2)cc1OC,1,pro_3129,3,0.4771212547196624
Fc1ccccc1C[n+]1cccc(c1)C1C(C#N)C(=N)Oc2c1c(=O)oc1ccccc21,1,pro_3129,41000,4.612783856719736
FC1(F)CCC(CC1)NC(=O)c1csc(c1)[C@H]1C[C@H]1NC1CCN(CC1)C(=O)C1CC1,0,pro_2714,100000,5.0
FC1(F)CCC(CC1)NC(=O)c1csc(c1)[C@@H]1C[C@H]1NC1CCN(CC1)C(=O)C1CC1,0,pro_634,100000,5.0
FC1(F)CCC(CC1)NC(=O)c1csc(c1)[C@@H]1C[C@H]1NC1CCN(CC1)C(=O)C1CC1,0,pro_634,100000,5.0
CC(Oc1cc(cnc1N)-c1cnn(c1)C1CCOCC1)c1cc(F)ccc1Cl,1,pro_1546,8,0.9030899869919436
CC(=O)NC[C@@H]1OC(=O)N2[C@H]1COc1cc(N3CCSCC3)c(F)cc21,1,pro_2714,44800,4.651278013998144
[O-][N+](=O)c1cccc2C(=O)N(CCC3CCN(Cc4ccccc4)CC3)C(=O)c12,1,pro_5467,9,0.9542425094393248
Clc1cncc2ccc(NC(=O)[C@@H]3CC3c3ccc(cc3)S(=O)(=O)Nc3cccnc3)cc12,1,pro_1546,1,0.0
O[C@H]([C@H]1CCCCN1)c1cc(nc2c(cccc12)C(F)(F)F)C(F)(F)F,1,pro_6167,33000,4.518513939877888
COc1cc2CC(Cc3ccncc3)C(=O)c2cc1OCC1CC1,1,pro_2892,35900,4.555094448578319
Nc1nc2c(nccc2[nH]1)-c1ccsc1,0,pro_2218,87800,4.943494515906103
CC(C)(C)c1cccc(CN[C@H]2CS(=O)(=O)C[C@@H](Cc3cc(F)c(N)c(OCC(F)F)c3)[C@@H]2O)c1,1,pro_5516,6,0.7781512503836436
O[C@H]1[C@H](Cc2ccc(O)c(Br)c2)CS(=O)(=O)C[C@@H]1NCc1ccccc1,0,pro_5516,66000,4.819543935541868
NNc1nn2c(Cc3ccccc3)nnc2s1,1,pro_2228,28000,4.447158031342219
CCOC(=O)c1sc(nc1-c1ccccc1)-c1cc(N)ncn1,0,pro_2228,125000,5.096910013008056
NC(=O)c1sc(nc1-c1cc(F)ccc1F)-c1ccnc(N)n1,1,pro_2228,34800,4.541579243946581
NC(=O)c1sc(nc1-c1cc(Cl)cc(Cl)c1)-c1ccnc(N)n1,0,pro_2228,125000,5.096910013008056
NC(=O)c1sc(nc1-c1ccccc1F)-c1ccnc(N)n1,0,pro_2228,125000,5.096910013008056
COc1cc(ccc1OS(C)(=O)=O)-c1nc2ccccc2c(=O)[nH]1,0,pro_2228,100000,5.0
COc1ccc(cc1)-c1ccc(Sc2cc(=O)n(O)c(=O)[nH]2)cc1,0,pro_427,100000,5.0
COc1cc(OC)cc(c1)-c1ccc(Sc2cc(=O)n(O)c(=O)[nH]2)cc1,0,pro_427,100000,5.0
C[C@H]([C@H]1CC[C@H](CC1)c1ccnc2ccc(F)cc12)c1nc2ccc(Cl)cc2[nH]1,1,pro_171,3,0.4771212547196624
CCC([C@H]1CC[C@H](CC1)c1ccnc2ccc(F)cc12)c1nc2ccc(Cl)cc2[nH]1,1,pro_171,9,0.9542425094393248
CCC([C@H]1CC[C@H](CC1)c1ccnc2ccc(F)cc12)c1nc2ccc(Cl)cc2[nH]1,1,pro_171,9,0.9542425094393248
C[C@H]([C@H]1CC[C@H](CC1)c1ccnc2ccc(F)cc12)c1nc2cc(F)ccc2[nH]1,1,pro_171,3,0.4771212547196624
C[C@H]([C@H]1CC[C@H](CC1)c1ccnc2ccc(F)cc12)c1nc2ccc(Cl)cc2[nH]1,1,pro_171,3,0.4771212547196624
CNC[C@@H]([C@H](OCC(=O)N1CC[C@H](O)C1)c1ccccc1)c1ccc2ccccc2c1,1,pro_6088,33000,4.518513939877888
Cc1ccc2nc([nH]c2c1)-c1ccc(OCCN2CCOCC2)cc1,0,pro_2892,100000,5.0
Cc1ccc2nc([nH]c2c1)-c1ccc(OCCN2CCOCC2)cc1,0,pro_2892,100000,5.0
Clc1ccc2nc([nH]c2c1)-c1ccc(OCCN2CCOCC2)cc1,0,pro_3129,100000,5.0
Cc1cnc(Nc2ccc(OCCN3CCCC3)cc2)nc1-c1cc2CN(CCc2o1)C(=O)CC#N,1,pro_1546,9,0.9542425094393248
Cc1cnc(Nc2ccc(OCCN3CCCC3)cc2)nc1-c1cc2CN(CCc2o1)S(C)(=O)=O,1,pro_1546,4,0.6020599913279624
C[C@@H]1C[C@H]2CC(=O)[C@H]3CCC[N+]4([O-])CCC[C@@H]2[C@]34C1,0,pro_5467,100000,5.0
COc1cccc(c1)C(=O)NNC(=O)c1ccc2ccccc2c1O,1,pro_427,33000,4.518513939877888
Oc1cccc(C(=O)NNC(=O)c2cc3ccccc3cc2O)c1O,1,pro_427,32000,4.505149978319906
COc1ccc(cc1)C(=O)NNC(=O)c1cc2ccccc2cc1O,1,pro_427,49000,4.690196080028514
COc1cccc(c1)C(=O)NNC(=O)c1ccc2ccccc2c1O,1,pro_427,33000,4.518513939877888
CCOC(=O)CC1N=C(c2cc(OC)ccc2-c2cn(C)c(=O)cc12)c1c(F)cccc1F,1,pro_570,1,0.0
CCNC(=O)CC1N=C(c2ccc(Cl)cc2C)c2cc(OC)ccc2-c2cn(C)c(=O)cc12,1,pro_570,4,0.6020599913279624
CCOC(=O)CC1N=C(c2ccc(Cl)cc2)c2cc(OC)ccc2-c2cn(C)c(=O)cc12,1,pro_570,3,0.4771212547196624
CCNC(=O)CC1N=C(c2ccc(Cl)cc2)c2cc(OC)ccc2-c2cn(C)c(=O)cc12,1,pro_570,1,0.0
ONC(=O)[C@@H]1CCCN1Cc1ccc(cc1)-c1ccccc1,0,pro_2218,500000,5.698970004336019
ONC(=O)[C@@H]1C[C@@H](O)CN1Cc1ccc(cc1)-c1ccccc1,0,pro_2218,500000,5.698970004336019
CCN(CC)S(=O)(=O)c1ccc(C2CN(C)C(=O)C2)c(CCc2ccccc2)c1,0,pro_570,4500000,6.653212513775344
OC1(CC(=O)c2ccc(cc2)C(F)(F)F)C(=O)NC(=O)NC1=O,1,pro_2218,39000,4.5910646070265
FC(F)(F)c1ccc(cc1)C(=O)NCCCC(=O)N1CCC[C@H]1C#N,1,pro_2655,3,0.4771212547196624
CC[C@H](C)[C@H](NC(=O)[C@H](CCC(O)=O)NC(=O)[C@H](CCC(O)=O)NC(=O)[C@@H](NC(=O)[C@H](CCCCN)NC(=O)[C@@H](NC(=O)[C@H](CC(N)=O)NC(=O)[C@@H](N)[C@@H](C)O)[C@@H](C)CC)[C@@H](C)O)C(=O)N[C@@H](CO)C(=O)N[C@@H](CCC(O)=O)C(=O)N[C@@H](C(C)C)C(=O)N[C@@H](CC(N)=O)C(=O)N[C@@H](Cc1ccccc1)C(=O)N[C@@H](CC(O)=O)C(=O)N[C@@H](C)C(=O)N[C@@H](CCC(O)=O)C(=O)N[C@@H](Cc1ccccc1)C(=O)N[C@@H](CCCNC(N)=N)C(O)=O,0,pro_5516,200000,5.301029995663981
CC(C)CCOc1nc2n(C)c(=O)n(C)c(=O)c2n1C,1,pro_2714,27340,4.436798510231804
C[C@H](CC\C=C(/C)CO)[C@H]1CC[C@@]2(C)C3=CC[C@H]4C(C)(C)[C@@H](O)CC[C@]4(C)C3=CC[C@]12C,1,pro_5467,26780,4.42781057267599
COc1cccc(\C=C2/COc3ccccc3C2=O)c1OC,0,pro_634,1905461,6.280000064282089
Nc1ccc(\C=C2/COc3ccccc3C2=O)cc1,0,pro_634,870964,5.940000204462932
Oc1ccc(\C=C2/COc3ccccc3C2=O)cc1[N+]([O-])=O,0,pro_634,489779,5.690000160168773
O=C1\C(COc2ccccc12)=C\c1ccccc1,0,pro_634,478630,5.67999991622922
COc1ccc(\C=C2/COc3ccccc3C2=O)c(OC)c1OC,0,pro_634,1318257,6.120000086131552
COc1ccc(\C=C2/COc3cc(O)ccc3C2=O)cc1,0,pro_2892,100000,5.0
COc1ccc(\C=C2/COc3ccccc3C2=O)cc1,0,pro_634,58884,4.76999730402854
Nc1cc(\C=C2/COc3ccccc3C2=O)ccc1O,0,pro_634,478630,5.67999991622922
COc1ccc(\C=C2/COc3ccccc3C2=O)c(O)c1,0,pro_634,1318257,6.120000086131552
COc1ccc(\C=C2/COc3ccccc3C2=O)cc1O,0,pro_634,478630,5.67999991622922
Oc1ccc(\C=C2/COc3cc(O)cc(O)c3C2=O)cc1,1,pro_634,8,0.9030899869919436
COc1ccc(\C=C2/COc3ccccc3C2=O)c(OC)c1,0,pro_634,245471,5.390000191840223
COc1ccc(\C=C2/COc3cc(O)ccc3C2=O)cc1,0,pro_2892,100000,5.0
CCN(CC)Cc1c(O)cccc1\C=C1/COc2cc(OC)c(OC)cc2C1=O,1,pro_2892,37400,4.57287160220048
CC(=O)Nc1ccc(\C=C2/COc3ccccc3C2=O)cc1,0,pro_634,1071519,6.029999876284985
COc1cc(\C=C2/COc3ccccc3C2=O)ccc1O,0,pro_634,104713,5.020000602192583
ONC(=O)C[C@@H](CCCC1CCCCC1)c1nc(no1)C(=O)NCc1ccccn1,1,pro_2218,30000,4.477121254719663
CN(Cc1ccccn1)C(=O)c1noc(n1)[C@H](CCCC1CCCCC1)CC(=O)NO,0,pro_2218,50500,4.703291378118662
CCCCCCCCN1C[C@@H](O)[C@H](OCc2ccccc2)[C@@H](O)[C@H]1CC=C,0,pro_2892,63000,4.799340549453582
COc1nc(ccc1Nc1ncc(Cl)c(Nc2ccccc2NS(=O)(=O)C2CC2)n1)N1CCN(C)CC1,0,pro_2281,1000000,6.0
Cc1c(NC(=O)c2ccc(cc2)C(C)(C)C)cccc1-c1nc(Nc2ccc(cc2)C(=O)N2CCOCC2)c2nc[nH]c2n1,1,pro_6167,40000,4.6020599913279625
Cc1c(NC(=O)c2ccc(cc2)C(C)(C)C)cccc1-c1nc(Nc2ccc(cc2)C(=O)N2CCOCC2)c2nc[nH]c2n1,1,pro_6167,40000,4.6020599913279625
O=C1CC(=O)c2ccccc2C1=O,0,pro_171,675000,5.829303772831025
Oc1cccc(C(=O)NCCCNC(=O)c2cccc(O)c2O)c1O,1,pro_427,31000,4.491361693834273
Oc1cccc(C(=O)NCCCNC(=O)c2cccc(O)c2O)c1O,1,pro_427,31000,4.491361693834273
CC(C)C[C@H](NC(=O)[C@H](CCCCN)NC(=O)[C@H](CC(C)C)NC(=O)[C@](C)(CCC=C)NC(=O)[C@H](Cc1ccccc1)NC(=O)[C@H](Cc1ccc(O)cc1)NC(=O)[C@H](C)NC(=O)[C@@H](N)[C@@H](C)O)C(=O)N[C@@](C)(CCC=C)C(=O)NCC(=O)N[C@@H](CCCNC(N)=N)C(=O)N[C@@H](Cc1c[nH]c2ccccc12)C(O)=O,0,pro_427,74000,4.869231719730976
CC(C)C[C@H](NC(=O)[C@H](CCCCN)NC(=O)[C@H](CC(C)C)NC(=O)[C@](C)(CC=C)NC(=O)[C@H](Cc1ccccc1)NC(=O)[C@H](Cc1ccc(O)cc1)NC(=O)[C@H](C)NC(=O)[C@@H](N)[C@@H](C)O)C(=O)N[C@@](C)(CC=C)C(=O)NCC(=O)N[C@@H](CCCNC(N)=N)C(=O)N[C@@H](Cc1c[nH]c2ccccc12)C(O)=O,0,pro_427,333000,5.52244423350632
CC(C)C[C@H](NC(=O)[C@H](CCCCN)NC(=O)[C@H](CC(C)C)NC(=O)[C@](C)(CCC=C)NC(=O)[C@H](Cc1ccccc1)NC(=O)[C@H](Cc1ccc(O)cc1)NC(=O)[C@H](C)NC(=O)[C@@](C)(N)CCCC=C)C(=O)N[C@@H](C)C(=O)NCC(=O)N[C@@H](CCCNC(N)=N)C(=O)N[C@@H](Cc1c[nH]c2ccccc12)C(O)=O,1,pro_427,26000,4.414973347970818
CC(C)C[C@H](NC(=O)[C@H](CCCCN)NC(=O)[C@H](CC(C)C)NC(=O)[C@](C)(CCC=C)NC(=O)[C@H](Cc1ccccc1)NC(=O)[C@H](Cc1ccc(O)cc1)NC(=O)[C@H](C)NC(=O)[C@@H](N)[C@@H](C)O)C(=O)N[C@@](C)(CCC=C)C(=O)NCC(=O)N[C@@H](CCCNC(N)=N)C(=O)N[C@@H](Cc1c[nH]c2ccccc12)C(O)=O,0,pro_427,74000,4.869231719730976
CC(C)C[C@H](NC(=O)[C@](C)(CCCCC=C)NC(=O)[C@H](Cc1ccccc1)NC(=O)[C@H](Cc1ccc(O)cc1)NC(=O)[C@H](C)NC(=O)[C@@H](N)[C@@H](C)O)C(=O)N[C@@H](CCCCN)C(=O)N[C@@H](CC(C)C)C(=O)N[C@@](C)(CCCCC=C)C(=O)NCC(=O)N[C@@H](CCCNC(N)=N)C(=O)N[C@@H](Cc1c[nH]c2ccccc12)C(O)=O,1,pro_427,43000,4.633468455579586
CC(C)C[C@H](NC(=O)[C@H](Cc1ccccc1)NC(=O)[C@H](Cc1ccc(O)cc1)NC(=O)[C@H](C)NC(=O)[C@@H](N)[C@@H](C)O)C(=O)N[C@@H](CC(C)C)C(=O)N[C@@](C)(CCCC=C)C(=O)N[C@@H](CC(C)C)C(=O)N[C@@H](C)C(=O)NCC(=O)N[C@@](C)(CCCC=C)C(=O)N[C@@H](Cc1c[nH]c2ccccc12)C(O)=O,0,pro_427,100000,5.0
CN1CCN(CC1)c1ccc(Nc2nc(OC3CCN(CC3)C(=O)C=C)c3sccc3n2)cc1,1,pro_2281,4,0.6020599913279624
COC1CC=C(OC)C(COc2ccc(O)c(c2)C(O)=O)=C1,0,pro_2281,100000,5.0
COC1CC=C(OC)C(COc2ccc(O)c(c2)C(=O)OC)=C1,0,pro_2281,100000,5.0
Cn1c(nc(C(=O)NCc2ccc(F)cc2)c(O)c1=O)C1CCOCC1,1,pro_427,5,0.6989700043360189
Cn1c(nc(C(=O)NCc2ccc(F)cc2S(C)(=O)=O)c(O)c1=O)C1CCOCC1,1,pro_427,8,0.9030899869919436
FC(F)(F)c1c(ccn2c(CC3CC3)nnc12)N1CCC(CC1)c1ccccc1,1,pro_6167,30000,4.477121254719663
COc1ccc(nc1)C(=O)Nc1ccc2Oc3c(F)nc(cc3C3(CCSC(N)=N3)c2c1)-c1cncc(F)c1,1,pro_5516,1,0.0
CN1[C@@H]2CCC1C([C@H](C2)OC(=O)c1ccccc1)C(O)=O,0,pro_6088,3981071,6.599999923033295
Cc1nc(C)c(nc1C(N)=O)-c1ccc(cc1)[C@H]1CC[C@H](CC(O)=O)CC1,1,pro_6088,32000,4.505149978319906
Cn1cc(cn1)-c1cc2cnc(Nc3ccc(cc3Cl)-c3cnccn3)cc2n1C(=O)OC(C)(C)C,0,pro_2228,100000,5.0
Clc1ccc(CNC(=O)c2ccc(N3CC4CC(C3)c3cccc(=O)n3C4)c(NS(=O)(=O)c3ccc4OCCOc4c3)c2)cc1,0,pro_5516,100000,5.0
O=C(NCc1ccccc1)c1ccc(N2CC3CC(C2)c2cccc(=O)n2C3)c(NS(=O)(=O)c2ccc3OCCOc3c2)c1,0,pro_5516,100000,5.0
Fc1ccc(CNC(=O)c2ccc(N3CC4CC(C3)c3cccc(=O)n3C4)c(NS(=O)(=O)c3ccc4OCCOc4c3)c2)cc1,0,pro_5516,100000,5.0
Clc1ccccc1CNC(=O)c1ccc(N2CC3CC(C2)c2cccc(=O)n2C3)c(NS(=O)(=O)c2ccc3OCCOc3c2)c1,0,pro_5516,100000,5.0
Cc1ccc(CNC(=O)c2ccc(N3CC4CC(C3)c3cccc(=O)n3C4)c(NS(=O)(=O)c3ccc4OCCOc4c3)c2)cc1,0,pro_5516,100000,5.0
OCCN(CCO)C1(C(=O)NC(=O)NC1=O)c1ccc(Oc2ccccc2)cc1,1,pro_2218,3,0.4771212547196624
Cc1cc(=O)oc2c1ccc1oc(=N)c(cc21)C(=O)N1CCCC1,0,pro_3129,73080,4.8637985386805
Cc1ccc(NC(=O)CCC(=O)OCC(=O)c2ccc(cc2)-c2ccccc2)cc1Cl,1,pro_634,27500,4.439332693830263
Cc1ccc(NC(=O)CCC(=O)OCC(=O)c2ccc(cc2)-c2ccccc2)cc1Cl,1,pro_634,27500,4.439332693830263
O=C1CCc2ccc(OCCCCCCN3CCC(CC3)N3CCCC3)cc2N1,1,pro_3129,32700,4.514547752660286
COc1cc(cc(\C=N\Nc2nc(Nc3ccccc3)nc(Nc3ccccc3)n2)c1O)[N+]([O-])=O,1,pro_427,29000,4.4623979978989565
CC([C@@H]1[C@H]2C[C@@H](C[C@@H]12)n1cnc2cc(F)c(F)cc12)C(=O)Nc1cnc(nc1)C(F)(F)F,1,pro_171,7,0.8450980400142568
C[C@@H](O[C@H]1CC[C@@H]2CN(C[C@H]2[C@@H]1c1ccc(F)cc1)C1=CC(=O)CC1)c1cc(cc(c1)C(F)(F)F)C(F)(F)F,1,pro_6167,39000,4.5910646070265
CCCCOc1c(cnc2[nH]ncc12)C(=O)c1c(F)cc(C)cc1F,1,pro_2228,9,0.9542425094393248
CC1Cc2ccccc2NC(=O)C1,0,pro_570,60000,4.778151250383644
COc1ccc(cc1)S(=O)(=O)N1CN(Cc2ccccc2)C(=O)C[C@@H]1C(=O)NO,1,pro_2218,1,0.0
COc1ccc(cc1)S(=O)(=O)N1CN(Cc2ccccc2)C(=O)C[C@@H]1C(=O)NO,1,pro_2218,1,0.0
CC(C)N1CCN(CC1)c1ccc(Nc2ncc3cc4C(=O)NCC5(CCCC5)n4c3n2)nc1,0,pro_2228,50500,4.703291378118662
CC(C)CN1CCN(CC1)c1ccc(Nc2ncc3cc4C(=O)NCC5(CCCC5)n4c3n2)nc1,0,pro_2228,50500,4.703291378118662
CN1CC2(CCCC2)n2c(cc3cnc(Nc4ccc(cn4)N4CCNCC4)nc23)C1=O,0,pro_2228,100000,5.0
O=C1NCC2(CCCC2)n2c1cc1cnc(Nc3ccc(cn3)N3CCNCC3)nc21,0,pro_2228,50500,4.703291378118662
CN1CCN(CC1)c1ccc(Nc2ncc3cc4C(=O)NCC5(CCCC5)n4c3n2)nc1,0,pro_2228,50500,4.703291378118662
CO[C@@H]1[C@@H](C)C[C@]2(Cc3ccc(cc3[C@]22N=C(N)N(Cc3ncc(F)cn3)C2=O)C#N)C[C@H]1C,1,pro_5516,9,0.9542425094393248
CN1CCCn2c1nc1ccc(OCc3ccccc3)cc1c2=O,0,pro_3129,81283,4.909999724213982
Cc1cc2ccnc(N[C@@H]3CCNC[C@@H]3C(=O)NC3CCCCC3)c2[nH]c1=O,0,pro_570,50119,4.700002397142254
Cc1cc2ccnc(N[C@@H]3CCNC[C@H]3C(=O)NC3CCCCC3)c2[nH]c1=O,0,pro_570,50119,4.700002397142254
C\C=C\c1cnc(N[C@@H]2CCNC[C@H]2C(=O)NC2CCCCC2)c2[nH]c(=O)c(C)cc12,1,pro_570,31623,4.500003068051694
CC1(CO)[C@@H](O)CC[C@@]2(C)C1C[C@H](O)[C@@]1(C)Oc3cc(oc(=O)c3C(=O)C21)-c1ccccc1,0,pro_5467,99000,4.99563519459755
COc1ccc(cc1OC)-c1cc2O[C@]3(C)[C@@H](O)CC4C(C)(CO)[C@@H](O)CC[C@]4(C)C3C(=O)c2c(=O)o1,0,pro_5467,58000,4.763427993562937
COc1cccc(c1)-c1cc2O[C@]3(C)[C@@H](O)CC4C(C)(CO)[C@@H](O)CC[C@]4(C)C3C(=O)c2c(=O)o1,0,pro_5467,93000,4.968482948553935
O=C(COc1cc(=O)oc2ccccc12)N1CCC(Cc2ccccc2)CC1,0,pro_3129,65000,4.812913356642856
N[C@@H]([C@H]1CC[C@@H](CC1)NC(=O)c1cnc2ccccc2c1)C(=O)N1CCSC1,1,pro_2655,9,0.9542425094393248
S=C(CNC1CCCCC1)N1CCCC1,0,pro_2655,1000000,6.0
COC(=O)N1[C@@H](C)CCc2c1ccc1n(CCN3CCC4(COC4)CC3)c(Cc3ccccc3)nc21,0,pro_570,50500,4.703291378118662
F[C@@H]1CN(CC[C@@H]1Oc1ccc(cc1C#N)-c1ncnc(Nc2ccc(cc2)N2CCN(CC2)C2COC2)n1)C(=O)C1CCNC1=O,0,pro_1546,799000,5.902546779313991
CC(C)n1cc(cn1)-c1ccc2c(c1)n([C@@H](C1CCOCC1)c1ccccc1)c1cc(cnc21)-c1c(C)nnn1C,1,pro_570,5,0.6989700043360189
Fc1ccc2n(CCC(=O)N3c4ccccc4Sc4ccccc34)c3ccncc3c2c1,1,pro_3129,8,0.9030899869919436
O=C(CCn1c2ccccc2c2cnccc12)N1c2ccccc2Sc2ccccc12,1,pro_3129,8,0.9030899869919436
O=C(C[C@@H]1C[C@H](NC1=O)C(=O)N1CCC[C@H]1C#N)N1CCCCC1,0,pro_2655,100000,5.0
CC=C1N(C)C(C)CC1(c1ccccc1)c1ccccc1,0,pro_6088,50118,4.699993731789502
C(NCc1ccccc1)C=C1CCCCC1,0,pro_2655,1000000,6.0
COc1ccc(CNCC(F)=C2CCCCC2)cc1,0,pro_2655,250000,5.3979400086720375
FC(CNCc1cccc(c1)C(F)(F)F)=C1CCCCC1,0,pro_2655,125000,5.096910013008056
FC(CNCc1ccc(F)cc1)=C1CCCCC1,0,pro_2655,250000,5.3979400086720375
Fc1ccc(CNC(=O)CCC(=O)NCC(=O)N2CCC[C@H]2C#N)cc1,0,pro_2655,100000,5.0
COc1ccc2N(C)C3N(CCc4ccccc34)Cc2c1,0,pro_3129,54954,4.739999309401968
CN1C2N(CCc3ccccc23)Cc2ccccc12,0,pro_2892,145200,5.161966616364075
CN1C2N(CCc3ccccc23)Cc2cc(O)ccc12,0,pro_2892,109647,5.039996753649024
CN1C2N(CCc3ccccc23)Cc2cc(O)ccc12,0,pro_2892,109647,5.039996753649024
COc1ccc2N(C)C3N(CCc4ccccc34)Cc2c1,0,pro_3129,54954,4.739999309401968
CN1C2N(CCc3ccccc23)Cc2cc(O)ccc12,0,pro_2892,109647,5.039996753649024
CN1C2N(CCc3ccccc23)Cc2ccccc12,0,pro_2892,145200,5.161966616364075
CN1C2N(CCc3ccccc23)Cc2ccccc12,0,pro_2892,145200,5.161966616364075
Oc1ccc(\C=N\N2CCN(CC2)c2ccccc2)cc1O,0,pro_427,69000,4.838849090737256
Oc1ccc(\C=N\N2CCN(CC2)c2ccccc2)cc1O,0,pro_427,69000,4.838849090737256
C[C@]1(Cn2c(cnc2C(N)=N1)C#N)c1cc(NC(=O)c2ccc(cn2)C#N)ccc1F,1,pro_5516,3,0.4771212547196624
C[C@]1(Cn2ccnc2C(N)=N1)c1cc(NC(=O)c2ccc(cn2)C#N)ccc1F,1,pro_5516,6,0.7781512503836436
OC(=O)c1cc(-c2ccc(cc2)C23CCN(CC2)CC3)c2ccc(cc2c1)-c1ccc(cc1)C(F)(F)F,1,pro_6167,30000,4.477121254719663
COc1ccc(CC(O)=O)cc1-c1ccc(cc1CN1[C@@H](C)[C@H](OC1=O)c1ccccc1)C(F)(F)F,1,pro_6167,30000,4.477121254719663
O=C(CN1CCCCC1)Nc1n[nH]c2ncccc12,1,pro_2892,4,0.6020599913279624
O=C(CN1CCCCC1)Nc1n[nH]c2ncccc12,1,pro_2892,4,0.6020599913279624
Clc1cncc(Cl)c1Nc1nc2ccncc2c2c1cc[nH]c2=O,1,pro_1546,2,0.3010299956639812
Fc1ccc(Nc2ncnc3ccc(NC(=S)NCCN4CCCCC4)cc23)cc1Cl,1,pro_2281,3,0.4771212547196624
COc1ccc(cc1)C(=O)Nc1ccc(cc1)S(=O)(=O)NC(CC#CCOc1ccccc1)C(O)=O,1,pro_2218,9,0.9542425094393248
OC(=O)C(CC#CCOc1ccccc1)NS(=O)(=O)c1ccc(NC(=O)c2ccc(Br)cc2)cc1,1,pro_2218,9,0.9542425094393248
CC(C)(C)N1CCC(CC1)N1NNC(=C1)[C@@H](Nc1cc(Cl)c2ncc(C#N)c(Nc3ccc(F)c(Cl)c3)c2c1)c1cscn1,1,pro_2281,4,0.6020599913279624
NC1=NC2(CO1)c1cc(Nc3ccccn3)ccc1OCC21COC1,1,pro_5516,36900,4.567026366159061
CN(C)CCC(=O)N1CC(C1)C#Cc1ccc2c(c1)occ(-c1ccc(NS(C)(=O)=O)cc1)c2=O,0,pro_634,130000,5.113943352306837
CS(=O)(=O)Nc1ccc(cc1)-c1coc2cc(ccc2c1=O)C#CC1CNC1,0,pro_634,94402,4.974981195354879
CC(C)(C)OC(=O)N1CC(C1)C#Cc1ccc2c(c1)occ(-c1ccc(NS(C)(=O)=O)cc1)c2=O,0,pro_2714,130000,5.113943352306837
CN(C)CCC(=O)N1CC(C1)C#Cc1ccc2c(c1)occ(-c1ccc(NS(C)(=O)=O)cc1)c2=O,0,pro_634,130000,5.113943352306837
COCCC(=O)N1CC(C1)C#Cc1ccc2c(c1)occ(-c1ccc(NS(C)(=O)=O)cc1)c2=O,0,pro_634,130000,5.113943352306837
CS(=O)(=O)Nc1ccc(cc1)-c1coc2cc(ccc2c1=O)C#CC1CN(C1)C(=O)CO,0,pro_634,130000,5.113943352306837
CS(=O)(=O)Nc1ccc(cc1)-c1coc2cc(ccc2c1=O)C#CC1CN(C1)C(=O)CO,0,pro_634,130000,5.113943352306837
CN1CCC=C(C1)c1nsnc1OCCCOCCCC(=O)NCCCCNc1c2CCCCc2nc2ccccc12,1,pro_2892,8,0.9030899869919436
CN1CCC=C(C1)c1nsnc1OCCCOCCCC(=O)NCCCCNc1c2CCCCc2nc2ccccc12,1,pro_2892,8,0.9030899869919436
CC(C)C[C@H](NC(=O)[C@H](CCC(N)=O)NC(=O)[C@H](CCCCN)NC(=O)[C@H](CCCNC(N)=N)NC(=O)[C@@H]1CCCN1C(=O)[C@H](C)NC(=O)[C@H](CCCCN)NC(=O)CNC(=O)CNC(=O)[C@@H](NC(=O)[C@H](CO)NC(=O)[C@H](CCCCN)NC(=O)[C@H](CCCNC(N)=N)NC(=O)[C@H](C)NC(=O)[C@@H](NC(=O)[C@H](CCC(N)=O)NC(=O)[C@H](CCCCNC1CC1c1ccccc1)NC(=O)[C@@H](NC(=O)[C@H](CCCNC(N)=N)NC(=O)[C@@H](C)N)[C@H](C)O)[C@H](C)O)[C@H](C)O)C(=O)N[C@@H](C)C(O)=O,0,pro_634,100000,5.0
C[C@H](O)[C@H](NC(=O)[C@H](CO)NC(=O)[C@H](CCCCN)NC(=O)[C@H](CCCNC(N)=N)NC(=O)[C@H](C)NC(=O)[C@@H](NC(=O)[C@H](CCC(N)=O)NC(=O)[C@H](CCCCNC1CC1c1ccccc1)NC(=O)[C@@H](NC(=O)[C@H](CCCNC(N)=N)NC(=O)[C@@H](C)N)[C@H](C)O)[C@H](C)O)C(=O)NCC(=O)NCC(=O)N[C@@H](CCCCN)C(=O)N[C@@H](C)C(=O)N1CCC[C@H]1C(=O)N[C@@H](CCCNC(N)=N)C(O)=O,0,pro_634,100000,5.0
C[C@H](O)[C@H](NC(=O)[C@H](CO)NC(=O)[C@H](CCCCN)NC(=O)[C@H](CCCNC(N)=N)NC(=O)[C@H](C)NC(=O)[C@@H](NC(=O)[C@H](CCC(N)=O)NC(=O)[C@H](CCCCNC1CC1c1ccccc1)NC(=O)[C@@H](NC(=O)[C@H](CCCNC(N)=N)NC(=O)[C@@H](C)N)[C@H](C)O)[C@H](C)O)C(=O)NCC(=O)NCC(=O)N[C@@H](CCCCN)C(=O)N[C@@H](C)C(=O)N1CCC[C@H]1C(=O)N[C@@H](CCCNC(N)=N)C(O)=O,0,pro_634,100000,5.0
CC(C)C[C@H](NC(=O)[C@H](CCC(N)=O)NC(=O)[C@H](CCCCN)NC(=O)[C@H](CCCNC(N)=N)NC(=O)[C@@H]1CCCN1C(=O)[C@H](C)NC(=O)[C@H](CCCCN)NC(=O)CNC(=O)CNC(=O)[C@@H](NC(=O)[C@H](CO)NC(=O)[C@H](CCCCN)NC(=O)[C@H](CCCNC(N)=N)NC(=O)[C@H](C)NC(=O)[C@@H](NC(=O)[C@H](CCC(N)=O)NC(=O)[C@H](CCCCNC1CC1c1ccccc1)NC(=O)[C@@H](NC(=O)[C@H](CCCNC(N)=N)NC(=O)[C@@H](C)N)[C@H](C)O)[C@H](C)O)[C@H](C)O)C(=O)N[C@@H](C)C(O)=O,0,pro_634,100000,5.0
O=C(NCCc1c[nH]c2ccccc12)c1cccc(c1)-c1ccccc1,0,pro_2228,1002000,6.000867721531227
COCCC1(CCN(CC1)S(=O)(=O)C[C@H]1CC[C@@H](CC1)N(C)c1ncnc2[nH]ccc12)C(N)=O,1,pro_1546,8,0.9030899869919436
C[C@@H]1C[C@@H](CS(=O)(=O)N2CCC[C@@H](O)C2)CC[C@@H]1N(C)c1ncnc2[nH]ccc12,1,pro_1546,6,0.7781512503836436
COC(=O)c1sccc1S(=O)(=O)Nc1ccc2nc3-c4[nH]c5ccccc5c4CCn3c(=O)c2c1,0,pro_3129,100000,5.0
Nc1ncccc1NCc1cccc(c1)-c1cccnc1,0,pro_5516,100000,5.0
COc1cncc(c1)-c1cccc(CNc2cccnc2N)c1,1,pro_5516,40000,4.6020599913279625
O=C(CNC(=O)C1=CC=NC2=NC=CC12)N1CCC[C@H]1C#N,0,pro_2655,100000,5.0
CCn1c2nc(\C=C\c3ccc(OC)c(OC)c3)n(C)c2c(=O)n(CC)c1=O,1,pro_6167,40000,4.6020599913279625
NC(=O)c1c(N)n(nc1-c1ccc(Oc2cccc(n2)C(F)(F)F)cc1)C1CCCN(C1)C#N,1,pro_2281,26800,4.4281347940287885
NC(=O)c1c(N)n(nc1-c1ccc(Oc2ncc(Cl)cc2F)cc1)C1CCCN(C1)C(=O)C=C,1,pro_2281,2,0.3010299956639812
NC(=O)c1c(N)n(nc1-c1ccc(Oc2cccc(n2)C(F)(F)F)cc1)[C@@H]1CCCN(C1)C#N,1,pro_2281,26800,4.4281347940287885
CCCc1c(OCCCCc2nnn[nH]2)ccc(C(C)=O)c1O,1,pro_3741,44000,4.643452676486188
O=S(=O)(N1CCc2cc(ccc12)C1CC1NCC1CCNCC1)c1ccc(cc1)-c1ccccc1,0,pro_634,89380,4.9512403503243405
COc1cccc(CNC[C@@H](O)[C@H](Cc2ccccc2)NC(=O)C2=CN(CC(=O)OC(C)C)C(C)=C(C2C)C(C)=O)c1,1,pro_5516,26100,4.416640507338281
CC(=O)N1CCN(CC1)C(=O)CC1(CC1)[C@H]1COC[C@@H](C2CC2)N1S(=O)(=O)c1ccc(F)cc1,1,pro_6167,30000,4.477121254719663
CC(C)N1CCN[C@H](C1)C(=O)N1CCN(CC1)C(=O)Nc1ccc(Cl)c(Cl)c1,0,pro_6088,60000,4.778151250383644
COC(=O)N1[C@@H](C)CCc2c1ccc1n([C@@H]3CCC[C@H](C3)C(O)=O)c(nc21)C1(CC1)c1cnccn1,0,pro_570,50500,4.703291378118662
Nc1nonc1-c1nc2ccccc2n1CC(=O)Nc1ccc2ccccc2c1,0,pro_3129,352000,5.546542663478131
NC(=O)c1cn(nc1Nc1ccc(cc1)S(=O)(=O)NCCN1CCOCC1)[C@@H]1CCCC[C@H]1C#N,1,pro_1546,1,0.0
CN(C)S(=O)(=O)c1ccc(Nc2nn(c3cc[nH]c(=O)c23)C2(CC#N)CCN(CC2)C(=O)OC2CCSCC2)cc1,1,pro_1546,1,0.0
NCc1ncc(s1)S(=O)(=O)c1cc2ccccc2c2ccccc12,0,pro_634,100000,5.0
NCc1ncc(s1)S(=O)(=O)c1cc2ccccc2c2ccccc12,0,pro_634,100000,5.0
CN(C)Cc1ccc(C(=O)NCc2ccco2)c(O)c1O,0,pro_427,100000,5.0
CN(C)Cc1ccc(C(=O)NCc2ccco2)c(O)c1O,0,pro_427,100000,5.0
Nc1cccc(C(=O)NCc2ccco2)c1O,0,pro_427,100000,5.0
[O-][N+](=O)c1ccc(o1)-c1nc2ccccc2[nH]1,1,pro_2218,31000,4.491361693834273
CS(=O)(=O)c1ccc(cc1)-c1nc(NCCCc2cccs2)cc(n1)C(F)(F)F,0,pro_3741,826457,5.917220262446452
CN(C)CCOC(c1ccccc1)c1ccccc1C,1,pro_6167,30000,4.477121254719663
Oc1ccc(Cl)cc1Cc1cc(Cl)ccc1O,0,pro_171,70000,4.845098040014257
OC(=O)CCCNC(=O)CCCCC(=O)C(c1ccccc1)c1ccccc1,0,pro_5516,500000,5.698970004336019
ON=CNc1ccc(Cc2ccccc2)cc1,0,pro_6167,100000,5.0
COC(=O)C(\O)=C\C(=O)c1cccc(Cc2ccccc2F)c1,1,pro_427,26000,4.414973347970818
COc1cc(OC)c(cc1O)[C@H](C=C)c1ccccc1O,0,pro_5516,180000,5.2552725051033065
CC(C)(C)OC(=O)N1CCC(CC#N)(CC1)n1cc(C(N)=O)c(Nc2ccnc(N)c2)n1,1,pro_1546,3,0.4771212547196624
NC(=O)c1cn(nc1Nc1ccnc(F)c1)C1(CC#N)CCN(CC1)C(=O)OCC(F)F,1,pro_1546,5,0.6989700043360189
C[C@@]1(N)Cc2cccc(CC[C@@H](NC(=O)c3cc(COC1=O)cc(c3)N(c1ccccc1)S(C)(=O)=O)c1ccccc1)c2,1,pro_5516,1,0.0
CN1C(=O)N(CCCCCC(=O)N2CCN(CC2)c2ccc3nnc(Cl)n3n2)C(c2ccccc2)c2cc(ccc12)-c1c(C)noc1C,1,pro_570,9,0.9542425094393248
CCN(CCO)C(=O)c1cc2ccccn2c1-c1cccc(OC)n1,1,pro_6088,33113,4.519998529118848
Cc1oc(=O)oc1COC(=O)c1ccc2n(C)c(=O)c3n(Cc4cc(F)ccc4Cl)c(nc3c2c1)N1CCC[C@@H](N)C1,1,pro_2655,4,0.6020599913279624
Cc1oc(=O)oc1COC(=O)c1ccc2n(C)c(=O)c3n(Cc4ccccc4Cl)c(nc3c2c1)N1CCC[C@@H](N)C1,1,pro_2655,6,0.7781512503836436
Cc1cc(C=C2C(=O)C=CC2=O)cc(C)c1O,0,pro_2281,440000,5.643452676486188
CC(C)(C)c1cc(C=C2C(=O)C=CC2=O)cc(c1O)C(C)(C)C,0,pro_2281,320000,5.505149978319906
Fc1ccc(Nc2c(cnc3ccc(NC(=O)C(=C)CN4CCOCC4)cc23)C#N)cc1Cl,0,pro_2281,2700225,6.431399953857929
Fc1cccc(COc2ccc(Nc3ncnc4cc(sc34)-c3ccc(CNCC#N)o3)cc2Cl)c1,1,pro_2281,3,0.4771212547196624
CN(C)Cc1ccc(o1)-c1cc2ncnc(Nc3ccc(OCc4cccc(F)c4)c(Cl)c3)c2s1,1,pro_2281,2,0.3010299956639812
O=C(Nc1ccccc1)C(CC(=O)c1ccccc1)N1CCOCC1,0,pro_2892,100000,5.0
Cc1ccc(C)c(c1)C(=O)CC(N1CCOCC1)C(=O)Nc1ccccc1,1,pro_3129,34120,4.533009022495485
COc1ccc(cc1)C(=O)CC(N1CCOCC1)C(=O)Nc1ccccc1,0,pro_3129,100000,5.0
CC(C)c1ccc(cc1)C(=O)CC(N1CCOCC1)C(=O)Nc1ccccc1,0,pro_2892,100000,5.0
CN1CCN(CC1)c1ccc(Nc2ncc3C(=O)CC4N(c3n2)C(C)(C)CNC4=O)nc1,0,pro_2228,100000,5.0
COc1ccc(NC(=S)Nc2nc(cs2)-c2cc3cccc(OC)c3oc2=O)cc1,1,pro_2892,41180,4.614686342282012
NC(=S)NN=Cc1ccc(O[C@@H]2OC[C@@H](OC(=O)c3ccccc3)[C@@H](OC(=O)c3ccccc3)[C@H]2OC(=O)c2ccccc2)cc1,1,pro_2892,46430,4.666798683666174
CO\N=C/c1ccc(O[C@@H]2OC[C@@H](OC(=O)c3ccccc3)[C@@H](OC(=O)c3ccccc3)[C@H]2OC(=O)c2ccccc2)cc1,1,pro_3129,45830,4.661149857244786
O=Cc1ccc(O[C@@H]2OC[C@@H](OC(=O)c3ccccc3)[C@@H](OC(=O)c3ccccc3)[C@H]2OC(=O)c2ccccc2)cc1,0,pro_3129,64270,4.8080082999104
O=NCc1ccc(O[C@@H]2OC[C@@H](OC(=O)c3ccccc3)[C@@H](OC(=O)c3ccccc3)[C@H]2OC(=O)c2ccccc2)cc1,1,pro_3129,39600,4.597695185925512
NC(=S)NN=Cc1ccc(O[C@@H]2OC[C@@H](OC(=O)c3ccccc3)[C@@H](OC(=O)c3ccccc3)[C@H]2OC(=O)c2ccccc2)cc1,1,pro_2892,46430,4.666798683666174
NC(=O)NN=Cc1ccc(O[C@@H]2OC[C@@H](OC(=O)c3ccccc3)[C@@H](OC(=O)c3ccccc3)[C@H]2OC(=O)c2ccccc2)cc1,1,pro_3129,48720,4.687707279624819
O=Cc1ccc(O[C@@H]2OC[C@@H](OC(=O)c3ccccc3)[C@H](OC(=O)c3ccccc3)[C@H]2OC(=O)c2ccccc2)cc1,1,pro_2892,34960,4.543571423962366
CCN1CCC2(C[C@@H]2C(=O)N[C@@H](CCCCCC(=O)CC)c2ncc(o2)-c2cc3cn(C)nc3cc2OC)CC1,0,pro_6088,60000,4.778151250383644
COC(=O)c1cc(Cn2c(=O)cc(N3CCC[C@@H](N)C3)n(CC#CC)c2=O)ccc1F,1,pro_2655,1,0.0
COC(=O)c1cc(Cn2c(=O)cc(N3CCC[C@@H](N)C3)n(CC#CC)c2=O)ccc1Br,1,pro_2655,1,0.0
CC#CCn1c(cc(=O)n(Cc2cccc(c2)C(=O)N[C@@H](C)C(O)=O)c1=O)N1CCC[C@@H](N)C1,1,pro_2655,9,0.9542425094393248
CC#CCn1c(cc(=O)n(Cc2ccc(Br)cc2C(O)=O)c1=O)N1CCC[C@@H](N)C1,1,pro_2655,4,0.6020599913279624
CC#CCn1c(cc(=O)n(Cc2cc(ccc2C(O)=O)C#N)c1=O)N1CCC[C@@H](N)C1,1,pro_2655,3,0.4771212547196624
COC(=O)c1ccc(F)c(Cn2c(=O)cc(N3CCC[C@@H](N)C3)n(CC#CC)c2=O)c1,1,pro_2655,4,0.6020599913279624
COC(=O)c1cccc(Cn2c(=O)cc(N3CCC[C@@H](N)C3)n(CC#CC)c2=O)c1F,1,pro_2655,7,0.8450980400142568
CC#CCn1c(cc(=O)n(Cc2cc(ccc2F)C(O)=O)c1=O)N1CCC[C@@H](N)C1,1,pro_2655,2,0.3010299956639812
COc1ccc(C(O)=O)c(Cn2c(=O)cc(N3CCC[C@@H](N)C3)n(CC#CC)c2=O)c1,1,pro_2655,4,0.6020599913279624
COC(=O)c1ccc(Cn2c(=O)cc(N3CCC[C@@H](N)C3)n(CC#CC)c2=O)cc1,1,pro_2655,9,0.9542425094393248
CC#CCn1c(cc(=O)n(Cc2cc(Br)ccc2C(O)=O)c1=O)N1CCC[C@@H](N)C1,1,pro_2655,2,0.3010299956639812
CCC1CN=C2N(C1)C(N)=NC21c2cc(ccc2CC11CCC(CC1)OC)-c1cc(F)cc(Cl)c1,1,pro_5516,7,0.8450980400142568
Cc1c2C(=O)N(CN3CCN(CC3)c3ccccc3F)C(=O)c2c(C)n1-c1cccc(Cl)c1,1,pro_3741,44900,4.652246341003323
COc1ccccc1N1CCN(CN2C(=O)c3c(C)n(c(C)c3C2=O)-c2ccccc2)CC1,1,pro_3741,46400,4.666517980554881
Cc1c2C(=O)N(CN3CCN(CC3)c3ccccc3)C(=O)c2c(C)n1-c1cccc(Cl)c1,1,pro_3741,43900,4.642464520242122
CCOc1ccccc1N1CCN(CN2C(=O)c3c(C)n(c(C)c3C2=O)-c2ccccc2)CC1,1,pro_3741,42700,4.630427875025024
Cc1c2C(=O)N(CN3CCN(CC3)c3ccccc3)C(=O)c2c(C)n1-c1ccccc1,1,pro_3741,42500,4.628388930050312
COc1ccc(cc1)C(CCc1ccc(O)cc1OC)c1c(OC)cc(\C=C\c2ccc(O)cc2)cc1OC,1,pro_2655,36900,4.567026366159061
OC(CC1c2ccccc2-c2cncn12)C1CCNCC1,0,pro_171,120000,5.079181246047625
OC(CC1c2ccccc2-c2cncn12)C1CCNCC1,0,pro_171,120000,5.079181246047625
O=C(N1CCCC1)c1cnc(CCc2ccccc2)[nH]1,0,pro_2218,62000,4.792391689498254
OC(=O)COc1ccccc1\C=N\NC(=O)CSc1nc2ccccc2[nH]1,0,pro_427,120000,5.079181246047625
OC(=O)COc1ccccc1\C=N\NC(=O)CSc1nc2ccccc2[nH]1,0,pro_427,120000,5.079181246047625
CC#CCn1c(nc2cnn(CC3=Nc4ccccc4Oc4ccccc34)c(=O)c12)N1CCC[C@@H](N)C1,1,pro_2655,3,0.4771212547196624
NC\C(COc1ccc(cc1)S(=O)(=O)CC12CCC(CC1)(CC2)C1(O)CC1)=C/F,1,pro_2714,30000,4.477121254719663
CC1(C)SCCN([C@H]1C(=O)NO)S(=O)(=O)c1ccc(Oc2ccncc2)cc1,1,pro_2218,1,0.0
CN1CCN(CC1)c1nccc(NCc2ccccc2)n1,0,pro_3129,100000,5.0
OCCN1CCN(CC1)c1nccc(NCc2ccccc2)n1,1,pro_5467,26400,4.421603926869831
Cc1cc(O)c(C(=O)\C=C\c2ccc(Br)s2)c(=O)o1,0,pro_427,65000,4.812913356642856
CCNC(=O)CC1N=C(c2c(C)c(C)sc2-c2cn(C)c(=O)cc12)c1ccc(Cl)cc1,1,pro_570,2,0.3010299956639812
FC(F)(F)c1ccc(Oc2ccc3nc(ccc3c2)C(=O)N2CCC2)nc1,1,pro_6088,26400,4.421603926869831
CC(=O)Nc1cc(ccn1)C(=O)Nc1cncc(OCC2CCN(Cc3ccc(F)cc3)CC2)c1,1,pro_5467,9,0.9542425094393248
CC(C)CS(=O)(=O)N1CCC[C@@H](C1)Nc1ncccc1-c1cnc2[nH]ncc2n1,1,pro_1546,1,0.0
Fc1ccc(Nc2c(cnc3c(Cl)cc(N[C@H](C4=CN(CC#N)NN4)c4cscn4)cc23)C#N)cc1Cl,1,pro_2281,7,0.8450980400142568
NCCN1NNC(=C1)[C@@H](Nc1cc(Cl)c2ncc(C#N)c(Nc3ccc(F)c(Cl)c3)c2c1)c1cscn1,1,pro_2281,3,0.4771212547196624
CC1(CC1)[C@@H]1C[C@@H]2CSC(N)=N[C@@]2(CO1)c1ccc(F)cc1F,0,pro_5516,37000000,7.568201724066995
NC1=N[C@@]2(CO[C@@H](C[C@@H]2CS1)C1CC1)c1ccccc1F,1,pro_5516,25710,4.41010207664286
NC1=N[C@@]2(CO[C@@H](C[C@@H]2[C@H](CF)S1)C1CC1)c1ccc(F)cc1F,0,pro_5516,100000,5.0
NC1=N[C@@]2(CO[C@@H](C[C@@H]2CS1)C1CC1)c1ccc(F)cc1F,0,pro_5516,100000,5.0
S=C(CNC1CCCCC1)N1CCCCC1,0,pro_2655,1000000,6.0
CCc1ccc(Sc2c(N)c3C(=O)c4ccccc4C(=O)c3c(N)c2Sc2ccc(CC)cc2)cc1,0,pro_5516,253000,5.4031205211758175
CC(C)(C)S(=O)(=O)c1ccc(Nc2nn(c3cc[nH]c(=O)c23)[C@@]2(CC#N)CCOC2)cc1,1,pro_1546,2,0.3010299956639812
CC(C)N(CC(=O)NO)C(=O)CN(CCc1ccc(F)cc1)C(=O)Nc1ccc(Oc2ccccc2)cc1,0,pro_2218,90000,4.954242509439325
Cc1nnc2CCc3cc(ccc3-n12)-c1cncc(c1)[C@@](C)(O)C(F)(F)F,1,pro_6088,30000,4.477121254719663
Cc1c(Cc2ccccc2)sc(NCC(=O)COc2ccc3ccccc3c2)c1C(N)=O,0,pro_2281,100000,5.0
OC(=O)c1ccc(cc1)-c1ccc(\C=C2/SC(=N)NC2=O)o1,1,pro_2228,47000,4.672097857935717
COC(=O)N1[C@@H](C)CCc2c1ccc1n(CCN3CCOCC3)c(nc21)C(C)(C)C,0,pro_570,50500,4.703291378118662
O=C1CCc2ccc(OCCc3ccccc3)cc2N1,0,pro_2714,53700,4.729974285699556
CN(C)c1nc(Cc2ccc(NC(=O)c3ccc(cc3)C(F)(F)F)cc2)nc(N(C)C)c1CC(O)=O,1,pro_6167,30000,4.477121254719663
CN(C)S(=O)(=O)c1ccc(Nc2nn(c3cc[nH]c(=O)c23)C2(CC#N)CCN(CC2)C(=O)OC2CCOCC2)cc1,1,pro_1546,1,0.0
NC(=O)c1nn(-c2ccccn2)c2c1ccc1[nH]ncc21,1,pro_2228,8,0.9030899869919436
CN(O)c1ccc(\C=C\C(=O)c2cc3ccccc3o2)c2ccccc12,1,pro_3741,25530,4.407050814804251
CS(=O)(=O)c1ccc(cc1)-c1occ(Cl)c(=S)c1-c1ccc(F)cc1,0,pro_3741,835795,5.922099768723252
Clc1ccc(NC(=O)CN2CCCC2=O)cc1S(=O)(=O)N1CCCC1,0,pro_570,50119,4.700002397142254
Cc1noc(CN[C@H]2CC2c2ccccc2)n1,1,pro_2714,38000,4.57978359661681
C[C@H](C(=O)Nc1ccc(F)cc1)C12CC(C1)(C2)Nc1ncnc2ccccc12,1,pro_171,5,0.6989700043360189
C[C@H](C(=O)Nc1ccc(F)cc1)C12CC(C1)(C2)Nc1ncnc2ccc(F)cc12,1,pro_171,3,0.4771212547196624
O=c1n2CCc3c([nH]c4ccccc34)-c2nc2ccccc12,0,pro_3129,100000,5.0
CS(=O)(=O)c1ccc(cc1)-c1cc(Cl)cnc1-c1ccc(CO[C@@H]2O[C@H]([C@@H](O)[C@H](O)[C@@H]2O)C(O)=O)nc1,1,pro_3741,33000,4.518513939877888
CC(NC(=O)C1(N)CCN(CC1)c1ncnc2[nH]ccc12)c1ccccn1,1,pro_6088,33300,4.52244423350632
C[C@H](N1CC[C@@](CCC(N)=O)(OC1=O)c1ccccc1)c1ccc(OC(F)F)cc1,1,pro_6167,30000,4.477121254719663
C[C@H](N1CC[C@@](CCC(N)=O)(OC1=O)c1ccc(F)cc1)c1ccc(OC(F)F)cc1,1,pro_6167,27000,4.431363764158988
CCN(Cc1ccccc1)Cc1ccc(cc1)-c1cc2cc(OCCNC(=O)\C=C\c3cc(F)cc(F)c3)ccc2oc1=O,1,pro_5467,7,0.8450980400142568
CCN(Cc1ccccc1)Cc1ccc(cc1)-c1cc2cc(OCCNC(=O)\C=C\c3ccc(Cl)c(Cl)c3)ccc2oc1=O,0,pro_5467,267000,5.426511261364575
O=C1c2nnn(Cc3ccccc3)c2C(=O)c2nnn(Cc3ccccc3)c12,1,pro_171,1,0.0
Oc1ccc(CCNc2nc3scnn3c(=O)c2[N+]([O-])=O)cc1,0,pro_2655,100000,5.0
Oc1ccc2CN(CCc3ccccc3)C(=O)c2c1O,1,pro_427,28000,4.447158031342219
CCCCNC(=O)C1N(CC(C)c2ccc(Cl)cc2)C(=O)c2ccccc12,1,pro_6088,32000,4.505149978319906
CCOC(=O)c1cnc2ccccc2c1N1CCN(CC(=O)Nc2n[nH]c3ncccc23)CC1,0,pro_2892,100000,5.0
Clc1ccc2c(ccnc2c1)N1CCN(CC(=O)Nc2n[nH]c3ncccc23)CC1,0,pro_3129,100000,5.0
CCOC(=O)c1cnc2ccccc2c1N1CCN(CC(=O)Nc2n[nH]c3ncccc23)CC1,0,pro_2892,100000,5.0
CCOC(=O)c1cnc2ccc(C)cc2c1N1CCN(CC(=O)Nc2n[nH]c3ncccc23)CC1,0,pro_3129,100000,5.0
C[C@H](O)C(=O)N1CC[C@H](COc2cc(cc(c2)-c2ncnc(Nc3ccc(cc3)N3CCN(CC3)C3COC3)n2)C#N)C1,0,pro_1546,1000000,6.0
OCC(=O)N1CC[C@H](COc2cc(cc(c2)-c2ncnc(Nc3ccc(cc3)N3CCN(CC3)C3COC3)n2)C#N)C1,0,pro_1546,658000,5.818225893613955
NS(=O)(=O)OC[C@@H]1C[C@H](C[C@@H]1O)n1ccc2c(N[C@H]3CCc4ccccc34)ncnc12,1,pro_6088,40000,4.6020599913279625
NC\C(COc1ccc(cc1)S(=O)(=O)COC1CCOCC1)=C/F,1,pro_2714,30000,4.477121254719663
CCOC(=O)c1cnc(s1)-c1ccncc1,0,pro_2228,125000,5.096910013008056
CCOC(=O)c1sc(nc1NC)-c1ccncc1,0,pro_2228,125000,5.096910013008056
CCOC(=O)c1sc(nc1C)-c1ccncc1,0,pro_2228,125000,5.096910013008056
CCOC(=O)c1sc(nc1O)-c1ccncc1,0,pro_2228,125000,5.096910013008056
CCOC(=O)c1sc(nc1N)-c1ccncc1,0,pro_2228,125000,5.096910013008056
NC(=O)c1sc(nc1O)-c1ccncc1,0,pro_2228,125000,5.096910013008056
CCOC(=O)c1sc(nc1O)-c1ccnc(CC)c1,0,pro_2228,125000,5.096910013008056
CCOC(=O)c1sc(nc1N(C)C)-c1ccncc1,0,pro_2228,125000,5.096910013008056
CCOC(=O)c1sc(nc1OC)-c1ccncc1,0,pro_2228,125000,5.096910013008056
OC(=O)c1sc(nc1O)-c1ccncc1,0,pro_2228,125000,5.096910013008056
CN(C)C(=O)c1sc(nc1O)-c1ccncc1,0,pro_2228,125000,5.096910013008056
CNC(=O)c1sc(nc1O)-c1ccncc1,0,pro_2228,125000,5.096910013008056
CN1C(NC(N)=N)=NC(=O)C1=Cc1cc(c(O)c(c1)C(C)(C)C)C(C)(C)C,0,pro_3741,81000,4.9084850188786495
CC(C)C[C@H]1N([C@@H](C(=O)N(C)CCO)c2coc(C)n2)C(=O)[C@H](NC1=O)C1Cc2ccccc2C1,0,pro_6167,100000,5.0
CC(C)C[C@H]1N([C@@H](C(=O)NC(C)C)c2coc(C)n2)C(=O)[C@H](NC1=O)C1Cc2ccccc2C1,0,pro_6167,100000,5.0
S=c1oc(nn1CCC#N)-c1ccc(OCc2ccccc2)cc1,1,pro_634,4,0.6020599913279624
C[C@@]1(N=C(N)S[C@]2(C[C@@H]12)C(=O)NCC(F)F)c1cc(\C=C(/F)c2cnc(OCC#C)cn2)cnc1F,1,pro_5516,2,0.3010299956639812
Cn1c(O)c(C(=O)NCc2ccccc2)c(=O)n(O)c1=O,1,pro_427,37000,4.568201724066995
COC(=O)C(Cc1ccc(F)cc1)NC(=O)[C@H](CCC(O)=O)NC(=O)\C=C\c1ccc(OC)c(OC)c1,0,pro_2218,76500,4.883661435153618
Cc1ccc(cc1)-c1ccc(s1)S(=O)(=O)N(CCN1CCOCC1)[C@@H]1CC=CCN(O)C1=O,1,pro_2218,7,0.8450980400142568
CC(=O)c1cccc(NC(=O)c2cc3ccccc3[nH]2)c1,0,pro_2281,57000,4.755874855672492
CC(=O)N1N=C(CC1c1cccc(c1)[N+]([O-])=O)c1ccc(cc1)-c1ccccc1,0,pro_5467,1020000,6.008600171761918
CC(=O)N1N=C(CC1c1ccc(cc1)[N+]([O-])=O)c1ccc(cc1)-c1ccccc1,0,pro_5467,1550000,6.190331698170292
O=C(C[C@@H]1C[C@H](NC1=O)C(=O)N1CCC[C@H]1C#N)N1CCN(CC1)c1ccncc1,0,pro_2655,100000,5.0
Cc1cc(cc(Cl)n1)C(=O)Nc1ccc(cc1)[C@H]1CNCCO1,0,pro_6088,73180,4.864392405150589
Cc1cc(cc(C)n1)C(=O)Nc1ccc(cc1)[C@H]1CNCCO1,0,pro_6088,711500,5.852174904420303
COCCOC(=O)NC1CCC(CC1)[C@@H](NS(=O)(=O)c1ccc(cc1)-c1ccc(OC)cc1)C(O)=O,1,pro_2218,5,0.6989700043360189
COc1ccc(cc1)-c1ccc(cc1)S(=O)(=O)N[C@H](C1CCCCC1)C(O)=O,1,pro_2218,8,0.9030899869919436
COCCOC(=O)N(C)C1CCCC(C1)C(NS(=O)(=O)c1ccc(cc1)-c1ccc(OC)cc1)C(O)=O,1,pro_2218,8,0.9030899869919436
C[C@@H]1CN([C@H](Cc2cc(ccc2F)-c2ncccn2)CO1)C(=O)c1cccc(C)c1-n1nccn1,1,pro_6167,32000,4.505149978319906
C[C@@H]1CN([C@H](Cc2cccc(c2)-c2ncccn2)CO1)C(=O)c1cccc(C)c1-n1nccn1,1,pro_6167,40000,4.6020599913279625
Oc1cc(O)c2c(c1)oc(-c1ccc(O)c(O)c1)c(O)c2=O,1,pro_634,38660,4.587261849692534
CS(=O)(=O)Nc1ccc(O)c2c1oc(cc2=O)-c1ccccc1Cl,0,pro_2228,219000,5.340444114840119
COc1ccc(cc1)-c1cc(=O)c2ccccc2o1,1,pro_634,27870,4.445136968713304
Cc1c(O)ccc2c1oc(cc2=O)-c1ccccc1,0,pro_3129,100000,5.0
O=c1cc(oc2ccccc12)-c1ccccc1,0,pro_2281,224000,5.350248018334163
Oc1ccc(c(O)c1)-c1cc(=O)c2c(O)cc(O)cc2o1,0,pro_5516,60600,4.782472624166286
COc1cc2oc(cc(=O)c2c(OC)c1OC)-c1cccc(O)c1,0,pro_2892,100000,5.0
Nc1ccc(cc1)-c1cc(=O)c2cc(N)c(O)c(N)c2o1,0,pro_2281,100000,5.0
CC(C)C[C@@H](NC(=O)OC(C)(C)C)C(=O)Nc1ccc(O)c2c1oc(cc2=O)-c1ccccc1Cl,0,pro_2228,417000,5.620136054973758
Nc1ccc(cc1)-c1cc(=O)c2c(O)ccc(N)c2o1,0,pro_2281,100000,5.0
CC(C)C[C@H](NC(=O)OC(C)(C)C)C(=O)Nc1ccc(O)c2c1oc(cc2=O)-c1ccccc1Cl,0,pro_2228,417000,5.620136054973758
Nc1ccc(cc1)-c1cc(=O)c2cc(O)cc(N)c2o1,0,pro_2281,100000,5.0
COc1ccc(cc1)-c1cc(=O)c2ccc(OC)cc2o1,1,pro_634,49720,4.696531119969607
Oc1cc(O)c2c(c1)oc(-c1ccc(O)c(O)c1)c(O)c2=O,1,pro_634,38660,4.587261849692534
Oc1ccc2c(c1)oc(cc2=O)-c1ccccc1,0,pro_3129,100000,5.0
Oc1cc(O)c2c(c1)oc(cc2=O)-c1ccccc1,1,pro_3741,25500,4.406540180433956
Nc1ccc(cc1)-c1cc(=O)c2cc(N)cc(N)c2o1,0,pro_2281,100000,5.0
Nc1ccc(cc1)-c1cc(=O)c2ccc(O)c(N)c2o1,0,pro_2281,100000,5.0
Nc1ccc(cc1)-c1cc(=O)c2c(N)c(O)c(N)cc2o1,0,pro_2281,100000,5.0
Oc1ccc(cc1)-c1oc2cc(O)cc(O)c2c(=O)c1O,0,pro_2655,132000,5.12057393120585
Oc1ccc(cc1O)-c1cc(=O)c2ccc(O)c(O)c2o1,0,pro_2228,500000,5.698970004336019
Oc1ccc(cc1)-c1cc(=O)c2c(O)cc(O)cc2o1,0,pro_5467,64270,4.8080082999104
COc1cc2oc(cc(=O)c2c(OC)c1OC)-c1cccc(O)c1,0,pro_2892,100000,5.0
Oc1ccc2c(c1)oc(-c1ccccc1)c(O)c2=O,0,pro_2655,200000,5.301029995663981
Oc1cc(O)c2c(c1)oc(-c1ccc(O)c(O)c1)c(O)c2=O,1,pro_634,38660,4.587261849692534
Oc1ccc(c(O)c1)-c1cc(=O)c2c(O)cc(O)cc2o1,0,pro_5516,60600,4.782472624166286
Oc1ccc(cc1)-c1cc(=O)c2c(O)c(O)c(O)c(O)c2o1,0,pro_2228,150000,5.176091259055681
COc1ccc(cc1)-c1cc(=O)c2c(O)cc(O)cc2o1,0,pro_2281,140000,5.146128035678238
CC(C)=CCc1c(O)cc(O)c2c1oc(-c1ccc(O)cc1O)c(CC=C(C)C)c2=O,0,pro_3741,100000,5.0
COc1c(O)cc(O)c2c1oc(cc2=O)-c1ccccc1,1,pro_3741,46000,4.662757831681574
Nc1ccc(cc1)-c1cc(=O)c2cccc(N)c2o1,0,pro_2281,100000,5.0
Oc1cc(O)c2c(c1)oc(-c1ccc(O)c(O)c1)c(O)c2=O,1,pro_634,38660,4.587261849692534
Oc1ccc(cc1O)-c1cc(=O)c2ccccc2o1,0,pro_2228,500000,5.698970004336019
CCC(C)OC(=O)Nc1ccc(O)c2c1oc(cc2=O)-c1ccccc1Cl,0,pro_2228,417000,5.620136054973758
Nc1cccc(c1)-c1cc(=O)c2cc(N)c(O)cc2o1,0,pro_2281,100000,5.0
Oc1cc2oc(cc(=O)c2c(O)c1O)-c1ccccc1,0,pro_2655,200000,5.301029995663981
CN(C)CCCCOc1ccc2c(oc(cc2=O)-c2ccccc2)c1C,0,pro_3129,100000,5.0
OC(=O)CN1C(=S)S\C(=C/c2sc(Br)c3OCCOc23)C1=O,0,pro_2218,50600,4.704150516839799
Fc1ccc(cc1)C(NC(=O)CCC(=O)NCC(=O)N1CCC[C@H]1C#N)c1ccc(F)cc1,0,pro_2655,100000,5.0
NS(=O)(=O)c1ccc(cc1)N=Nc1c2c(ccc3[nH][nH]nc23)[nH]c1=O,1,pro_2228,9,0.9542425094393248
Cc1cccc(Nc2ncnc3cnc(NCCN4CCOCC4)nc23)c1,1,pro_2281,2,0.3010299956639812
COc1cc(c(OC)cc1CN(C)C)-c1cn(C)c(=O)c(C)c1C,0,pro_570,67479,4.829168637970142
COc1cc(ccc1CN(C)C)-c1cc(C)c(=O)n(C)c1,0,pro_570,81300,4.910090545594068
COc1cc(c(OC)cc1CN(C)C)-c1cc(C)c(=O)n(C)c1C,0,pro_570,100000,5.0
COc1cc(cc(OC)c1CN(C)C)-c1cc(C)c(=O)n(C)c1C,1,pro_570,30652,4.486458816884649
COc1cc(c(OC)cc1CN(C)C)-c1cn(C)c(=O)c(C)c1C,0,pro_570,67479,4.829168637970142
COc1cc(cc(OC)c1CN(C)C)-c1cn(C)c(=O)c(C)c1C,1,pro_570,42281,4.6261452503796185
FC1(F)C[C@@H](C#N)N(C1)C(=O)CNC(=O)c1csc(Cc2ccc(cc2)-c2ccc(Cl)cc2)n1,0,pro_2655,100000,5.0
FC1(F)C[C@@H](C#N)N(C1)C(=O)CNC(=O)c1csc(Cc2ccc(cc2)-c2ccc(cc2)C#N)n1,0,pro_2655,100000,5.0
CCOC(=O)C(\O)=C\C(=O)c1cn(Cc2ccc(F)cc2)c2cc(ccc2c1=O)N1CCCC1,0,pro_427,110000,5.041392685158225
N#CCc1nnc(Cc2nc3ccccc3[nH]2)o1,0,pro_2281,100000,5.0
COC(=O)C1C[C@]23CCO[C@H]2[C@@]2(C[C@@H]4C[C@]56CC(=O)O[C@H]5CCN5CC[C@]7([C@H]4N(C2)c2c7cccc2OC)[C@H]65)CN2CC[C@@]4([C@H]32)C1=Nc1ccccc41,0,pro_2892,91000,4.959041392321094
COC(=O)C1C[C@]23CCO[C@H]2[C@@]2(C[C@@H]4C[C@]56CC(=O)O[C@H]5CCN5CC[C@]7([C@H]4N(C2)c2c7cccc2OC)[C@H]65)[C@@H](O)N2CC[C@@]4([C@H]32)C1=Nc1ccccc41,0,pro_2892,94000,4.973127853599698
COC(=O)N1[C@@H](C)CCc2c1ccc1n(CC3CCS(=O)(=O)CC3)c(Cc3ccccc3)nc21,0,pro_570,50500,4.703291378118662
CN1C[C@@H]2C[C@H]1CN2c1cc(Nc2ncc(C)c(Nc3cccc(CO)c3)n2)c(F)c(c1)C(F)F,1,pro_1546,30000,4.477121254719663
CN1C[C@@H]2C[C@H]1CN2c1ccc(F)c(Nc2ncc(C)c(Nc3cccc(CO)c3)n2)c1,1,pro_1546,30000,4.477121254719663
CCCCNC(=O)Oc1ccc2N(C)C3=NCCCN3C(=O)c2c1,1,pro_3129,43910,4.642563437104388
O=C1N2CCCN=C2Nc2ccccc12,1,pro_2892,29620,4.47158505418519
O=C1N2CCCN=C2Nc2ccccc12,1,pro_2892,29620,4.47158505418519
CN1C2=NCCCN2C(=O)c2cc(O)ccc12,0,pro_3129,55530,4.744527673472566
CN1C2=NCCCN2C(=O)c2cc(O)ccc12,0,pro_3129,55530,4.744527673472566
Cc1cccn(CC2(NC(=O)NC2=O)c2ccncc2)c1=O,0,pro_2218,100000,5.0
Oc1ccc(-c2nnc(s2)-c2ccc(Cl)cc2Cl)c(O)c1,0,pro_3129,500000,5.698970004336019
COc1ccc(OC)c(c1)-c1nnc(s1)-c1ccc(O)cc1O,0,pro_3129,63280,4.80126647048962
COc1ccccc1-c1nnc(s1)-c1ccc(O)cc1O,0,pro_3129,212380,5.327113616464969
Cc1cc(ccc1[N+]([O-])=O)-c1nnc(s1)-c1ccc(O)cc1O,0,pro_3129,147620,5.169145200991198
COc1ccc(cc1OC)-c1nnc(s1)-c1ccc(O)cc1O,0,pro_3129,500000,5.698970004336019
Oc1ccc(-c2nnc(s2)-c2ccccc2[N+]([O-])=O)c(O)c1,0,pro_3129,57320,4.758306181725307
Oc1ccc(-c2nnc(s2)-c2ccc(cc2)C(F)(F)F)c(O)c1,1,pro_3129,26490,4.423081958297231
Oc1ccc(-c2nnc(s2)-c2cc(Cl)cc(Cl)c2)c(O)c1,1,pro_2892,45260,4.65571454961871
Oc1ccc(-c2nnc(s2)-c2ccc(O)cc2O)c(O)c1,1,pro_3129,26740,4.427161402925965
COc1cc(cc(OC)c1OC)-c1nnc(s1)-c1ccc(O)cc1O,0,pro_3129,196210,5.292721137774543
Oc1ccc(-c2nnc(s2)-c2cccc(c2)[N+]([O-])=O)c(O)c1,1,pro_3129,32140,4.507045872427326
Oc1ccc(-c2nnc(s2)-c2ccccc2Cl)c(O)c1,0,pro_3129,196240,5.292787535198329
COC(=O)N1[C@@H](C)CCc2c1ccc1n([C@H]3CC[C@@H](CC3)C(O)=O)c(nc21)C1(CC1)Oc1ccccc1,0,pro_570,50500,4.703291378118662
Cc1c(cccc1-c1nc2c(OCC3CCCCC3)nc(N)nc2[nH]1)C(O)=O,0,pro_2228,100000,5.0
CCc1cc2cnc(CN3CCN(CC3)c3ccc(nc3)C(=O)NC)cc2[nH]c1=O,1,pro_6088,40000,4.6020599913279625
CCOc1ccc(cc1)C1=NN(C(C1)c1ccc(cc1)C(=O)OC(C)Cn1c(C)ncc1[N+]([O-])=O)C(C)=O,1,pro_2281,26977,4.430993651937548
COC(=O)N1[C@@H](C)CCc2c1ccc1n(CCN3CCC4(CCO4)CC3)c(Cc3ccccc3)nc21,0,pro_570,50500,4.703291378118662
CC(=O)c1ccc(OCCCCCCN2CCN(CC2)c2ccccn2)cc1O,1,pro_2892,25800,4.41161970596323
O=C(NN1CCOCC1)Nc1csc(Cc2ccccc2)n1,0,pro_2228,100000,5.0
COc1cccc(CC2CCN(CCCCOc3ccc4c(c3)oc(=O)c3ccccc43)CC2)c1,1,pro_5467,27400,4.437750562820388
Nc1ncc(-c2nc(nc(n2)N2CCOCC2)N2CCOCC2)c(n1)C(F)F,0,pro_6167,100000,5.0
Fc1ccc(NC(=O)C2(CCC2)c2ccc3N(CCc3c2)c2ccccn2)cc1,1,pro_171,3,0.4771212547196624
Clc1ccc(NC(=O)C2(CCC2)c2ccc3N(CCc3c2)c2ccccn2)cc1,1,pro_171,1,0.0
CCn1cc(Nc2ncc(C(N)=O)c(NCC(C)C)n2)cn1,1,pro_1546,4,0.6020599913279624
CC(C)CCNc1nc(Nc2cnn(CC(C)(C)C)c2)ncc1C(N)=O,1,pro_1546,2,0.3010299956639812
CC(=C)CCNc1nc(Nc2cnn(c2)C(C)(C)C)ncc1C(N)=O,1,pro_1546,1,0.0
CCNC(=O)[C@@H]1C[C@H]1[C@]12COC[C@H]1CSC(N)=N2,0,pro_5516,58000,4.763427993562937
CCCCC(=O)N[C@@H]1C[C@H]1[C@]12COC[C@H]1CSC(N)=N2,0,pro_5516,100000,5.0
FC(F)(F)c1coc(NC(=O)C2c3ccccc3Oc3ccccc23)n1,1,pro_6167,30000,4.477121254719663
CC([C@@H]1[C@H]2C[C@@H](C[C@@H]12)Oc1ccnc2ccc(F)cc12)c1nc2cc(ccc2[nH]1)C(F)(F)F,1,pro_171,1,0.0
OC12C3C4C5C3C(C3C5CC4C13)N2Cc1ccc(CNCC#C)cc1,0,pro_2714,56230,4.749968083509403
Nc1ccc(CN2C3C4C5C6C4C2(O)C2C6CC5C32)cc1,0,pro_2714,100000,5.0
NCc1ccc(CN2C3C4C5C6C4C2(O)C2C6CC5C32)cc1,0,pro_2714,100000,5.0
CC[C@@H](NC(=O)N1CCc2cnc(NC3CCOCC3)nc2C1)c1ccc(C#N)c(Cl)c1,1,pro_2228,2,0.3010299956639812
C[C@@H](NC(=O)N1CCc2cnc(N[C@H]3CCO[C@@H](CO)C3)nc2C1)c1ccc(Cl)c(Cl)c1,1,pro_2228,2,0.3010299956639812
Clc1ccc(cc1)C(=O)NC1(CCC1)c1ccc2N(CCc2n1)C(=O)OC1CC1,1,pro_171,4,0.6020599913279624
NC(=O)[C@@H]1CCCN1C(=O)CNCCNc1ccc(cn1)C#N,0,pro_2655,434000,5.63748972951251
[O-][N+](=O)c1ccc(NCCNCC(=O)N2CCC[C@H]2C#N)nc1,1,pro_2655,8,0.9030899869919436
F[C@H]1C[C@@H](C#N)N(C1)C(=O)CNCCNc1ccc(Cl)cn1,1,pro_2655,2,0.3010299956639812
[O-][N+](=O)c1ccc(NCCNCC(=O)N2CCC[C@H]2C#N)nc1,1,pro_2655,8,0.9030899869919436
F[C@H]1C[C@@H](C#N)N(C1)C(=O)CNCCNc1ccc(cn1)C#N,1,pro_2655,1,0.0
Nc1ccc(cc1NC(=O)c1cnc2cc(ccc2c1)N1CCNCC1)-c1ccncc1,0,pro_6088,100000,5.0
[Br-].[Br-].C(CCCCCC[n+]1cccc2ccccc12)CCCCC[n+]1ccccc1,1,pro_5467,4,0.6020599913279624
CS(=O)(=O)c1ccc(cc1)-c1nc(NC2CCCCC2)cc(n1)C(F)(F)F,0,pro_3741,4192953,6.622519994300766
CS(=O)(=O)c1ccc(cc1)-c1nc(NC2CCCCC2)cc(n1)C(F)(F)F,0,pro_3741,4192953,6.622519994300766
Clc1ccc(COc2ccc3CCCC(=O)c3c2)cc1,1,pro_634,4,0.6020599913279624
O=C1CCCc2ccc(OCc3cccc(c3)C#N)cc12,1,pro_634,3,0.4771212547196624
O=C1CCCc2ccc(OCc3ccc(cc3)C#N)cc12,1,pro_634,1,0.0
Cc1ccc(COc2ccc3CCCC(=O)c3c2)cc1,1,pro_634,3,0.4771212547196624
Brc1ccc(COc2ccc3CCCC(=O)c3c2)cc1,1,pro_634,3,0.4771212547196624
Brc1cccc(COc2ccc3CCCC(=O)c3c2)c1,1,pro_634,3,0.4771212547196624
Clc1cccc(COc2ccc3CCCC(=O)c3c2)c1,1,pro_634,4,0.6020599913279624
O=C1CCCc2ccc(OCc3ccccc3)cc12,1,pro_634,1,0.0
FC(F)(F)c1ccc(COc2ccc3CCCC(=O)c3c2)cc1,1,pro_634,7,0.8450980400142568
Fc1cccc(COc2ccc3CCCC(=O)c3c2)c1,1,pro_634,1,0.0
CCCCc1ccc(Nc2nc3ccccc3nc2NS(=O)(=O)c2ccc(Cl)cc2)cc1,0,pro_5516,100000,5.0
Cc1ccc(cc1-c1ccc(cn1)C(=O)NCC1CC1)C(=O)NC1CC1,0,pro_6167,100000,5.0
Cc1c(F)cc(cc1-c1ccc(cn1)C(=O)NCC1CC1)C(=O)NC1CC1,0,pro_6167,63095,4.799994944688714
CCN1CCC2(C[C@@H]2C(=O)N[C@@H](CCCCCC(=O)CC)c2ncc([nH]2)-c2cc3ccc(=O)n(C)c3cc2OC)CC1,0,pro_6088,60000,4.778151250383644
ONC(=O)C(CCN1C(=O)c2ccccc2S1(=O)=O)COc1ccc(cc1)-c1ccccc1,1,pro_2218,7,0.8450980400142568
CC#CCn1c(nc2ccn(Cc3ccc4ccc(F)cc4n3)c2c1=O)N1CCC[C@@H](N)C1,1,pro_2655,4,0.6020599913279624
COc1cccc(CN(C)[C@@H](C)[C@H]2[C@H](O)C[C@@]3(C)[C@@H]4CC[C@@H]5[C@]6(C[C@@]46C(=O)C[C@]23C)CC[C@@H]2N=C(SC[C@@]52C)C(C)C)c1,1,pro_2892,6,0.7781512503836436
CC(C)C1=N[C@H]2CC[C@]34C[C@@]33[C@@H](CC[C@H]4[C@]2(C)CS1)[C@]1(C)C[C@@H](O)[C@H]([C@H](C)N(C)Cc2ccccc2)[C@@]1(C)CC3=O,1,pro_5467,7,0.8450980400142568
CC(C)C1=N[C@H]2CC[C@]34C[C@@]33[C@@H](CC[C@H]4[C@]2(C)CS1)[C@]1(C)C[C@@H](O)[C@H]([C@H](C)N(C)Cc2ccc(cc2)C(F)(F)F)[C@@]1(C)CC3=O,1,pro_2892,7,0.8450980400142568
COc1cccc(CN(C)[C@@H](C)[C@H]2[C@H](O)C[C@@]3(C)[C@@H]4CC[C@@H]5[C@]6(C[C@@]46C(=O)C[C@]23C)CC[C@@H]2N=C(SC[C@@]52C)C(C)C)c1,1,pro_2892,6,0.7781512503836436
CC(C)C1=N[C@H]2CC[C@]34C[C@@]33[C@@H](CC[C@H]4[C@]2(C)CS1)[C@]1(C)C[C@@H](O)[C@H]([C@H](C)N(C)Cc2cccc(c2)C(F)(F)F)[C@@]1(C)CC3=O,1,pro_2892,9,0.9542425094393248
CC(C)C1=N[C@H]2CC[C@]34C[C@@]33[C@@H](CC[C@H]4[C@]2(C)CS1)[C@]1(C)C[C@@H](O)[C@H]([C@H](C)N(C)Cc2ccc(cc2)C(F)(F)F)[C@@]1(C)CC3=O,1,pro_2892,7,0.8450980400142568
COc1ccc(CN(C)[C@@H](C)[C@H]2[C@H](O)C[C@@]3(C)[C@@H]4CC[C@@H]5[C@]6(C[C@@]46C(=O)C[C@]23C)CC[C@@H]2N=C(SC[C@@]52C)C(C)C)cc1,1,pro_5467,9,0.9542425094393248
CC(C)C1=N[C@H]2CC[C@]34C[C@@]33[C@@H](CC[C@H]4[C@]2(C)CS1)[C@]1(C)C[C@@H](O)[C@H]([C@H](C)N(C)Cc2cccc(c2)C(F)(F)F)[C@@]1(C)CC3=O,1,pro_2892,9,0.9542425094393248
Nc1noc2nccc(-c3ccccc3)c12,0,pro_171,100000,5.0
CC1CCC(C)N1Cc1cc2OC(C(=Cc2cc1Cl)C(O)=O)C(F)(F)F,0,pro_3741,96000,4.982271233039569
Cl.Oc1ccc2cc(C(=O)CCN3CCN(Cc4ccccc4)CC3)c(=O)oc2c1,1,pro_634,41110,4.61394747678035
Oc1cc(OCCCCN2CCN(Cc3ccccc3)CC2)cc2occ(-c3ccc(OCCCCN4CCN(Cc5ccccc5)CC4)cc3)c(=O)c12,1,pro_5467,25100,4.399673721481038
CC(C)(O)Cn1c2ccccc2[nH]\c1=N/C(=O)c1cc(F)cc(c1)-c1cccnc1,0,pro_2281,100000,5.0
CC(C)(O)Cn1c2ccccc2[nH]\c1=N/C(=O)c1cccc(c1)-c1cccnc1,0,pro_2281,100000,5.0
COc1ccc(CC(=O)OCC(=O)Nc2c3CCCCc3nc3ccccc23)c(OC)c1OC,1,pro_2892,5,0.6989700043360189
Brc1cccc(Nc2nccc(OCC3CCCCC3)n2)c1,1,pro_2228,26000,4.414973347970818
NC(=O)c1ccc(Nc2nc(N)cc(OCC3CCCCC3)n2)cc1,0,pro_2228,59000,4.770852011642145
Cn1ccc2c(cccc2c1=O)[C@H](Nc1cc(Cl)c2ncc(C#N)c(NCC(C)(C)C)c2c1)C1=CN(NN1)C1(C)COC1,1,pro_2281,2,0.3010299956639812
Cn1ccc2c(cccc2c1=O)[C@H](Nc1cc(C#N)c2ncc(C#N)c(NCC(C)(C)C)c2c1)C1=CN(NN1)C1(C)COC1,1,pro_2281,1,0.0
CC(C)(C)OC(=O)NC1(CCC1)C(=O)N1CC(C1)C#Cc1ccc2c(c1)occ(-c1ccc(NS(C)(=O)=O)cc1)c2=O,0,pro_634,130000,5.113943352306837
CS(=O)(=O)Nc1ccc(cc1)-c1coc2cc(ccc2c1=O)C#CC1CN(C1)C(=O)C1CCC1,0,pro_634,130000,5.113943352306837
CS(=O)(=O)Nc1ccc(cc1)-c1coc2cc(ccc2c1=O)C#CC1CN(C1)C(=O)C1CC(F)(F)C1,0,pro_2714,130000,5.113943352306837
CC1(O)CC(C1)C(=O)N1CC(C1)C#Cc1ccc2c(c1)occ(-c1ccc(NS(C)(=O)=O)cc1)c2=O,0,pro_2714,130000,5.113943352306837
NS(=O)(=O)c1ccc(NN=C2C(=O)Nc3ccc(cc23)C(=O)NCc2cccnc2)cc1,1,pro_2228,2,0.3010299956639812
Cc1ccc(C(O)=O)c(c1)C(=O)N1CCC(CN2CCC(CC2)Oc2ccc(CO)c(Cl)c2)CC1,0,pro_6088,100000000,8.0
OCc1ccc(OC2CCN(CC3CCN(CC3)C(=O)c3ccccc3C(O)=O)CC2)cc1Cl,0,pro_6088,97723722,7.989999999575228
CC(C)(C)c1cnc(CSc2cnc(N[C@H]3CC[C@H](O)CC3)s2)o1,1,pro_2228,7,0.8450980400142568
Clc1ccc(NC(=O)c2ccc(Nc3nc(-c4ccccc4)c4cc(Br)ccc4n3)cc2)c(c1)C(=O)c1ccccc1,0,pro_5516,100000,5.0
C[C@@H]([C@H]1CC[C@H]2[C@@H]3CC[C@H]4C[C@@H](NC(=O)c5ccccc5)[C@@H](O)C[C@]4(C)[C@H]3CC[C@]12C)N(C)C,0,pro_5467,77625,4.890001613184636
C[C@@H]([C@H]1CC[C@H]2[C@@H]3CC[C@H]4C[C@H](CC[C@]4(C)[C@H]3CC[C@]12C)NC(=O)c1ccccc1)N(C)C,1,pro_5467,28840,4.459995256047391
O=c1cc(nc(Cc2nc3ccccc3n2C2CCCCC2)[nH]1)N1CCOCC1,1,pro_6167,40000,4.6020599913279625
CS(=O)Cc1ccc(C(=O)Nc2cccnc2C(=O)NCC2CCOCC2)c2ccccc12,1,pro_6088,32000,4.505149978319906
COc1ccc(cc1)-c1nc(sc1-c1ccc(OC)cc1)C(=O)N1CCN(C)CC1,0,pro_3741,65000,4.812913356642856
CC(=O)N1CCN(N=Cc2c(C)nc3sccn23)C1=O,1,pro_2892,35000,4.544068044350276
COCCOc1ccc2c(c1)nc(NCCCCNC(=O)OC1CCCC1)c1nnc(C)n21,1,pro_570,7,0.8450980400142568
Cc1[nH]nc2Oc3nc4CCCCc4c(N)c3C(c12)c1ccc(cc1)-c1ccccc1,0,pro_3129,61200,4.786751422145561
CC(C)CN1C(=O)c2cccc3c(ccc1c23)S(=O)(=O)NC1CCCCC1,1,pro_570,30000,4.477121254719663
CN1C(=O)c2cccc3c(ccc1c23)S(=O)(=O)NC1CCCCC1,1,pro_570,30000,4.477121254719663
O=C1Nc2ccc(c3cccc1c23)S(=O)(=O)NC1CCCCC1,1,pro_570,30000,4.477121254719663
Cc1ccc(c(c1)C(=O)N1C[C@]2(F)CN(C[C@]2(F)C1)c1nc2ccccc2o1)-n1nccn1,1,pro_6088,30000,4.477121254719663
COc1cc(CC(=O)NC(CC(C)C)[C@@H](O)CC(=O)N[C@H](C(C)C)C(=O)N[C@H](C)C(=O)N[C@H](CCC(O)=O)C(=O)N[C@H](Cc2ccccc2)C(O)=O)cc(OC)c1OC,0,pro_5516,94000,4.973127853599698
CC(C)CC(NC(=O)Cc1ccccc1)[C@@H](O)CC(=O)N[C@H](C(C)C)C(=O)N[C@H](C)C(=O)N[C@H](CCC(O)=O)C(=O)N[C@H](Cc1ccccc1)C(O)=O,0,pro_5516,130000,5.113943352306837
CC(C)CC(NC(=O)Cc1ccc(F)cc1F)[C@@H](O)CC(=O)N[C@H](C(C)C)C(=O)N[C@H](C)C(=O)N[C@H](CCC(O)=O)C(=O)N[C@H](Cc1ccccc1)C(O)=O,0,pro_5516,140000,5.146128035678238
CNC(=O)Oc1cccc(CN(C)CCCCCCCOc2ccc3C(=O)C(CCc3c2)=Cc2cc(OC)c(OC)c(OC)c2)c1,1,pro_5467,4,0.6020599913279624
CNC(=O)Oc1cccc(CN(C)CCCCCCCOc2ccc3C(=O)C(CCc3c2)=Cc2cc(O)c(O)c(O)c2)c1,1,pro_5467,4,0.6020599913279624
CN1CCN(CC1)c1ccc(cn1)-c1cnc2cccc(-c3cc(F)c(CN4CCS(=O)(=O)CC4)c(F)c3)c2n1,1,pro_1546,6,0.7781512503836436
Nc1c(C(O)=O)c2nc3c(cccc3oc2cc1=O)C(O)=O,0,pro_634,65000,4.812913356642856
Nc1c(C(O)=O)c2nc3c(cccc3oc2cc1=O)C(O)=O,0,pro_634,65000,4.812913356642856
NC(=O)c1cn(nc1Nc1ccnc(F)c1)C1(CC#N)CCC(CC1)Nc1ccccc1Cl,1,pro_1546,7,0.8450980400142568
NC(=O)c1cn(nc1Nc1ccnc(F)c1)C1(CC#N)CCC(CC1)Nc1ccc(F)cc1F,1,pro_1546,1,0.0
NC(=O)c1cn(nc1Nc1ccnc(F)c1)C1(CC#N)CCC(CC1)Nc1ccccc1F,1,pro_1546,1,0.0
COc1ccc(cc1)-c1n[nH]c2-c3cccc(NC(=O)CN4CCC(CC4)C(N)=O)c3C(=O)c12,1,pro_2228,8,0.9030899869919436
OC(=O)C(F)(F)F.CC(C)C[C@H](NC(=O)[C@H](C)NC(=O)[C@H](CCCNC(N)=N)NC(C)=O)[C@@H](O)CC(=O)NCCCC(N)=O,0,pro_5516,100000,5.0
CCCCSC(=O)OCC[N+](C)(C)C,0,pro_5467,1000000,6.0
CCCCNC(=O)[C@H](NC(=O)C[C@H](O)C(CC(C)C)NC(=O)[C@H](CCSC)NC(=O)[C@@H](NC(=O)OC(C)(C)C)C(C)C)C(C)C,0,pro_5516,200000,5.301029995663981
C[N+](C)(C)CCC=C,0,pro_5467,847227,5.927999787708687
CCCCCCCCCCCCC[C@H](CC(=O)NO)C(=O)N[C@H](C(=O)NC)C(C)(C)C,1,pro_2218,3,0.4771212547196624
CCC(C)C(N)C(=O)N(CC)CC,0,pro_2655,500000,5.698970004336019
CC(C)C[C@H](N)C(=O)N[C@@H](C)C(=O)N[C@@H](CCCNC(N)=N[N+]([O-])=O)C(=O)NO,0,pro_2218,1710600,6.233148467693104
OCC(O)C#CC#CCCCCC#CC#C\C=C\Br,0,pro_427,156000,5.193124598354462
CCCCN=C(CN=O)N(C)C,0,pro_5467,54000,4.732393759822968
CNC(=O)[C@@H](NC(=O)[C@H](CC(C)C)[C@H](O)C(=O)NO)C(C)(C)C,1,pro_2218,6,0.7781512503836436
COC(=O)[C@H](CC(C)C)NC(=O)[C@@H](O)CN,0,pro_2218,681700,5.833593293998456
O=N[Fe--](C#N)(C#N)(C#N)(C#N)C#N,1,pro_5467,4,0.6020599913279624
CC(C)N(CP(O)(O)=O)CP(O)(O)=O,0,pro_5467,9110000,6.959518376972999
CC(C)(O)C(Cl)(Cl)Cl,0,pro_6088,4365158,6.639999967923897
C[N+](C)(C)CCCCCBr,0,pro_5467,534564,5.727999708016124
CCC(C)(C)C(O)=O,0,pro_6167,10000000,7.0
CC(=O)NO,0,pro_2218,15000000,7.176091259055681
CCCCCCSC(=O)OCC[N+](C)(C)C,0,pro_5467,80000,4.903089986991944
OCC(O)C#CC#CCCCCCCC#C\C=C\Br,0,pro_427,154000,5.187520720836464
CCCC(=O)SCC[N+](C)(C)C,0,pro_5467,125892,5.099998133076532
CCCCCCCCCCCCCCCCOP([O-])(=O)OCC[N+](C)(C)C,0,pro_6167,100000,5.0
CP(=O)(OCC#C)OC(C(F)(F)F)C(F)(F)F,0,pro_5467,65000,4.812913356642856
NC(O)=O,0,pro_5467,67000,4.826074802700827
[Na+].NCCCC(O)(P(O)(O)=O)P(O)([O-])=O,0,pro_2218,100000,5.0
CC(C)NP(=O)(NC(C)C)OP(=O)(NC(C)C)NC(C)C,0,pro_2892,100000,5.0
CC(C)C[C@H](N)C(=O)N[C@@H](CCCNC(N)=N[N+]([O-])=O)C(=O)NO,0,pro_2218,5308900,6.725004544919757
CC(C)NP(=O)(NC(C)C)OP(=O)(NC(C)C)NC(C)C,0,pro_2892,100000,5.0
CN(C)C(=N)N=C(N)N,1,pro_2655,29000,4.4623979978989565
CCC(C)C(N)C(=O)N(C)CC,0,pro_2655,167000,5.222716471147583
CC(C)C[C@H](NC(=O)[C@H](C)NC(=O)[C@H](CCCNC(N)=N)NC(C)=O)[C@@H](O)CC(=O)N[C@@H](CCC(N)=O)C(N)=O,0,pro_5516,100000,5.0
CSCC[C@H](NC(=O)[C@@H](NC(C)=O)C(C)C)C(=O)NC(CC(C)C)C(O)CC(=O)N[C@@H](C(C)C)C(O)=O,0,pro_5516,100000,5.0
CNC(=O)[C@@H](NC(=O)[C@H](CC(C)C)CC(=O)NO)C(C)(C)C,1,pro_2218,7,0.8450980400142568
CC(C)CCNC(=O)P(O)(O)=O,1,pro_2218,30000,4.477121254719663
CCSCC[N+](C)(C)C,0,pro_5467,1510080,6.178999955662856
C[N+](C)(C)CCCl,0,pro_5467,2387811,6.377999948543823
CCS(=O)(=O)NO,0,pro_3741,100000,5.0
CC(C)C[C@H](NC(=O)OC(C)(C)C)C(=O)N[C@@H](CCCNC(N)=N[N+]([O-])=O)C(=O)NO,0,pro_2218,5684600,6.754699910729208
CC(NC(=O)NCCNC(=O)NC(C)C(O)=O)C(O)=O,0,pro_5516,500000,5.698970004336019
CP(=O)(OCC#C)OC(C(F)(F)F)C(F)(F)F,0,pro_5467,65000,4.812913356642856
CSC(=O)SC,0,pro_171,100000,5.0
CCC(C)C(N)C(=O)N(C)C,0,pro_2655,360000,5.556302500767288
CNC(=O)[C@@H](NC(=O)[C@H](CC(C)C)[C@H](O)C(=O)NO)C(C)(C)C,1,pro_2218,6,0.7781512503836436
CSCC[C@H](NC(=O)OC(C)(C)C)C(=O)N[C@@H](CCCNC(N)=N[N+]([O-])=O)C(=O)NO,0,pro_2218,1935500,6.2867931756549735
CNC(=O)C(NC(=O)[C@H](CC(C)C)[C@H](O)C(=O)NO)C(C)(C)C,1,pro_2218,6,0.7781512503836436
CC(C)(C)OC(=O)NCCCCCCNCC(N)=O,0,pro_634,54300,4.734799829588847
CNC(=O)[C@@H](NC(=O)[C@H](CC(C)C)[C@H](O)C(=O)NO)C(C)(C)C,1,pro_2218,6,0.7781512503836436
CC(C)[C@H](NC(=O)OC(C)(C)C)C(=O)N[C@@H](CCCNC(N)=N[N+]([O-])=O)C(=O)NO,0,pro_2218,3464200,6.539602957360611
CCCSC(=O)OCC[N+](C)(C)C,0,pro_5467,5000000,6.698970004336019
CC(C)C[C@H](NC(=O)OC(C)(C)C)C(=O)N[C@@H](C)C(=O)N[C@@H](CCCNC(N)=N[N+]([O-])=O)C(=O)NO,0,pro_2218,2895800,6.461768563776563
OP(O)(=O)C(Cl)(Cl)P(O)(O)=O,0,pro_2218,145000,5.161368002234975
C[N+](C)(C)CCCC=C,0,pro_5467,1129795,6.052999648398879
CSCC[C@H](NC(=O)[C@@H](NC(C)=O)C(C)C)C(=O)NC(CC(C)C)C(O)CC(=O)N[C@@H](C(C)C)C(=O)N[C@@H](C)C(O)=O,0,pro_5516,100000,5.0
CC(C)C[C@H](NC(=O)[C@H](C)NC(=O)[C@H](CCCNC(N)=N)NC(C)=O)[C@@H](O)CC(=O)N[C@@H](C)C(N)=O,0,pro_5516,100000,5.0
CSCCC[C@H](N)C(=O)N[C@@H](CCCNC(N)=N[N+]([O-])=O)C(=O)NO,0,pro_2218,4204200,6.623683367877219
NNC(N)=O,1,pro_634,6,0.7781512503836436
CC(C)C[C@H](NC(=O)OC(C)(C)C)C(=O)NCC(=O)N[C@@H](CCCNC(N)=N[N+]([O-])=O)C(=O)NO,0,pro_2218,2976200,6.473662112350275
CC(C)C[C@H](NC(=O)[C@H](CC(N)=O)NC(=O)[C@@H](NC(=O)[C@@H](N)CCC(O)=O)C(C)C)[C@@H](O)CC(N)=O,0,pro_5516,91000,4.959041392321094
CC(C)C[C@H](NC(=O)[C@@H](O)CN)C(O)=O,0,pro_2218,364200,5.561339941458901
OCC(O)C#CC#CCCCC\C=C\C#C\C=C\Br,0,pro_427,155000,5.190331698170292
CSCC[C@H](NC(=O)[C@@H](NC(=O)OC(C)(C)C)C(C)C)C(=O)NC(CC(C)C)[C@@H](O)CC(=O)N[C@H](C(C)C)C(=O)NO,0,pro_5516,94000,4.973127853599698
OC(COS(O)(=O)=O)C#CC#CCCCCCCCC\C=C\Br,0,pro_427,73600,4.866877814337499
COCCN=C(CN=O)N(C)C,0,pro_5467,200000,5.301029995663981
CCC(C)C(N(C(C(C)CC)C(O)=O)C(=O)C(N)CC(C)C)C(O)=O,1,pro_3741,34600,4.539076098792776
CCCN(C)C(=O)C(N)C(C)CC,0,pro_2655,377000,5.576341350205793
CCCC[C@@H](NC(=O)[C@@H](N)CC)B(O)O,1,pro_2655,32000,4.505149978319906
CNC(=O)[C@@H](NC(=O)[C@H](CC(C)C)[C@H](O)C(=O)NO)C(C)(C)C,1,pro_2218,6,0.7781512503836436
CCCCC(CN(O)C=O)C(=O)N[C@H](C(=O)N(C)C)C(C)(C)C,0,pro_2218,100000,5.0
CN(CP(O)(O)=O)CP(O)(O)=O,0,pro_5467,28090000,7.448551739201578
OP(O)(=O)CP(O)(O)=O,1,pro_2218,49000,4.690196080028514
C[N+](C)(C)CCO,0,pro_5467,3013006,6.478999996513815
CNC(=O)[C@@H](NC(=O)[C@H](CC(C)C)[C@](C)(CC=C)C(=O)NO)C(C)(C)C,1,pro_2218,2,0.3010299956639812
CCCCC(CC)CN(CP(O)(O)=O)CP(O)(O)=O,0,pro_5467,9480000,6.976808337338066
CO\C=C(/[C@H]1C[C@@H]2N(CCc3c2[nH]c2ccccc32)C\C1=C/C)C(=O)OC,0,pro_5467,63800,4.804820678721162
CS(=O)(=O)c1ccc(cc1)-c1ncccc1-c1ccccc1,0,pro_3741,300000,5.477121254719663
CS(=O)(=O)c1ccc(cc1)-c1cccnc1-c1ccccc1,1,pro_3741,39000,4.5910646070265
N#CC[C@H]1CCC(CC1)n1c(nc2cnc3[nH]ccc3c12)-c1c[nH]cn1,1,pro_1546,1,0.0
Oc1ccccc1C(=O)CCc1cccc(OCCCCN2CCc3ccccc3C2)c1,1,pro_634,26700,4.426511261364575
COc1cc2O\C(=C/c3ccc(CN(C)Cc4ccccc4)c(O)c3)C(=O)c2cc1OC,1,pro_5467,26300,4.419955748489758
COC(=O)N1[C@@H](C)CCc2c1ccc1n(CCN3CCNCC3)c(Cc3ccccc3)nc21,0,pro_570,50500,4.703291378118662
COC(=O)\C=C1/S\C(=N/C(=O)c2ccc(Cl)cc2)N(C1=O)c1ccc(cc1)N1\C(S\C(=C/C(=O)OC)C1=O)=N\C(=O)c1ccc(Cl)cc1,0,pro_634,56100,4.748962861256161
CCOC(=O)N1CCCc2nc(ccc12)[C@@H](C)NC(=O)c1ccc(F)cc1,1,pro_171,3,0.4771212547196624
Cc1noc(C)c1-c1cnc2c(c1)n(C(C1CCOCC1)c1ccncc1F)c1cc(ccc21)C(C)(C)O,1,pro_570,5,0.6989700043360189
CCCNC(=O)C1(CCC1)c1ccc(NC(=O)c2cccc(Cl)c2)cc1,1,pro_171,9,0.9542425094393248
CCCNC(=O)C1(CCC1)c1ccc(NC(=O)c2cccc(Cl)c2)cc1,1,pro_171,9,0.9542425094393248
CCCNC(=O)C1(CCC1)c1ccc(NC(=O)c2ccc(F)c(C)c2)cc1,1,pro_171,8,0.9030899869919436
CCCNC(=O)C1(CCC1)c1ccc(NC(=O)c2cccc(Cl)c2)cc1,1,pro_171,9,0.9542425094393248
COc1cc(\C=C(/C#N)C(N)=O)cc(CSc2nc3cc(Cl)ccc3s2)c1O,0,pro_2281,83000,4.919078092376074
CCOc1ccc2sc(SCc3cc(\C=C(/C#N)C(N)=O)cc(OC)c3O)nc2c1,0,pro_2281,165958,5.219998192400623
CCOc1ccc2nc(SCc3cc(\C=C(/C#N)C(N)=O)cc(OC)c3O)sc2c1,0,pro_2281,100000,5.0
CC#CCn1c(NC[C@H](C)N)nc2cnn(Cc3nc(C)c4ccccc4n3)c(=O)c12,1,pro_2655,2,0.3010299956639812
Nc1ccnc(NC(=O)c2ccc(cc2)C(F)(F)F)c1,0,pro_3741,100000,5.0
Nc1cccnc1NC(=O)c1ccc(cc1)C(F)(F)F,0,pro_3741,100000,5.0
Nc1ccc(NC(=O)c2cccc(c2)C(F)(F)F)nc1,0,pro_3741,100000,5.0
Nc1cccnc1NC(=O)c1cccc(c1)C(F)(F)F,0,pro_3741,100000,5.0
Nc1ccc(NC(=O)c2ccc(cc2)C(F)(F)F)nc1,0,pro_3741,210000,5.32221929473392
Fc1c(F)c(F)c(C(=O)Nc2ccc(Cl)cn2)c(F)c1F,1,pro_570,32230,4.508260305512335
COC(=O)c1cc(Nc2ccccc2)c(Nc2ccccc2)cc1C(=O)OC,0,pro_2281,100000,5.0
Cc1sc2nc(SCC(=O)Nc3ccccc3Cl)n(-c3ccc(C)cc3)c(=O)c2c1C,0,pro_2281,81600,4.911690158753861
Cl.Clc1cc(cnc1Cl)C(=O)NCCCCCCCCCNc1c2CCCCc2nc2ccccc12,1,pro_2892,3,0.4771212547196624
Cl.Clc1cc(cnc1Cl)C(=O)NCCCCCCCCCNc1c2CCCCc2nc2ccccc12,1,pro_2892,3,0.4771212547196624
CN(C(C)=O)c1ccc(NC(=O)COc2ccc(Br)cc2Cl)cc1,0,pro_570,50920,4.706888394981618
Cc1cccc(OCC(=O)Nc2cc(C)ccc2O)c1,1,pro_1546,40000,4.6020599913279625
C[C@H]1C[C@H](Oc2ccc(cc2C#N)-c2ncnc(Nc3ccc(cc3)N3CCN(CC3)C3COC3)n2)[C@H](F)CN1C(=O)[C@@H]1CCC(=O)N1,0,pro_1546,1000000,6.0
CN1[C@@H](CCC1=O)C(=O)N1CC[C@H](Oc2ccc(cc2C#N)-c2ncnc(Nc3ccc(N4CCN(CC4)C4COC4)c(F)c3)n2)[C@H](F)C1,0,pro_1546,1000000,6.0
F[C@H]1C[C@H](NC1=O)C(=O)N1CC[C@H](Oc2ccc(cc2C#N)-c2ncnc(Nc3ccc(cc3)N3CCN(CC3)C3COC3)n2)[C@H](F)C1,0,pro_1546,1000000,6.0
F[C@@H]1C[C@H](NC1=O)C(=O)N1CC[C@H](Oc2ccc(cc2C#N)-c2ncnc(Nc3ccc(cc3)N3CCN(CC3)C3COC3)n2)[C@H](F)C1,0,pro_1546,1000000,6.0
F[C@@H]1CN(CC[C@@H]1Oc1ccc(cc1C#N)-c1ncnc(Nc2ccc(N3CCN(CC3)C3COC3)c(F)c2)n1)C(=O)C1CCC(=O)N1,0,pro_1546,305000,5.484299839346786
F[C@@H]1CN(CCC1Oc1ccc(cc1C#N)-c1ncnc(Nc2ccc(cc2)N2CCN(CC2)C2COC2)n1)C(=O)[C@@H]1CCC(=O)N1,0,pro_1546,375000,5.574031267727719
C[C@H]1CN(CCN1c1ccc(Nc2ncnc(n2)-c2ccc(O[C@H]3CCN(C[C@H]3F)C(=O)C3CCC(=O)N3)c(c2)C#N)cc1)C1COC1,0,pro_1546,1000000,6.0
C[C@@H]1CN(CCN1C1COC1)c1ccc(Nc2ncnc(n2)-c2ccc(O[C@H]3CCN(C[C@H]3F)C(=O)[C@@H]3CCC(=O)N3)c(c2)C#N)cc1,0,pro_1546,363000,5.559906625036112
Cc1cc(Nc2ncnc(n2)-c2ccc(O[C@H]3CCN(C[C@H]3F)C(=O)C3CCC(=O)N3)c(c2)C#N)ccc1N1CCN(CC1)C1COC1,0,pro_1546,101000,5.004321373782642
F[C@@H]1CN(CCC1Oc1ccc(cc1C#N)-c1ncnc(Nc2ccc(cc2)N2CCN(CC2)C2COC2)n1)C(=O)[C@H]1CCC(=O)N1,0,pro_1546,292000,5.465382851448418
C[C@H]1C[C@H](Oc2ccc(cc2C#N)-c2ncnc(Nc3ccc(cc3)N3CCN(CC3)C3COC3)n2)[C@H](F)CN1C(=O)[C@H]1CCC(=O)N1,0,pro_1546,1000000,6.0
CN1[C@@H](CCC1=O)C(=O)N1CC[C@H](Oc2ccc(cc2C#N)-c2ncnc(Nc3ccc(cc3)N3CCN(CC3)C3COC3)n2)[C@H](F)C1,0,pro_1546,1000000,6.0
FC1(F)CN(CC[C@@H]1Oc1ccc(cc1C#N)-c1ncnc(Nc2ccc(cc2)N2CCN(CC2)C2COC2)n1)C(=O)C1CCC(=O)N1,0,pro_1546,146000,5.164352855784437
OC(=O)c1cc(-c2ccc(cc2)[C@@H]2C[C@@H]3C[C@H]2NC3=O)c2ccc(cc2c1)-c1ccc(cc1)C(F)(F)F,1,pro_6088,30000,4.477121254719663
Cn1c(nc(cc1=O)-c1ccncc1F)N1CCO[C@@H]2COC[C@@H]12,0,pro_6167,545000,5.7363965022766426
C[C@@H](NC(=O)c1cc(cc(c1)S(=O)(=O)CCC(N)(CO)Cc1ccccc1)N(C)S(C)(=O)=O)c1ccc(F)cc1,0,pro_5516,100000,5.0
CC(C)c1ccc(C)cc1OC(=O)NC1CCCC1,0,pro_2892,419640,5.62287687835687
CC(C)c1ccc(C)cc1OC(=O)NC1CCCC1,0,pro_2892,419640,5.62287687835687
CN1C(=O)N(CCCCCCN2CCN(CC2)c2ccc3nnc(Cl)n3n2)C(c2ccccc2)c2cc(ccc12)-c1c(C)noc1C,1,pro_570,3,0.4771212547196624
CNc1nc2ccccc2n1-c1nc2N3CCOC[C@H]3COc2c(n1)C(C)(C)S(C)(=O)=O,1,pro_6167,39000,4.5910646070265
CNc1nc2ccccc2n1-c1nc2N3CCOC[C@H]3COc2c(n1)C(C)(C)S(C)(=O)=O,1,pro_6167,39000,4.5910646070265
COC(=O)N1[C@@H](C)CCc2c1ccc1n(CCN3CC[C@H](C3)NC(C)=O)c(CCn3ccccc3=O)nc21,0,pro_570,50500,4.703291378118662
COC(=O)N1[C@@H](C)CCc2c1ccc1n(CCN3CC[C@@H](C3)C(N)=O)c(CCn3ccccc3=O)nc21,0,pro_570,50500,4.703291378118662
CC(C)(C)COc1ccc2Oc3ccc(cc3[C@@]3(COC(N)=N3)c2c1)-c1cncnc1,1,pro_5516,2,0.3010299956639812
CC(C)(C)COc1ccc2Oc3ccc(cc3[C@@]3(COC(N)=N3)c2c1)-c1cncnc1,1,pro_5516,2,0.3010299956639812
CCOC(=O)O[C@@H]1C[C@@H]2Oc3c(c(CCl)ccc3OC)[C@]2(CCN(C)C(=O)OCC)C=C1,0,pro_2892,650000,5.812913356642856
C[C@@H](C(=O)Nc1ncc(SCc2ncc(o2)C(C)(C)C)s1)c1ccccc1,1,pro_2228,6,0.7781512503836436
CC(C)(C)c1cnc(CSc2cnc(NC(=O)Cc3ccc(CNC(CO)CO)cc3)s2)o1,1,pro_2228,3,0.4771212547196624
CC(C)(C)c1cnc(CSc2cnc(NC(=O)Cc3ccccc3)s2)o1,1,pro_2228,3,0.4771212547196624
O=NCC1=NCCN1Cc1ccccc1,1,pro_5467,44000,4.643452676486188
CCOc1cc(ccc1Nc1ncc2cc(C)nc(N3CCC3(C)C)c2n1)-c1nncn1C,1,pro_2228,26000,4.414973347970818
COCCN1CCN(C1=O)c1cc(F)ccc1CNC(=O)c1nc(C2CCOC2)n(C)c(=O)c1O,1,pro_427,3,0.4771212547196624
CN1CCN(C1=O)c1cc(F)ccc1CNC(=O)c1nc(C2CCOC2)n(C)c(=O)c1O,1,pro_427,6,0.7781512503836436
COc1cc2cc(NC(=O)[C@H]3CCC[C@H](C3)NCc3ccccc3)c(=O)oc2cc1OC,1,pro_3129,33000,4.518513939877888
CC(C(=O)NCCCCCCCCNc1c2CCCCc2nc2ccccc12)c1ccc(c(F)c1)-c1ccc(OCCO[N+]([O-])=O)cc1,1,pro_3129,1,0.0
CC(C(=O)NCCCCCCCCNc1c2CCCCc2nc2ccccc12)c1ccc(c(F)c1)-c1ccc(OCCCCCCO[N+]([O-])=O)cc1,1,pro_3129,1,0.0
CC(C(=O)NCCCCCCCCNc1c2CCCCc2nc2ccccc12)c1ccc(c(F)c1)-c1ccc(OCCCO[N+]([O-])=O)cc1,1,pro_3129,1,0.0
CC(C(=O)NCCCCCCCCNc1c2CCCCc2nc2ccccc12)c1ccc(c(F)c1)-c1ccc(OCCCCO[N+]([O-])=O)cc1,1,pro_3129,1,0.0
CC(C(=O)NCCCCCCCCNc1c2CCCCc2nc2ccccc12)c1ccc(c(F)c1)-c1ccccc1,1,pro_3129,2,0.3010299956639812
CC(C)CN(CC(C)C)c1ccc(cc1NC(=O)Cc1ccc(C)cc1)-c1ccccc1-c1nnn[nH]1,1,pro_171,5,0.6989700043360189
OC(=O)[C@H]1[C@H](CN2C(=O)c3ccccc3C2=O)CC[C@@H]1SCc1ccc(cc1)-c1ccccc1,1,pro_2218,2,0.3010299956639812
CC(C)(C)c1cnc(CSc2cnc(Nc3cccnc3)s2)o1,1,pro_2228,3,0.4771212547196624
CNC(=O)c1cc(cc2[C@@H](COc12)c1ccccc1)C(=O)N[C@@H]1[C@H]2C[C@H](O)C[C@@H]12,1,pro_570,25119,4.400002345927956
CNC(=O)c1cc(cc2c1OC[C@@]2(C)c1ccccc1)C(=O)N[C@@H]1[C@H]2C[C@H](O)C[C@@H]12,1,pro_570,1,0.0
CN(c1cccc(C)c1)S(=O)(=O)c1ccc2ncc(C(=O)NCCN3CCOCC3)c(O)c2c1,0,pro_5516,100000,5.0
CCOC(=O)c1csc(CN(Cc2ccc(F)cc2)Cc2ccc(OCc3ccccc3)cc2)n1,0,pro_2218,500000,5.698970004336019
CN(Cc1cccc(F)c1)C(=O)CCCn1c(N)nc2cc(Cl)ccc12,0,pro_5516,194000,5.2878017299302265
Nc1nc2cc(Cl)ccc2n1CCCC(=O)NCc1ccccc1,0,pro_5516,1403000,6.14705767102836
Nc1nc2cc(Cl)ccc2n1CCCC(=O)NCc1cccc(F)c1,0,pro_5516,249000,5.396199347095736
N[C@@H](CC(=O)N1CCN(CC1)C(=O)C1c2ccccc2-c2ccccc12)C(=O)N1Cc2ccccc2C1,0,pro_2655,100000,5.0
CSCC[C@H](NC(=O)[C@@H](NC(C)=O)C(C)C)C(=O)NC(CC(C)C)C(O)CC(=O)N1CCC[C@@H]1C(=O)N[C@@H](C)C(=O)N[C@@H](CCC(O)=O)C(=O)N[C@@H](Cc1ccccc1)C(O)=O,0,pro_5516,200000,5.301029995663981
O=C(NCCCCCCCNc1c2CCCCc2nc2ccccc12)c1cc(=O)c2ccccc2o1,1,pro_3129,1,0.0
ON(C=O)C(COc1ccc(cc1)-c1ccc(cc1)C#N)Cc1ccc(F)cc1,0,pro_2218,650000,5.812913356642856
CC(C)(C)OC(=O)N1CCC2(C[C@H](Nc3ncnc4n(nnc34)[C@H]3C[C@H](O)[C@H](COS(N)(=O)=O)C3)c3ccccc23)CC1,1,pro_6088,40000,4.6020599913279625
CC(C)[C@@H]1COC[C@@H](N1S(=O)(=O)c1ccc(Cl)cc1)C1(CC1)OC(=O)N1CC2CNCC2C1,1,pro_6167,6,0.7781512503836436
CCC1C[C@@H](C#N)N(C1)C(=O)CNC(=O)c1cccc2ccccc12,0,pro_2655,100000,5.0
O=C(CNC(=O)c1cccc2ccccc12)N1CCC[C@H]1C#N,0,pro_2655,100000,5.0
[N-]=[N+]=N[C@@H]1C[C@@H](C#N)N(C1)C(=O)CNC(=O)c1cccc2ccccc12,0,pro_2655,100000,5.0
FC(F)(F)[C@H]1C[C@@H](C#N)N(C1)C(=O)CNC(=O)c1cccc2ccccc12,0,pro_2655,100000,5.0
OB(O)[C@@H]1CCCN1C(=O)CNC(=O)c1cccc2ccccc12,0,pro_2655,100000,5.0
F[C@H]1C[C@@H](C#N)N(C1)C(=O)CNC(=O)c1cccc2ccccc12,0,pro_2655,100000,5.0
C[C@@H](C[C@@H](CS(=O)(=O)N1CCN(CC1)c1ccc(F)cc1)N(O)C=O)c1ncc(F)cn1,1,pro_6088,26000,4.414973347970818
NCC1CCC(O1)c1cccnc1,0,pro_6167,64710,4.810971399822208
N[C@@H]1CCCN(C1)c1nc2[nH]c(Br)cc2c(=O)n1Cc1ccccc1C#N,1,pro_2655,2,0.3010299956639812
N[C@@H]1CCCN(C1)c1nc2[nH]ccc2c(=O)n1Cc1cc(F)ccc1C#N,1,pro_2655,2,0.3010299956639812
N[C@@H]1CCCN(C1)c1nc2[nH]c(Br)cc2c(=O)n1Cc1ccccc1C#N,1,pro_2655,2,0.3010299956639812
O=C1OC(CCc2ccccc2)C(=O)C1Sc1ccccc1,0,pro_5516,200000,5.301029995663981
COc1cc(F)ccc1-c1ccnc2[nH]c(nc12)C1CCNCC1,1,pro_2228,30000,4.477121254719663
CCCN(C)C(=O)OCc1c(nnn1C)-c1ccc(O[C@H]2CCC[C@@H](C2)C(O)=O)c(C)n1,1,pro_6167,40000,4.6020599913279625
COc1cc(NC(=S)NCCN2CCOCC2)ccc1Cl,0,pro_5467,200000,5.301029995663981
NS(=O)(=O)c1ccc(NC(=S)NCCN2CCOCC2)cc1,0,pro_5467,200000,5.301029995663981
Cc1cccc(C)c1Nc1nc(Nc2cnn(c2)C2CCOCC2)ncc1C(N)=O,1,pro_1546,1,0.0
CCOC(=O)c1cc2cc(ccc2[nH]1)-c1cc(nn1C)C(=O)NCc1ccc(cc1)C(O)=O,1,pro_6167,30000,4.477121254719663
C[C@H]1C[C@H]2CSC(N)=N[C@]2(CO1)c1nc(NC(=O)c2cnc(OC(F)F)cn2)cs1,1,pro_5516,7,0.8450980400142568
Fc1cccc(c1)S(=O)(=O)n1ccc2c(nc3ccccc3c12)N1CCNCC1,0,pro_6167,57000,4.755874855672492
Cc1csc(NCc2nc3ccc(C)cc3c(=O)n2\N=C\c2ccc(O)cc2)n1,1,pro_2655,1,0.0
O=C([C@@H]1C[C@@H](CN1)C(=O)N1CCCCCC1)N1CCC[C@H]1C#N,1,pro_2655,8,0.9030899869919436
Oc1ccc(cc1)-c1nc2[nH]nc(NC(=O)C3CC3)c2cc1-c1ccccc1,1,pro_2228,5,0.6989700043360189
F[C@@H]1CN(CC[C@@H]1Oc1ccc(cc1C#N)-c1ncnc(Nc2ccc(cc2)N2CCN(CC2)C2COC2)n1)C(=O)c1cocn1,0,pro_1546,526000,5.720985744153739
Oc1c(C(=O)NCc2ccc(F)cc2)c2cc(F)ccc2[nH]c1=O,0,pro_427,250000,5.3979400086720375
C[C@@H](Oc1ccc(cc1C#N)-c1ncnc(Nc2ccc(cc2)N2CCN(CC2)C2COC2)n1)C1CCOCC1,0,pro_1546,450000,5.653212513775344
C[C@H](Oc1ccc(cc1C#N)-c1ncnc(Nc2ccc(cc2)N2CCN(CC2)C2COC2)n1)C1CCOCC1,0,pro_1546,219000,5.340444114840119
CC1(C)Cc2ccccc2C(NC(Cc2ccccc2)c2nnn[nH]2)=N1,0,pro_5516,638600,5.805228914203426
CC(C)(C)c1cc(\C=C2/OC(=O)NC2=O)cc(c1O)C(C)(C)C,1,pro_3741,34000,4.531478917042255
Cn1c2cc(OCc3ccc(Cl)cc3)ccc2[nH]c1=O,0,pro_2714,500000,5.698970004336019
CCn1c2cc(OCc3ccc(cc3)C(F)(F)F)ccc2[nH]c1=O,0,pro_634,184100,5.265053788504015
Cn1cccc1CNc1cc(nc(n1)-c1ccc(cc1)S(C)(=O)=O)C(F)(F)F,0,pro_3741,34722421,7.540609998482703
COc1ccc2ncc(=O)n(CC(N)C3(F)CCC(CC3)NCc3ccc4OCC(=O)Nc4n3)c2c1,1,pro_6088,33000,4.518513939877888
N[C@@H](Cn1c2cc(F)ccc2ncc1=O)[C@H]1CC[C@@H](CC1)NCc1ccc2OCC(=O)Nc2n1,0,pro_6088,174000,5.2405492482826
N[C@@H](CC(=O)N1C[C@H]2C[C@@H]1CN2C(c1ccc(F)cc1)c1ccc(F)cc1)C(=O)N1Cc2ccccc2C1,0,pro_2655,100000,5.0
N[C@@H](C1CSCN1)C(=O)N1CCCC1P(=O)(Oc1ccccc1)Oc1ccccc1,0,pro_2655,1000000,6.0
[O-][S+]1CC[C@@H](CC1)Oc1ccc(cc1C#N)-c1ncnc(Nc2ccc(cc2)N2CCN(CC2)C2COC2)n1,0,pro_1546,407000,5.60959440922522
CCC[C@@H](CO)n1cc(C(O)=O)c(=O)c2cc(Cc3cccc(Cl)c3F)c(OC)cc12,1,pro_427,5,0.6989700043360189
COc1cc2n(cc(C(O)=O)c(=O)c2cc1Cc1cccc(Cl)c1F)[C@H](CO)C(C)C,1,pro_427,7,0.8450980400142568
COc1cc2n(cc(C(O)=O)c(=O)c2cc1Cc1cccc(Cl)c1F)[C@H](CO)C(C)(C)C,1,pro_427,5,0.6989700043360189
C[C@H](CO)n1cc(C(O)=O)c(=O)c2cc(Cc3cccc(Cl)c3F)ccc12,1,pro_427,38300,4.583198773968623
COc1cc2n(CCO)cc(C(O)=O)c(=O)c2cc1Cc1cccc(Cl)c1F,1,pro_427,9,0.9542425094393248
OC(=O)c1c[nH]c2ccc(Cc3ccc(Cl)cc3)cc2c1=O,0,pro_427,100000,5.0
COc1cc2n(CCO)cc(C(O)=O)c(=O)c2cc1Cc1cccc(Cl)c1F,1,pro_427,9,0.9542425094393248
COc1cc2n(cc(C(O)=O)c(=O)c2cc1Cc1cccc(Cl)c1F)[C@H](CO)C(C)C,1,pro_427,7,0.8450980400142568
CC[C@@H](CO)n1cc(C(O)=O)c(=O)c2cc(Cc3cccc(Cl)c3F)ccc12,1,pro_427,8,0.9030899869919436
CC(C)[C@@H](CO)n1cc(C(O)=O)c(=O)c2cc(Cc3cccc(Cl)c3F)ccc12,0,pro_427,8203515,6.913999976531773
CC(C)[C@@H](CO)n1cc(C(O)=O)c(=O)c2cc(Cc3cccc(Cl)c3F)ccc12,0,pro_427,8203515,6.913999976531773
CC(C)(C)[C@@H](CO)n1cc(C(O)=O)c(=O)c2cc(Cc3cccc(Cl)c3F)ccc12,1,pro_427,6,0.7781512503836436
CC(C)[C@H](CO)n1cc(C(O)=O)c(=O)c2cc(Cc3cccc(Cl)c3F)ccc12,1,pro_427,8,0.9030899869919436
COc1cc2n(cc(C(O)=O)c(=O)c2cc1Cc1cccc(Cl)c1F)[C@H](CO)C(C)C,1,pro_427,7,0.8450980400142568
COc1cc2n(cc(C(O)=O)c(=O)c2cc1Cc1cccc(Cl)c1F)[C@H](CO)C(C)C,1,pro_427,7,0.8450980400142568
CCC[C@@H](CO)n1cc(C(O)=O)c(=O)c2cc(Cc3cccc(Cl)c3F)ccc12,1,pro_427,8,0.9030899869919436
COc1cc2n(cc(C(O)=O)c(=O)c2cc1Cc1cccc(Cl)c1F)[C@H](CO)C(C)C,1,pro_427,7,0.8450980400142568
COc1cc2n(cc(C(O)=O)c(=O)c2cc1Cc1cccc(Cl)c1F)[C@H](CO)C(C)C,1,pro_427,7,0.8450980400142568
COc1cc2n(cc(C(O)=O)c(=O)c2cc1Cc1cccc(Cl)c1F)[C@@H](CO)C(C)C,1,pro_427,7,0.8450980400142568
COc1cc2n(cc(C(O)=O)c(=O)c2cc1Cc1cccc(Cl)c1F)[C@H](CO)C(C)C,1,pro_427,7,0.8450980400142568
COc1cc2n(CCO)cc(C(O)=O)c(=O)c2cc1Cc1cccc(Cl)c1F,1,pro_427,9,0.9542425094393248
Clc1ccc2oc(SCc3nnc(SCc4cc(=O)oc5ccc6ccccc6c45)o3)nc2c1,1,pro_3741,35400,4.549003262025788
CN1CCN(CC1)c1ccc(Nc2ncc3CCC4N(c3n2)C(C)(C)CNC4=O)nc1,0,pro_2228,100000,5.0
COc1cc(\C=C\C(=O)N2CCN(CC2)c2ccccc2)ccc1O,1,pro_5467,29340,4.467460109507264
COc1ccc(cn1)-c1cc2c(N[C@@H]3CC[C@](C)(N)C3(C)C)c(cnn2c1)C(N)=O,0,pro_6088,80000,4.903089986991944
C[C@]1(N)CC[C@@H](Nc2c(cnn3cc(cc23)-c2ccc(F)nc2)C(N)=O)C1(C)C,1,pro_6088,35000,4.544068044350276
C[C@]1(N)CC[C@@H](Nc2c(cnn3cc(cc23)-c2cccnc2)C(N)=O)C1(C)C,0,pro_6088,80000,4.903089986991944
N[C@@H](CCNC(=O)c1ccccc1)C(=O)N1CCCCC1,0,pro_2655,418000,5.621176281775036
C[C@]1(C[C@H](OC(N)=N1)C(F)(F)F)c1cc(NC(=O)c2cnc(OCC#C)cn2)cnc1F,1,pro_5516,4,0.6020599913279624
C[C@]1(C[C@H](OC(N)=N1)C(F)(F)F)c1cc(NC(=O)c2cnc(OCC#C)cn2)cnc1F,1,pro_5516,4,0.6020599913279624
CC#CCn1c(nc2c(C)nn(Cc3cc4ccccc4c(C)n3)c(=O)c12)N1CCCC(N)C1,1,pro_2655,7,0.8450980400142568
CN(C)C1CCN(CC1)c1ccc(Nc2cc3c(nc(Nc4ccccc4)nc3cn2)N2CCCCC2)nc1,1,pro_2281,4,0.6020599913279624
CN(C)C1CCN(CC1)c1ccc(Nc2cc3c(nc(Nc4ccc(F)cc4)nc3cn2)N2CCC(CO)CC2)nc1,1,pro_2281,7,0.8450980400142568
Clc1nc(NCCN2CCOCC2)nc(NCc2ccc(I)cc2)n1,0,pro_5516,100000,5.0
COC(=O)CC1N(C(=O)Nc2nnc(C)s2)C(=O)c2ccccc2S1(=O)=O,0,pro_3741,799900,5.903035696788497
Fc1ccc2N(CC#C)CCC(N3CCCC3=O)c2c1,0,pro_2892,375610,5.57473714612604
O=C1CCCN1C1CCN(CC#C)c2ccccc12,0,pro_2892,421300,5.624591459126848
CCc1ccc2N(CC=C)CCC(N3CCCC3=O)c2c1,0,pro_2892,173960,5.240449398993299
Clc1ccc2N(CC=C)CCC(N3CCCC3=O)c2c1,0,pro_2892,293520,5.467637698747891
COc1ccc2N(CC=C)CCC(N3CCCC3=O)c2c1,0,pro_2892,75100,4.875639937004168
Cc1ccc2N(CC=C)CCC(N3CCCC3=O)c2c1,0,pro_2892,75170,4.876044550246095
CCc1ccc2N(CC#C)CCC(N3CCCC3=O)c2c1,0,pro_2892,443660,5.647050274868539
Brc1ccc2N(CC=C)CCC(N3CCCC3=O)c2c1,0,pro_2892,168030,5.225386827388403
Cc1ccc2N(CC#C)CCC(N3CCCC3=O)c2c1,0,pro_2892,259630,5.414354873342867
Brc1ccc2N(CC#C)CCC(N3CCCC3=O)c2c1,0,pro_2892,661380,5.8204510577972695
Clc1ccc2N(CC#C)CCC(N3CCCC3=O)c2c1,0,pro_2892,392910,5.594293082233929
Oc1c(C(c2ccc(cc2)C(=O)c2ccccc2)c2c(O)c3ccccc3oc2=O)c(=O)oc2ccccc12,1,pro_427,27000,4.431363764158988
COc1ccc(cc1)S(=O)(=O)N1CCC[C@@H]1C(=O)NO,1,pro_2218,8,0.9030899869919436
COc1ccc(cc1)S(=O)(=O)N1C[C@H](C[C@H]1C(=O)NO)NC(=O)CNC(=O)[C@@H](N)CC(C)C,1,pro_2218,29670,4.472317546316842
CSCC[C@H](N)C(=O)NCC(=O)N[C@H]1C[C@H](N(C1)S(=O)(=O)c1ccc(Cl)cc1)C(=O)NO,1,pro_2218,26180,4.417969642214737
Cc1ccc(cc1)S(=O)(=O)N1C[C@H](O)C[C@H]1C(=O)NO,1,pro_2218,2,0.3010299956639812
COc1ccc(cc1)S(=O)(=O)N1C[C@H](C[C@H]1C(=O)NO)NC(=O)CNC(=O)[C@@H](N)CCSC,1,pro_2218,35860,4.554610285226164
COc1ccc(cc1)S(=O)(=O)N1C[C@H](C[C@@H]1C(=O)NO)NS(C)(=O)=O,1,pro_2218,2,0.3010299956639812
COc1ccc(cc1)S(=O)(=O)N1C[C@@H](N)C[C@@H]1C(=O)NO,1,pro_2218,6,0.7781512503836436
ONC(=O)[C@@H]1C[C@@H](O)CN1S(=O)(=O)c1ccccc1,1,pro_2218,4,0.6020599913279624
CCCCOc1ccc(cc1)S(=O)(=O)N1CC(C[C@@H]1C(=O)NO)NOC,1,pro_2218,1,0.0
CC(C)C[C@H](N)C(=O)NCC(=O)N[C@H]1C[C@H](N(C1)S(=O)(=O)c1ccc(C)cc1)C(=O)NO,1,pro_2218,38320,4.5834255004065065
OC(=O)[C@H](CCCCNC(=O)OCc1ccccc1)NC(=O)C=Cc1ccccc1,0,pro_2218,50500,4.703291378118662
C[C@@]1(N=C(N)S[C@]2(C[C@@H]12)C(=O)N1CCC(F)CC1)c1cc(\C=C(/F)c2ccc(cn2)C#N)ccc1F,1,pro_5516,1,0.0
NC\C(COc1ccc(cc1)S(=O)(=O)CC12CCC(CC1)(CC2)C(=O)NC1CCC1)=C/F,1,pro_2714,30000,4.477121254719663
NC\C(COc1ccc(cc1)S(=O)(=O)CC12CCC(CC1)(CC2)C(=O)NC1CC(F)(F)C1)=C/F,1,pro_2714,30000,4.477121254719663
NC\C(COc1ccc(cc1)S(=O)(=O)CC12CCC(CC1)(CC2)C(=O)NC1CCC1)=C\F,1,pro_2714,30000,4.477121254719663
CC[C@H](C)[C@H](NC(=O)[C@H](CC(C)C)NC(=O)[C@H](CCCN=C(N)N)NC(=O)c1ccc(CN(CC)CC)o1)C(=O)N[C@@H](Cc1ccccc1)C(O)=O,1,pro_2228,43500,4.638489256954637
Cc1ncc(\C=C\c2ccc(CN3CCOCC3)c(O)c2)c(CO)c1O,1,pro_2892,37090,4.56925683332861
CC(C)n1nc(-c2cc(on2)C2CC2)c2c(N)ncnc12,1,pro_6167,30000,4.477121254719663
N[C@H]1C[C@H](CO[C@@H]1c1cc(F)ccc1F)n1cc(cn1)N1CCC(O)(C(=O)NCc2cc(Cl)cc(Cl)c2F)C1=O,1,pro_2655,1,0.0
Fc1ccc2nccc(O[C@H]3C[C@H]4[C@@H](C3)[C@@H]4C(C3CC3)C(=O)Nc3ccc(cn3)C#N)c2c1,1,pro_171,1,0.0
Fc1ccc2nccc(O[C@H]3C[C@H]4[C@@H](C3)[C@@H]4C(C3CC3)C(=O)Nc3ccc(Cl)cn3)c2c1,1,pro_171,4,0.6020599913279624
Cc1noc(C)c1-c1ccc2c(c1)nc(NCCCCNC(=O)OC(C)(C)C)c1nnc(C)n21,1,pro_570,5,0.6989700043360189
CC(C)[C@H](O)C(=O)NCCCCNc1nc2cc(ccc2n2c(C)nnc12)-c1c(C)noc1C,1,pro_570,7,0.8450980400142568
OC[C@H]1O[C@@H](OCCCCc2cn(CCCc3ccc(O)c(\C=N\O)n3)nn2)[C@H](O)[C@@H](O)[C@@H]1O,0,pro_5467,1600000,6.204119982655925
N#Cc1cc(ccc1OCCc1c[nH]c2ccccc12)-c1ncnc(Nc2ccc(cc2)N2CCN(CC2)C2COC2)n1,0,pro_1546,1000000,6.0
COc1ncc-2cc1NS(=O)(=O)c1cccc(c1)C(=O)NCCn1cc(cn1)-c1cnc3ccc-2nn13,1,pro_6167,30000,4.477121254719663
Oc1ccc(C(=O)NNC(=O)CSc2nnnn2-c2ccccc2)c(O)c1,0,pro_427,61000,4.785329835010767
CS(=O)(=O)OC1CN(C1)c1ccc(cc1C#N)-c1ncnc(Nc2ccc(cc2)N2CCN(CC2)C2COC2)n1,0,pro_1546,52000,4.7160033436348
COC1CN(C1)c1ccc(cc1C#N)-c1ncnc(Nc2ccc(cc2)N2CCN(CC2)C2COC2)n1,0,pro_1546,219000,5.340444114840119
CS(=O)(=O)C1CN(C1)c1ccc(cc1C#N)-c1ncnc(Nc2ccc(cc2)N2CCN(CC2)C2COC2)n1,0,pro_1546,68000,4.832508912706237
COOC[C@@]1(C)CC[C@]2(C)CC[C@]3(C)[C@@H]4CC(=O)c5cc(OC)c(O)cc5[C@]4(C)CC[C@@]3(C)C2C1,0,pro_3741,660000,5.819543935541868
CC(C)c1ccc(NC(=O)OCC2CCCN(C2)C2Cc3ccccc3C2)cc1,0,pro_634,100000,5.0
O=C(Nc1ccccc1)OCC1CCCN(C1)C1Cc2ccccc2C1,0,pro_634,100000,5.0
O=C(Nc1ccccc1)OCC1CCCN(C1)C1Cc2ccccc2C1,0,pro_634,100000,5.0
CC(C)c1ccc(NC(=O)OCC2CCCN(C2)C2Cc3ccccc3C2)cc1,0,pro_634,100000,5.0
CCCSc1nc(ccc1C(=O)NC1CCCCC1)N1CCC[C@@H](CC(O)=O)C1,0,pro_6088,100000,5.0
Cn1cnc2cc(C#N)c(c(CN)c12)-c1ccccc1Cl,1,pro_2655,8,0.9030899869919436
OC(=O)CN1C(=S)S\C(=C/c2cccc3c4ccccc4oc23)C1=O,0,pro_2218,100000,5.0
CC([C@H](N)C(F)=C1CCCC1)c1nc(no1)-c1ccc(cc1Cl)S(C)(=O)=O,1,pro_2655,7,0.8450980400142568
CS(=O)(=O)c1ccc(-c2noc(n2)[C@@H](CCO)[C@H](N)C(F)=C2CCCC2)c(Cl)c1,1,pro_2655,3,0.4771212547196624
CNCc1c(-c2ccccc2)c2cc(Cl)ccc2c(=O)n1CC(C)C,0,pro_2655,100000,5.0
COc1ccc2c(c1)c(-c1cccc(F)c1)c(C#N)n(CCO)c2=O,0,pro_6088,62000,4.792391689498254
COc1ccc2c(c1)c(-c1ccccc1)c(C#N)n(C[C@@H](O)CO)c2=O,0,pro_6088,76000,4.880813592280791
CC(C)Cn1c(CN(C)C)c(-c2ccccc2)c2cc(Cl)ccc2c1=O,0,pro_2655,100000,5.0
COc1ccc2c(c1)c(-c1ccccc1)c(C#N)n(C[C@H](O)CO)c2=O,0,pro_6088,135000,5.130333768495007
COc1cc(cc(OC)c1CN(C)C)-c1cn(C)c(=O)c2ccccc12,1,pro_570,32432,4.510973731348933
Cn1c(N)c(-c2ccccc2)c2cc(Cl)ccc2c1=O,0,pro_2655,100000,5.0
COc1cc(c(OC)cc1CN(C)C)-c1cn(C)c(=O)c2ccccc12,0,pro_570,86973,4.939384450653883
Cn1c(CO)c(-c2ccccc2)c2cc(Cl)ccc2c1=O,0,pro_2655,100000,5.0
COc1ccc2c(c1)c(-c1cccc(F)c1)c(C#N)n(CC(O)CO)c2=O,1,pro_6088,33500,4.525044807036846
COc1cnc(C(=O)Nc2ccc(F)c(c2)[C@@]2(C)N=C(N)C3(CCC3)S(=O)(=O)[C@@H]2F)c(C)c1,1,pro_5516,3,0.4771212547196624
Cc1cc(cnc1C(=O)Nc1ccc(F)c(c1)[C@]1(C)CS(=O)(=O)C2(CCC2)C(N)=N1)C(F)F,1,pro_5516,4,0.6020599913279624
Cc1nn(c2C(Br)C(C)(C)CC(=O)c12)-c1ccncn1,1,pro_2228,8,0.9030899869919436
CC(C)(C)c1cc(NC(=O)Nc2ccc(Oc3ccnc4[nH]c(=O)cnc34)cc2F)n(n1)-c1cccc(F)c1,0,pro_6088,100000,5.0
COc1cccc(c1)-n1nc(cc1NC(=O)Nc1ccc(Oc2ccnc3[nH]c(=O)cnc23)cc1F)C(C)(C)C,0,pro_6088,100000,5.0
CC(C)(C)c1cc(NC(=O)Nc2ccc(Oc3ccnc4[nH]c(=O)cnc34)cc2F)n(n1)-c1cccc(c1)C(F)(F)F,0,pro_6088,100000,5.0
FC(F)(F)C1=NN(C(C1)c1cccc2ccccc12)S(=O)(=O)c1ccccc1,0,pro_3741,67130,4.8269166471849205
Cc1ccc(cc1)S(=O)(=O)N1N=C(CC1c1cccc2ccccc12)C(F)(F)F,0,pro_3741,89070,4.949731452315707
O=C1NC(=O)C(=C(C#N)C#N)C(=O)N1,0,pro_2281,1400000,6.146128035678238
COc1cc(C=C(C#N)C#N)cc(CS(=O)(=O)c2ccc(C)cc2)c1O,0,pro_2281,85000,4.929418925714293
CC(C)C(=O)Nc1ccc(CS(=O)(=O)c2ccc(OC\C(CN)=C\F)cc2)cc1,1,pro_2714,30000,4.477121254719663
CN(C)CCN1C(=O)CCc2cc(ccc12)N=C(N)c1cccs1,0,pro_6167,100000,5.0
NCc1ccc(s1)S(=O)(=O)c1ccc(cc1)S(=O)(=O)CCO,0,pro_2714,100000,5.0
CS(=O)(=O)c1ccc(cc1)S(=O)(=O)c1ccc(CN)s1,0,pro_634,100000,5.0
NCc1ccc(s1)S(=O)(=O)c1ccc(cc1)S(=O)(=O)CCCN=[N+]=[N-],0,pro_634,100000,5.0
CC(C)S(=O)(=O)c1cc(cc(c1)S(=O)(=O)c1ccc(CN)s1)C(C)(C)C,0,pro_634,100000,5.0
CC(C)(C)c1cc(cc(c1)S(=O)(=O)c1ccc(CN)s1)S(C)(=O)=O,0,pro_634,100000,5.0
NCc1ccc(s1)S(=O)(=O)c1ccc(cc1)S(=O)(=O)CCCN=[N+]=[N-],0,pro_634,100000,5.0
CC(C)(C)Oc1cc(cc(c1)S(=O)(=O)c1ccc(CN)s1)S(C)(=O)=O,0,pro_634,100000,5.0
CC(C)(C)c1cc(cc(c1)S(=O)(=O)c1ccc(CN)s1)S(C)(=O)=O,0,pro_634,100000,5.0
CN(C)S(=O)(=O)c1ccc(cc1)S(=O)(=O)c1ccc(CN)s1,0,pro_634,100000,5.0
NCc1ccc(s1)S(=O)(=O)c1ccc(cc1)S(=O)(=O)CCCO,0,pro_634,100000,5.0
CC(C)S(=O)(=O)c1cc(cc(c1)S(=O)(=O)c1ccc(CN)s1)C(C)(C)C,0,pro_634,100000,5.0
CCS(=O)(=O)c1cc(cc(c1)S(=O)(=O)c1ccc(CN)s1)C(C)(C)C,0,pro_2714,100000,5.0
CCCOc1cnc(cn1)C(=O)Nc1cc(F)c(F)c(c1)[C@@]1(C)N=C(N)S[C@@]2(COC)C[C@@H]12,1,pro_5516,8,0.9030899869919436
COC[C@]12C[C@H]1[C@](C)(N=C(N)S2)c1cc(NC(=O)c2cnc(OCC#C)cn2)cc(F)c1F,1,pro_6167,27000,4.431363764158988
CCCOc1cnc(cn1)C(=O)Nc1cc(F)c(F)c(c1)[C@@]1(C)N=C(N)S[C@@]2(COC)C[C@@H]12,1,pro_5516,8,0.9030899869919436
Cn1c(Sc2ccc(cc2)C(=O)NO)nnc1-c1cccs1,1,pro_6167,26600,4.424881636631067
CNS(=O)(=O)Nc1cccc(Cc2c(C)c3ccc(Oc4ncccn4)cc3oc2=O)c1F,1,pro_6167,26000,4.414973347970818
C(\C=C\c1ccccc1)n1nnc(Cc2cccnc2)n1,0,pro_2218,150000,5.176091259055681
Clc1cc(NC(=O)c2ccc3[nH]ncc3c2)cnc1Cl,1,pro_634,5,0.6989700043360189
CC(C)(C)OC(=O)N1CCC(CC#N)(CC1)n1nc(Nc2cccc(c2)S(C)(=O)=O)c2c1cc[nH]c2=O,1,pro_1546,4,0.6020599913279624
Cc1cccc(Nc2nn(c3cc[nH]c(=O)c23)C2(CC#N)CCN(CC2)C(=O)OC(C)(C)C)c1,1,pro_1546,3,0.4771212547196624
CN(C)S(=O)(=O)c1ccc(Nc2nn(c3cc[nH]c(=O)c23)C2(CC#N)CCN(CC2)C(=O)OCC(C)(C)C)cc1,1,pro_1546,3,0.4771212547196624
CCC1(CCN(CC1)C(=O)OC(C)(C)C)n1nc(Nc2cccc(CC#N)c2)c2c1cc[nH]c2=O,1,pro_1546,3,0.4771212547196624
COC(=O)N1CCC(CC#N)(CC1)n1nc(Nc2ccc(F)cc2)c2c1cc[nH]c2=O,1,pro_1546,2,0.3010299956639812
CN(C)CC(=O)N1CCC(CC#N)(CC1)n1nc(Nc2ccc(cc2)S(=O)(=O)N(C)C)c2c1cc[nH]c2=O,1,pro_1546,5,0.6989700043360189
Nc1n[nH]c(N)c1\N=N\c1ccccc1,0,pro_2228,100000,5.0
Nc1n[nH]c(N)c1\N=N\c1ccccc1,0,pro_2228,100000,5.0
Nc1n[nH]c(N)c1\N=N\c1ccccc1[N+]([O-])=O,0,pro_2228,88000,4.944482672150169
Nc1n[nH]c(N)c1\N=N\c1cccc(c1)[N+]([O-])=O,0,pro_2228,100000,5.0
Nc1n[nH]c(N)c1\N=N\c1cccc(O)c1,0,pro_2228,51000,4.707570176097937
Nc1n[nH]c(N)c1N=Nc1ccc(O)cc1,0,pro_2228,69000,4.838849090737256
Nc1n[nH]c(N)c1\N=N\c1cccc(O)c1,0,pro_2228,51000,4.707570176097937
Nc1n[nH]c(N)c1\N=N\c1ccccc1CO,0,pro_2228,100000,5.0
Nc1n[nH]c(N)c1\N=N\c1cccc(c1)[N+]([O-])=O,0,pro_2228,100000,5.0
CC(C)c1ccc(NC(=O)OC2CCCN(CC#C)C2)cc1,0,pro_634,71830,4.856305866433299
CC(C)c1ccc(NC(=O)OC2CCCN(CC#C)C2)cc1,0,pro_634,71830,4.856305866433299
O=C(Nc1ccccc1)OC1CCCN(CC#C)C1,0,pro_5467,100000,5.0
Nc1ncc(NC(=O)c2cc(NC(=O)c3cccc(c3)C(F)(F)F)ccc2Cl)cc1Cl,1,pro_1546,29000,4.4623979978989565
Nc1ncc(NC(=O)c2cc(NC(=O)c3cccc(c3)C(F)(F)F)ccc2Cl)cc1Cl,1,pro_1546,29000,4.4623979978989565
Cc1cccc(CN2C3N(CCC3(Cc3cccc(C)c3)c3ccccc23)C(=O)c2ccccc2)c1,1,pro_2892,44400,4.64738297011462
COc1ccc(cc1)C(=O)N1CCC2(Cc3ccccc3C)C1N(Cc1ccccc1C)c1ccccc21,0,pro_2892,125000,5.096910013008056
CS(=O)(=O)c1ccc(cc1)-c1cnn(Cc2ccccc2)c(=O)c1OCC1CC1,1,pro_3741,3,0.4771212547196624
Cc1ccc(NC(=O)CCc2cn(Cc3ccc4oc(cc(=O)c4c3)-c3ccccc3)nn2)cc1,1,pro_634,28500,4.45484486000851
Fc1ccc(NC(=O)CCc2cn(Cc3ccc4oc(cc(=O)c4c3)-c3ccccc3)nn2)cc1,0,pro_2714,737500,5.867762024650201
Cc1ccc(NC(=O)CCc2cn(Cc3ccc4oc(cc(=O)c4c3)-c3ccccc3)nn2)cc1,1,pro_634,28500,4.45484486000851
Cc1ccc(NC(=O)CCc2cn(Cc3ccc4oc(cc(=O)c4c3)-c3ccc(Cl)cc3)nn2)cc1,0,pro_634,287000,5.457881896733992
Fc1ccc(NC(=O)CCc2cn(Cc3ccc4oc(cc(=O)c4c3)-c3ccc(Cl)cc3)nn2)cc1,0,pro_2714,678000,5.831229693867064
Cc1cccc(CNc2ccc(cn2)[C@H]2C[C@@H]2NC2CCC(N)CC2)c1,0,pro_2714,51700,4.713490543093942
ONC(=O)C1(CCOCC1)S(=O)(=O)c1ccc(cc1)N1CCN(CC1)c1ccc(Cl)cc1,1,pro_2218,3,0.4771212547196624
N[C@@H]1CCCN(C1)c1nc2ccc(F)cc2c(=O)n1Cc1ccccc1C#N,1,pro_2655,4,0.6020599913279624
COc1cc2c(cc1F)nc(N1CCC[C@@H](N)C1)n(Cc1ccccc1C#N)c2=O,1,pro_2655,4,0.6020599913279624
N[C@@H]1CCCN(C1)c1nc2cccc(F)c2c(=O)n1Cc1ccccc1C#N,1,pro_2655,5,0.6989700043360189
Cc1ccc(cc1)S(=O)(=O)NN1C(=O)c2c(C1=O)c1c3cccc(O)c3n(C3OC(CO)C(O)C(O)C3O)c1c1[nH]c3c(O)cccc3c21,0,pro_2281,200000,5.301029995663981
NC1=NC(C2=NCCCN12)(c1ccccc1)c1ccccc1,1,pro_5516,27000,4.431363764158988
Cc1c(OCCCCCN2CCOCC2)ccc2c1oc(cc2=O)-c1ccccc1,0,pro_3129,100000,5.0
Fc1ccccc1C(=O)NCCOc1nc(Cl)nc(Nc2ccc(cc2)N2CCOCC2=O)n1,0,pro_3741,70000,4.845098040014257
Clc1ccc(cc1)C(=O)NC1(CC1)c1ccc2N(CCc2n1)C(=O)OC1CC1,1,pro_171,4,0.6020599913279624
CN1CC2C(C(=O)N(C2=O)c2ccc(F)cc2)C11C(=O)c2ccccc2C1=O,0,pro_5467,50100,4.699837725867246
CN1CC2C(C(=O)N(C2=O)c2ccc(Cl)cc2)C11C(=O)c2ccccc2C1=O,1,pro_5467,27800,4.444044795918076
CCc1ccc(cc1)N1C(=O)C2CN(C)C3(C2C1=O)C(=O)c1ccccc1C3=O,1,pro_5467,44500,4.648360010980932
CN1CC2C(C(=O)N(C2=O)c2cccc(F)c2)C11C(=O)c2ccccc2C1=O,0,pro_5467,80100,4.903632516084238
COc1ccc(\C=N\NC(=O)CN2CCC(Cc3ccccc3)CC2)cc1OC,0,pro_3129,55100,4.741151598851785
COc1ccc(\C=N\NC(=O)CN2CCC(Cc3ccccc3)CC2)cc1,0,pro_5467,73500,4.866287339084195
COc1ccc(\C=N\NC(=O)CN2CCC(Cc3ccccc3)CC2)cc1,0,pro_5467,73500,4.866287339084195
CCOc1ccc(\C=N\NC(=O)CN2CCC(Cc3ccccc3)CC2)cc1,0,pro_3129,67300,4.828015064223977
CC1(COCS(=O)(=O)c2ccc(OC\C(CN)=C\F)cc2)CCOCC1,1,pro_2714,30000,4.477121254719663
NC\C(COc1ccc(cc1)S(=O)(=O)COCC1CCOCC1)=C/F,1,pro_2714,30000,4.477121254719663
NC\C(COc1ccc(cc1)S(=O)(=O)COCC1(CCOCC1)C#N)=C/F,1,pro_634,30000,4.477121254719663
NC\C(COc1ccc(cc1)S(=O)(=O)COCC1(CCOCC1)C#N)=C/F,1,pro_634,30000,4.477121254719663
Cn1cc[n+](CC(=O)Nc2ccc3nc4c5[nH]c6ccccc6c5ccn4c(=O)c3c2)c1,1,pro_2892,8,0.9030899869919436
CCOc1cc(CNC(=O)c2ncoc2-c2ccc(OC)cc2)cc(OCC)c1OCC,1,pro_171,6,0.7781512503836436
NC1=N[C@@]2(CCOC1)c1cc(ccc1Oc1cnc(cc21)-c1ccc(F)c(F)c1)-c1cccnc1F,1,pro_5516,2,0.3010299956639812
Clc1cccc(Cn2ccc3c(nc4ccccc4c23)N2CC3(COC3)C2)c1,1,pro_634,9,0.9542425094393248
CC(C)(C)OC(C(O)=O)c1c(nc(-c2cnn(Cc3ccccc3)c2)c2ccccc12)-c1ccc2OCCCc2c1,1,pro_427,36700,4.56466606425209
N[C@@H](CCNc1ccc(cn1)C#N)C(=O)N1CCCCC1,0,pro_2655,205000,5.311753861055754
N[C@@H](CCNc1ncccc1[N+]([O-])=O)C(=O)N1CCCCC1,0,pro_2655,56000,4.748188027006201
COc1cc2oc3c(OC)cccc3c(=O)c2c(OC)c1OC,1,pro_2714,37000,4.568201724066995
CC(C)=CCc1cc(O)c2c(oc3c(O)cccc3c2=O)c1O,1,pro_2714,40000,4.6020599913279625
COc1c(O)cc2oc3c(OC)c(O)ccc3c(=O)c2c1O,1,pro_2714,32000,4.505149978319906
COc1cc(O)c2c(c1)oc1c(OC)cccc1c2=O,1,pro_2714,29000,4.4623979978989565
COc1c(O)ccc2c1oc1ccccc1c2=O,0,pro_2714,65000,4.812913356642856
COc1ccc2c(c1)oc1c(OC)cccc1c2=O,1,pro_2714,36000,4.556302500767288
COc1cccc2c1oc1ccccc1c2=O,1,pro_2714,30000,4.477121254719663
COc1ccc2c(oc3ccccc3c2=O)c1OC,1,pro_2714,31000,4.491361693834273
COc1cccc2oc3c(O)cccc3c(=O)c12,0,pro_2714,51000,4.707570176097937
COc1cccc2c1oc1cc(O)c(OC)c(O)c1c2=O,0,pro_2714,51000,4.707570176097937
Clc1ccc2c(c1)oc(cc2=O)C(=O)NC1CCN(Cc2ccc3OCOc3c2)CC1,1,pro_6088,3,0.4771212547196624
O=C(NC1CCN(Cc2ccc3OCOc3c2)CC1)c1cc(=O)c2ccccc2o1,1,pro_6088,6,0.7781512503836436
FC(F)Oc1ccc2c(c1)oc(cc2=O)C(=O)NC1CCN(Cc2ccc3OCOc3c2)CC1,1,pro_6088,3,0.4771212547196624
Clc1cc2oc(cc(=O)c2cc1Cl)C(=O)NC1CCN(Cc2ccc3OCOc3c2)CC1,1,pro_6088,1,0.0
Fc1ccc2oc(cc(=O)c2c1)C(=O)NC1CCN(Cc2ccc3OCOc3c2)CC1,1,pro_6088,4,0.6020599913279624
COC(=O)C1(CCC1)Sc1nonc1\C(Nc1ccc(F)c(Br)c1)=N\O,1,pro_171,5,0.6989700043360189
Cc1sc(cc1[C@@H]1C[C@H]1NCC1CC1)C(=O)Nc1ccn(C)c1,0,pro_2714,100000,5.0
O=C1CSc2cc(OCCCc3ccccc3)ccc2N1,0,pro_2714,96800,4.985875357308394
CSc1ccc(cc1)C(O)C(CO)NC(=O)c1cc2C(=O)CC(C)(C)Cc2n(-c2ccc(Cl)cc2)c1=O,0,pro_5516,100000,5.0
Clc1ccc(NC(=O)OCCCCN2CCC(CC2)OCc2ccccc2)cc1,0,pro_2892,100000,5.0
Fc1ccc(NC(=O)OCCCCN2CCC(CC2)OCc2ccccc2)cc1,0,pro_2892,100000,5.0
CCOP(=O)(Cn1ccc(NC(=O)c2cc(OC(C)C)cc(Oc3ccc(cn3)C(=O)N3CCC3)c2)n1)OCC,0,pro_6088,80000,4.903089986991944
COc1cncc(c1)-c1nc(cn1-c1ccc(cc1)S(N)(=O)=O)C(F)(F)F,0,pro_3741,100000,5.0
Cc1ccncc1-c1nc(cn1-c1ccc(cc1)S(N)(=O)=O)C(F)(F)F,0,pro_3741,51000,4.707570176097937
Cc1ccncc1-c1nc(cn1-c1ccc(cc1)S(C)(=O)=O)C(F)(F)F,0,pro_3741,54000,4.732393759822968
COc1cncc(c1)-c1nc(cn1-c1ccc(cc1)S(C)(=O)=O)C(F)(F)F,1,pro_3741,37600,4.575187844927661
CS(=O)(=O)c1ccc(cc1)-n1cc(CO)nc1-c1cccnc1,0,pro_3741,934000,5.970346876230093
O=C(Nc1ccc(CNC2CC2)cc1)c1n[nH]cc1Nc1ncnc2sccc12,1,pro_2228,2,0.3010299956639812
C[C@H](O)c1nccn1Cc1cc(on1)C#Cc1ccc(OCC(N)(CO)CO)cc1,0,pro_2218,100000,5.0
CC(C)[C@@H]1COC(=O)N1CC(=O)Nc1nc(C)c(s1)-c1ccc(N)cc1,1,pro_6167,30000,4.477121254719663
CC(C)c1ccc(NC(=O)OC2CCN(CC2)C2Cc3ccccc3C2)cc1,0,pro_634,100000,5.0
CC(C)c1ccc(NC(=O)OC2CCN(CC2)C2Cc3ccccc3C2)cc1,0,pro_634,100000,5.0
COc1cc(\C=N\Nc2nc(cs2)-c2ccc(cc2)S(C)(=O)=O)cc(OC)c1O,0,pro_3741,100000,5.0
COc1ccc(\C=N\Nc2nc(cs2)-c2ccc(cc2)S(C)(=O)=O)c(OC)c1,0,pro_3741,100000,5.0
CS(=O)(=O)c1ccc(cc1)-c1csc(N\N=C\c2ccc(O)cc2)n1,0,pro_3741,100000,5.0
Cn1c2ccc(cc2c(=O)n(Cc2ccc(cc2)C(O)=O)c1=O)C#CCc1ccccc1,1,pro_2218,30000,4.477121254719663
CC1(C)Cc2c(c(c(CC(O)=O)n2C1)-c1ccc(Cl)cc1)-c1ccccc1,1,pro_3741,30000,4.477121254719663
COc1ccc(\C=C2\C(C)=NN(C2=O)c2nnn[nH]2)cc1OCc1ccccc1Cl,1,pro_427,5,0.6989700043360189
OC[C@@H](N1CCCn2cc(cc2C1=O)-c1ccnc(N[C@@H]2C[C@H](O)[C@@H](F)C2)n1)c1ccccc1,1,pro_6167,40000,4.6020599913279625
CSCC(=O)NCCCCCC(=O)N(C)CCCN1c2ccccc2CCc2ccccc12,0,pro_570,972000,5.987666264926275
CN(C)CCCN1c2ccccc2CCc2ccccc12,0,pro_570,1010000,6.004321373782642
CN(C)CCCN1c2ccccc2CCc2ccccc12,0,pro_570,1010000,6.004321373782642
CSCC(=O)N(C)CCCN1c2ccccc2CCc2ccccc12,0,pro_570,1320000,6.12057393120585
COC(=O)N1[C@@H](C)CCc2c1ccc1n(c(CC(C(O)=O)c3ccccc3)nc21)-c1cccc(OC)c1,0,pro_570,50500,4.703291378118662
COC(=O)N1[C@@H](C)CCc2c1ccc1n(c(CC(C(O)=O)c3ccccc3)nc21)-c1ccc(cc1)C#N,0,pro_570,50500,4.703291378118662
COC(=O)N1[C@@H](C)CCc2c1ccc1n(c(C[C@H](C(O)=O)c3ccccc3)nc21)-c1ccccc1,0,pro_570,50500,4.703291378118662
OCc1ccncc1-c1ccc2[nH]nc(C(=O)NCC3CCOCC3)c2c1,1,pro_6088,41000,4.612783856719736
COCc1ccncc1-c1ccc2[nH]nc(C(=O)NCC3CCOCC3)c2c1,1,pro_6088,47000,4.672097857935717
Fc1ccc(NC(=O)C2(COC2)c2ccc(NC(=O)c3cccc(Cl)c3)cn2)cc1,1,pro_171,3,0.4771212547196624
CNC(=O)[C@H](Cc1c[nH]c2ccccc12)NC(=O)[C@H](CC(C)C)CC(=O)NNS(=O)(=O)c1ccc(cc1)-c1ccc(Br)cc1,1,pro_2218,9,0.9542425094393248
COc1cc2CCN(Cc2cc1OC)C(=O)CCn1sc2nc(C)cc(C)c2c1=O,0,pro_3741,303400,5.482015576450712
Cn1c(SCC(=O)NNC(=O)c2cccc(O)c2)nc2sc3CCCc3c2c1=O,0,pro_427,100000,5.0
CC(=O)C(=C(/N)c1ccco1)\c1ccccc1,0,pro_3741,100000,5.0
CC1(COC1)C(=O)N1CC(C1)C#Cc1ccc2c(c1)occ(-c1ccc(NS(C)(=O)=O)cc1)c2=O,0,pro_634,130000,5.113943352306837
Cc1ccc(NCC(=O)N\N=C\c2cccc(OC(=O)c3ccc4OCOc4c3)c2)cc1,0,pro_427,731000,5.86391737695786
Cc1ccc2oc(=O)c3cc(C4=Nc5ccc(cc5N=CC4)C(=O)c4ccccc4)c(=O)oc3c2c1,0,pro_427,100000,5.0
CC(=O)Nc1ccc(cc1)-c1ccnc(Nc2cccc(NC(=O)c3ccccc3)c2)n1,1,pro_1546,30000,4.477121254719663
CC(=O)Nc1ccc(cc1)-c1ccnc(Nc2cccc(NC(=O)c3ccccc3Cl)c2)n1,1,pro_1546,30000,4.477121254719663
CC(=O)NC(Cc1ccccc1F)C(=O)Oc1ccc(cc1)[N+]([O-])=O,0,pro_2892,76720,4.884908594162607
CC(=O)NC(Cc1ccc(F)cc1)C(=O)Oc1ccc(C)cc1,0,pro_2892,73330,4.865281684995611
CC(=O)NC(Cc1cccc(F)c1)C(=O)Oc1ccccc1,0,pro_2892,87820,4.943593432768369
CC(=O)NC(Cc1ccc(F)cc1)C(=O)Oc1ccccc1,0,pro_2892,98340,4.992730203954142
CC(=O)NC(Cc1cccc(F)c1)C(=O)Oc1ccc(cc1)[N+]([O-])=O,0,pro_2892,74280,4.870871895067743
CC(=O)NC(Cc1ccccc1F)C(=O)Oc1ccc(Cl)cc1,0,pro_2892,103510,5.014982308585482
CC(=O)NC(Cc1ccccc1F)C(=O)Oc1ccc(C)cc1,0,pro_2892,57880,4.762528522447
CCN(CC)CCOc1cc2ncnc(Nc3ccc(NC(=O)Nc4ccc(F)c(Cl)c4)cc3)c2cc1OC,1,pro_2281,43200,4.635483746814912
CC(C)Oc1cccc(n1)-c1c(C)nnn1C1CCNCC1,0,pro_570,100000,5.0
ONC(=O)CN(C(c1ccccc1)c1ccccc1)C(=O)CN(CCCc1ccccc1)C(=O)Nc1ccc(Oc2ccccc2)cc1,0,pro_2218,200000,5.301029995663981
Cn1c2ccc(NC(=O)CCCCN3CCN(Cc4ccccc4)CC3)cc2oc1=O,1,pro_2892,30860,4.489395921727129
CC(C)N(CCO)Cc1csc(n1)-c1cn(CC2CCOCC2)c2c(Cl)cccc12,0,pro_6167,100000,5.0
COc1cnc2ccc(=O)n(CCN3CCN(CC3)c3nc4cc(C#N)c(C)cc4[nH]3)c2c1,1,pro_6088,33000,4.518513939877888
CCCC1c2c(nc3CCCCc3c2N)-n2n1c(=O)c1ccccc1c2=O,0,pro_3129,100000,5.0
CCCCCC1c2c(nc3CCCCc3c2N)-n2n1c(=O)c1ccccc1c2=O,0,pro_3129,100000,5.0
CC1c2c(nc3CCCCc3c2N)-n2n1c(=O)c1ccccc1c2=O,0,pro_3129,100000,5.0
O[C@@H]([C@H]1CC[C@@H](Cc2ccc(NC(=O)[C@@H]3CCc4ccnn34)cc2)N1)c1cccnc1,0,pro_6167,100000,5.0
Fc1ccc(cc1)-c1nc2c(ccnc2[nH]1)C(=O)NCC(=O)N1CCC[C@H]1C#N,0,pro_2655,100000,5.0
COc1ccc(cc1)-c1nc2c(ccnc2[nH]1)C(=O)NCC(=O)N1CCC[C@H]1C#N,0,pro_2655,100000,5.0
OC(=O)[C@H]1[C@H](Cn2nnc3ccccc3c2=O)CC[C@@H]1Sc1ccc(cc1)-c1nccs1,1,pro_2218,8,0.9030899869919436
O=C(N1CCc2cc(ccc12)C1CC1NCC1CCNCC1)c1ccccc1,1,pro_634,32880,4.516931808868013
O=C(N1CCc2cc(ccc12)C1CC1NCC1CCNCC1)c1ccccc1,1,pro_634,32880,4.516931808868013
CC(C)N1CCOc2c(F)cc(cc12)-c1nc(Nc2ccc(cn2)N2CCNCC2=O)ncc1F,1,pro_2228,1,0.0
COC(=O)N1[C@@H](C)CCc2c1ccc1n(C3CNC3)c(Cc3ccccc3)nc21,0,pro_570,50500,4.703291378118662
C([n+]1ccc2ccccc2c1)[n+]1ccc2ccccc2c1,0,pro_5467,654000,5.815577748324268
OC1=C(C(N(C1=O)c1nc2ccccc2s1)c1ccc2OCOc2c1)C(=O)c1ccccc1,0,pro_427,57000,4.755874855672492
CC1(C)COCc2sc(nc12)N1CCN(CC1)C(=O)[C@@H]1CCCC[C@H]1C(=O)NC1(CC1)C#N,0,pro_6088,100000,5.0
O\N=C(\Nc1cccc(Cc2ccccc2)c1)c1ccc2occc2c1,1,pro_171,30000,4.477121254719663
CC(C)CN(C[C@@H](O)[C@H](Cc1ccccc1)NC(=O)O[C@H]1CO[C@H]2OCC[C@@H]12)S(=O)(=O)c1ccc(N)cc1,0,pro_6088,100000,5.0
CC(C)CN(C[C@@H](O)[C@H](Cc1ccccc1)NC(=O)O[C@H]1CO[C@H]2OCC[C@@H]12)S(=O)(=O)c1ccc(N)cc1,0,pro_6088,100000,5.0
Nc1nc2cccc(-c3ccc(CN4CCS(=O)(=O)CC4)cc3)n2n1,0,pro_1546,100000,5.0
COc1cnc(OC)c2[nH]cc(C(=O)C(=O)N3CCN(CC3)C(=O)c3ccccc3)c12,1,pro_6167,40000,4.6020599913279625
C[C@@H]1CN(CCN1C(=O)C(=O)c1c[nH]c2cnccc12)C(=O)c1ccccc1,1,pro_6167,40000,4.6020599913279625
COc1cnc(OC)c2[nH]cc(C(=O)C(=O)N3CCN(CC3)C(=O)c3ccccc3)c12,1,pro_6167,40000,4.6020599913279625
C[C@@H]1CN(CCN1C(=O)C(=O)c1c[nH]c2cnccc12)C(=O)c1ccccc1,1,pro_6167,40000,4.6020599913279625
S=C(CNCc1ccccc1)N1CCCC1,0,pro_2655,1000000,6.0
CS(=O)(=O)Nc1ccncc1Oc1cc(Cl)cc(Cl)c1,0,pro_3741,100000,5.0
CS(=O)(=O)Nc1ccncc1Oc1ccccc1,1,pro_3741,37500,4.574031267727719
Cc1ccc(Cn2c3ccccc3nc3c2nc(=O)[nH]c3=O)cc1,1,pro_5467,29390,4.468199586072613
Clc1ccc(Cn2c3ccccc3nc3c2nc(=O)[nH]c3=O)cc1,1,pro_5467,29950,4.47639682672533
COc1ccc(Cn2c3ccccc3nc3c2nc(=O)[nH]c3=O)cc1OC,1,pro_5467,32550,4.5125509929042105
Cc1ccc(NC(=O)CN2C(=O)\C(=N/NC(=O)c3ccc4ccccc4n3)c3ccccc23)cc1,0,pro_427,84000,4.924279286061882
Nc1nnc([nH]1)N1CCC(CC1)N1C[C@H](Cn2cncn2)OC[C@@H]1Cc1ccc(Cl)cc1,0,pro_6088,100000,5.0
Cc1ccc(SCc2nc(cs2)C(=O)NCC(=O)N2CC(F)(F)C[C@H]2C#N)cc1,0,pro_2655,100000,5.0
FC(F)(F)c1ccc(SCc2nc(cs2)C(=O)NCC(=O)N2CC(F)(F)C[C@H]2C#N)cc1,0,pro_2655,100000,5.0
FC1(F)C[C@@H](C#N)N(C1)C(=O)CNC(=O)c1csc(CSc2ccc(Cl)c(Cl)c2)n1,0,pro_2655,100000,5.0
FC1(F)C[C@@H](C#N)N(C1)C(=O)CNC(=O)c1csc(CSc2ccc(cc2)C#N)n1,1,pro_2655,44560,4.648945182165672
CNC(=O)c1ncc(C#Cc2cc(ccc2C)C(=O)Nc2ccc(CN3CCN(CCO)CC3)c(c2)C(F)(F)F)n1C,1,pro_2228,6,0.7781512503836436
Cl.COc1cccc(c1)C(=O)CN1CCC(Cc2ccccc2)CC1,1,pro_2892,32820,4.516138576717075
Cl.CC1=CC2CC(C1)c1c(C2)nc2cc(Cl)ccc2c1NCCCCCCCCNC(=O)c1cc(O)c2C(=O)c3c(O)cccc3C(=O)c2c1,1,pro_5467,4,0.6020599913279624
CC1=CC2CC(C1)c1c(C2)nc2cc(Cl)ccc2c1NCCCCCCCCNC(=O)c1cc(O)c2C(=O)c3c(O)cccc3C(=O)c2c1,1,pro_5467,4,0.6020599913279624
COc1cnc2ncc(=O)n(CCN3CCC(CC3)NCc3cnc(C)c(c3)C#N)c2c1,0,pro_6088,100000,5.0
CNC(=O)CC1c2ccccc2-c2cncn12,0,pro_171,100000,5.0
OC(=O)CC1c2ccccc2-c2cncn12,0,pro_171,100000,5.0
NC\C(COc1ccc(c(F)c1)S(=O)(=O)CC1CCN(CC1)C(=O)C1CCCC1)=C/F,1,pro_634,30000,4.477121254719663
NC\C(COc1ccc(c(F)c1)S(=O)(=O)CC1CCN(CC1)C(=O)C1CCCC1)=C/F,1,pro_634,30000,4.477121254719663
Cn1c(nc(C(=O)NCc2ccc(F)cc2)c(O)c1=O)C1(C)CCCO1,1,pro_427,5,0.6989700043360189
NS(=O)(=O)c1ccc(N\N=C2/C(=O)Nc3ccc4ncsc4c23)cc1,1,pro_2228,7,0.8450980400142568
O=C([C@@H]1C[C@H](CN1)Nc1ccc(cn1)C#N)N1CCC[C@H]1C#N,1,pro_2655,6,0.7781512503836436
CC([C@@H]1[C@H]2C[C@@H](C[C@@H]12)Oc1ccnc2ccc(F)cc12)C(=O)Nc1nc2ccccc2[nH]1,1,pro_171,9,0.9542425094393248
NS(=O)(=O)c1ccc(N\N=C2/C(=O)Nc3ccc(cc23)-c2cnco2)cc1,1,pro_2228,2,0.3010299956639812
NS(=O)(=O)c1ccc(NN=C2C(=O)Nc3ccc(cc23)-c2cnco2)cc1,1,pro_2228,2,0.3010299956639812
CCOc1ccc(CNC=C2C(=O)NC(=O)c3ccc(Br)cc23)cc1O,1,pro_2228,45500,4.658011396657113
CCCOc1ccc(CNC=C2C(=O)NC(=O)c3ccc(Br)cc23)cc1O,1,pro_2228,34500,4.537819095073274
COc1ccc(CN(C)\C=C2/C(=O)NC(=O)c3ccc(Br)cc23)cc1O,1,pro_2228,44400,4.64738297011462
CCCCOc1c(ccc2[nH]ncc12)C(=O)c1c(F)cc(C)cc1F,1,pro_2228,6,0.7781512503836436
CN(N1CC[C@H](C1)C(=O)NCC(F)(F)F)c1ncnc2[nH]ccc12,1,pro_1546,8,0.9030899869919436
Cc1cc(c(SCc2ccccc2)cc1Cl)S(=O)(=O)Nc1nc2cscc2c(=O)[nH]1,0,pro_427,78000,4.892094602690481
Cc1cc(c(SCc2ccccc2)cc1Cl)S(=O)(=O)Nc1nc2cscc2c(=O)[nH]1,0,pro_427,78000,4.892094602690481
OCCCNC(=O)c1cnc2C(=O)c3ccccc3-c3cccc1c23,0,pro_3129,53250,4.726319612110776
OCCNC(=O)c1cnc2C(=O)c3ccccc3-c3cccc1c23,0,pro_3129,68730,4.83714634390906
Cl.Cl.CCc1ccncc1-c1ccc(CN)o1,0,pro_6167,181000,5.2576785748691846
O=NCc1ccc(o1)-c1cccnc1,0,pro_6167,400000,5.6020599913279625
NCc1ccc(o1)-c1cccnc1,1,pro_6167,47170,4.6736658762457015
O=NCc1ccc(o1)-c1cccnc1,0,pro_6167,400000,5.6020599913279625
O=NCc1ccc(o1)-c1cccnc1,0,pro_6167,400000,5.6020599913279625
COc1cncc(OCCCN)c1-c1cc(Nc2cnc(cn2)C#N)n[nH]1,0,pro_6088,87400,4.941511432634403
O=C1OC(C(=O)C1Sc1ccccc1)c1ccccc1,0,pro_5516,105000,5.021189299069938
COc1ccccc1CN(C)CCCCOc1cccc(c1)-c1cc(=O)c2c(O)c(OC)c(OC)cc2o1,1,pro_2892,31030,4.491781775584165
Cn1cc2CN(c3ccc(F)cc3F)c3ccc(CS(C)(=O)=O)cc3-c3c[nH]c(=O)c1c23,1,pro_570,6,0.7781512503836436
Cn1cc2-c3cc(CS(C)(=O)=O)ccc3N(Cc3c[nH]c(c23)c1=O)c1ccc(F)cc1,1,pro_570,1,0.0
CCS(=O)(=O)Nc1ccc2N(Cc3cn(C)c4c3c(c[nH]c4=O)-c2c1)c1ccc(F)cc1,1,pro_570,4,0.6020599913279624
C(c1cccc(C[n+]2cccc3ccccc23)c1)[n+]1cccc2ccccc12,1,pro_5467,40000,4.6020599913279625
Fc1ccc(cc1F)-c1cc2C(=O)c3ccccc3-c2nn1,1,pro_634,5,0.6989700043360189
FC(F)(F)c1ccc(cc1)-c1cc2C(=O)c3ccccc3-c2nn1,1,pro_634,5,0.6989700043360189
FC(F)(F)c1cccc(c1)-c1cc2C(=O)c3ccccc3-c2nn1,1,pro_634,8,0.9030899869919436
[O-][N+](=O)c1ccc(cc1)-c1cc2C(=O)c3ccccc3-c2nn1,1,pro_634,8,0.9030899869919436
Brc1cccc(c1)-c1cc2C(=O)c3ccccc3-c2nn1,1,pro_634,5,0.6989700043360189
Brc1ccc(cc1)-c1cc2C(=O)c3ccccc3-c2nn1,1,pro_634,8,0.9030899869919436
Nc1nc(OCc2ccccc2)c2[nH]cnc2n1,1,pro_2228,35000,4.544068044350276
CNC1=NC(NC(=O)N1)c1ccccc1C,0,pro_5516,50310,4.701654317325748
CCCNC1=NC(NC(=O)N1)c1ccc(F)cc1,1,pro_5516,36830,4.566201718854913
[O-][N+](=O)c1cccc(c1)C(=O)N1CCN(CC1)c1ccc(Br)cc1NC(=O)c1cc2ccccc2o\c1=N/c1ccccc1,1,pro_5516,26430,4.422097163131711
CC[C@@H]1C[C@H](C)CC\C=C/[C@@H]2C[C@]2(NC(=O)[C@@H]2C[C@H](CN2C(=O)[C@H]1NC(=O)OC(C)(C)C(F)(F)F)Oc1nccc2cc(OC)c(F)cc12)C(=O)NS(=O)(=O)C1(C)CC1,1,pro_6167,33000,4.518513939877888
Clc1ccc2c(NCCCCCNC(=O)CCc3ccc4nc(-c5ccccc5)c5CCCOc5c4c3)c3CCCCc3nc2c1,1,pro_5467,9,0.9542425094393248
COc1cc2c(Nc3ccc(cc3)C(=O)\C=C\c3nc(C)c(C)nc3C)ncnc2c(OC)c1OC,1,pro_2714,47400,4.675778341674085
CC(C)N1CCC(CC1)(C(=O)NO)S(=O)(=O)c1ccc(Oc2ccc(cc2)C(C)C)cc1,1,pro_2218,1,0.0
CS(=O)(=O)c1ccc(Oc2ccc(cc2)S(=O)(=O)C2(CCN(CC#C)CC2)C(=O)NO)cc1,1,pro_2218,3,0.4771212547196624
ONC(=O)C1(CCNCC1)S(=O)(=O)c1ccc(Oc2ccc(cc2)C(F)(F)F)cc1,1,pro_2218,1,0.0
OC(=O)c1cc(ccc1O)-c1ccc(\C=C2/NC(=S)NC2=O)o1,0,pro_427,250000,5.3979400086720375
Cc1cc(oc1\C=C1/NC(=S)NC1=O)-c1ccc(C(O)=O)c(O)c1,0,pro_427,250000,5.3979400086720375
OC(=O)c1ccc(cc1O)-c1ccc(\C=C2/NC(=S)NC2=O)o1,0,pro_427,74000,4.869231719730976
OC(=O)c1ccc(cc1O)-c1ccc(\C=C2/NC(=S)NC2=O)o1,0,pro_427,74000,4.869231719730976
OC(=O)c1cc(ccc1O)-c1ccc(\C=C2/NC(=S)NC2=O)o1,0,pro_427,250000,5.3979400086720375
CNS(=O)(=O)c1ccc2NC(=O)\C(=C/c3[nH]cc4c3CCOC4=O)c2c1,1,pro_2228,4,0.6020599913279624
CC(Oc1cc(=O)oc2ccccc12)C(=O)Nc1ccc(cc1C#N)C(F)(F)F,0,pro_3741,50250,4.701136066092526
COc1ccc(NC(=O)C(C)Oc2cc(=O)oc3ccccc23)cc1,1,pro_3741,38710,4.587823171318955
CC(=O)n1n(C(C)=O)c2c(Cl)cccc2sc2ccccc12,0,pro_3129,100000,5.0
COc1ccc2n(C(C)=O)n(C(C)=O)c3ccccc3sc2c1,0,pro_3129,100000,5.0
CC(=O)n1n(C(C)=O)c2cc(Cl)ccc2sc2ccccc12,0,pro_3129,100000,5.0
CC(=O)n1n(C(C)=O)c2ccc(cc2sc2ccccc12)C(F)(F)F,0,pro_3129,100000,5.0
CC(=O)n1[nH]c2ccc(cc2sc2ccccc12)[N+]([O-])=O,0,pro_3129,100000,5.0
Cc1cccc(c1)N=C(NC#N)c1ccc(o1)-c1ccc(Cl)cc1,1,pro_6088,30000,4.477121254719663
Cc1nnc(o1)C(Cc1ccccc1)NC1=NC(C)(C)Cc2cc(Cl)ccc12,0,pro_5516,339700,5.531095546870028
CC1(C)Cc2cc(Cl)ccc2C(NC(Cc2ccccc2)c2nnco2)=N1,0,pro_5516,184900,5.266936911159173
Cn1c(CSc2cccc(F)c2)nc2n(C)c(=O)n(C)c(=O)c12,0,pro_2714,50100,4.699837725867246
Cn1c(CSc2ccc(Cl)cc2)nc2n(C)c(=O)n(C)c(=O)c12,1,pro_2714,31600,4.4996870826184034
COc1cccc(SCc2nc3n(C)c(=O)n(C)c(=O)c3n2C)c1,1,pro_2714,41300,4.615950051656401
c1ncc([nH]1)-c1ccccc1,0,pro_171,143000,5.155336037465062
Oc1c(Cl)cccc1-c1cnc[nH]1,1,pro_171,32000,4.505149978319906
CNC(=O)CCn1cncc1-c1ccccc1,0,pro_171,1000000,6.0
Oc1c(Cl)cc(F)cc1-c1cnc[nH]1,1,pro_171,47000,4.672097857935717
Cn1cncc1-c1ccccc1O,1,pro_171,38000,4.57978359661681
Cn1cncc1-c1cc(Cl)ccc1N,0,pro_171,1200000,6.079181246047625
c1ncc([nH]1)-c1ccccc1,0,pro_171,143000,5.155336037465062
c1ncc([nH]1)-c1ccccc1,0,pro_171,143000,5.155336037465062
c1ncc([nH]1)-c1ccccc1,0,pro_171,143000,5.155336037465062
c1ncc([nH]1)-c1ccccc1,0,pro_171,143000,5.155336037465062
Cn1cncc1-c1ccccc1N,0,pro_171,1700000,6.230448921378274
CNC(=O)Cn1cncc1-c1ccccc1,0,pro_171,187000,5.2718416065365
CC(=O)NCCn1cncc1-c1ccccc1,0,pro_171,1000000,6.0
OCCn1cncc1-c1ccccc1,0,pro_171,1000000,6.0
OC[C@H]1O[C@@H](Oc2cc(ccc2O)-c2cc(=O)c3c(O)cc(O)cc3o2)[C@H](O)[C@@H](O)[C@@H]1O,0,pro_5467,74560,4.872505899345925
CCN(Cc1ccccc1)C(=O)\C=C\c1ccc(OC(=O)N(c2ccccc2)c2ccccc2)c(OC)c1,1,pro_5467,28100,4.44870631990508
CNC(=O)[C@]12C[C@H]1[C@](C)(N=C(N)S2)c1cc(NC(=O)c2ccc(Cl)cn2)cc(F)c1F,1,pro_5516,1,0.0
NS(=O)(=O)c1ccc(cc1)-n1nc(cc1-c1ccccn1)C(F)(F)F,1,pro_3741,45600,4.658964842664435
COCCOc1cc2c(Nc3cccc(c3)C#C)ncnc2cc1OCCOC(=O)C(C)c1ccc(CC(C)C)cc1,1,pro_2281,9,0.9542425094393248
Cc1nnn(C)c1-c1cnc2c(c1)n(C(CCC(F)(F)F)c1ccccn1)c1cccc(c21)S(C)(=O)=O,1,pro_570,5,0.6989700043360189
CN1CCN(CCC(=O)Nc2ccc3nc4c5[nH]c6ccccc6c5ccn4c(=O)c3c2)CC1,1,pro_3129,28900,4.460897842756548
CC1=C[C@](C)(N=C(N)O1)c1cc(NC(=O)c2ccc(cn2)C(F)(F)F)ccc1F,1,pro_5516,30000,4.477121254719663
CC1=C[C@](C)(N=C(N)O1)c1cc(NC(=O)c2ccc(cn2)C#N)ccc1F,1,pro_5516,4,0.6020599913279624
CC1=C[C@](C)(N=C(N)O1)c1cc(NC(=O)c2ncc(F)cc2F)ccc1F,1,pro_5516,30000,4.477121254719663
CC(=O)c1ccccc1NC(=O)c1ccc(OCCCCCC[n+]2ccc3ccccc3c2)cc1,0,pro_5516,100000,5.0
ONC(=O)[C@@H](CC(=O)Nc1cccc2ccccc12)NC(=O)\C=C\c1ccccc1,0,pro_2218,1000000,6.0
OC(=O)[C@@H](CC(=O)Nc1cccc2ccccc12)NC(=O)\C=C\c1ccccc1,0,pro_2218,1000000,6.0
O=C(CNC(=O)c1ccnc2ncnn12)N1CCC[C@H]1C#N,0,pro_2655,100000,5.0
CN1CCC[C@@H]1\C=C\C(=O)Nc1cc2c(Nc3ccc(Oc4cnc5ccnn5c4)c(C)c3)ncnc2cc1O,1,pro_2281,1,0.0
