,smiles,Targets,pro_id,preds
0,CCOC(=O)c1cc2c(N)noc2nc1C,0.0,pro_171,0.3951554422577222
1,Cc1cc(c2c(N)noc2n1)C(F)(F)F,0.0,pro_171,0.3740815768639247
2,Nc1noc2ncc(F)cc12,0.0,pro_171,0.46556714673837024
3,Cc1ccc2c(N)noc2n1,0.0,pro_171,0.2748729685942332
4,CCOC(=O)c1cc2c(N)noc2nc1C(F)(F)F,0.0,pro_171,0.29259397834539413
5,Cc1nc2onc(N)c2c(C)c1OC(F)F,0.0,pro_171,0.34024666746457416
6,Nc1noc2ncccc12,0.0,pro_171,0.514792005221049
7,CCOC(=O)c1cc2c(N)noc2nc1C(F)F,0.0,pro_171,0.27270938207705814
8,CS(=O)(=O)c1ccc2c(N)noc2n1,0.0,pro_171,0.4428255259990692
9,CN(C)CCOc1ccc2c(N)noc2n1,0.0,pro_171,0.20579816897710165
10,Nc1noc2nc(Cl)cc(c12)C(F)(F)F,0.0,pro_171,0.5380770961443583
11,CN(C)c1ccc2c(N)noc2n1,0.0,pro_171,0.3293389678001404
12,CN(C)c1nc2onc(N)c2cc1F,0.0,pro_171,0.14823675031463304
13,COC(=O)c1ccc2cnoc2n1,0.0,pro_171,0.25760146975517273
14,Nc1noc2ncc(Br)cc12,0.0,pro_171,0.49333418409029645
15,CSc1ccc2c(N)noc2n1,0.0,pro_171,0.35282952586809796
16,CN(C)c1ccnc2onc(N)c12,0.0,pro_171,0.30788083871205646
17,Cc1cc(C)c2c(N)noc2n1,0.0,pro_171,0.26148408899704617
18,COc1ccnc2onc(N)c12,0.0,pro_171,0.3101685643196106
19,Cc1cc2c(N)noc2nc1C,0.0,pro_171,0.27187398076057434
20,Nc1noc2nc(ccc12)C(O)=O,0.0,pro_171,0.4958087106545766
21,Nc1noc2ncc(Cl)cc12,0.0,pro_171,0.520021657148997
22,CC(=O)Nc1noc2nc(C)c(Cl)c(C)c12,0.0,pro_171,0.2287102366487185
23,Cc1nc2onc(N)c2c(C)c1C,0.0,pro_171,0.3390954410036405
24,Nc1noc2nc(N)ccc12,0.0,pro_171,0.386455977956454
25,COCC#Cc1cnc2onc(N)c2c1,0.0,pro_171,0.2888873852789402
26,CNc1noc2nc(C)c(Cl)c(C)c12,0.0,pro_171,0.3545560905088981
27,CC(C)c1ccc2c(N)noc2n1,0.0,pro_171,0.39491330087184906
28,CN(C)CCCOc1ccc2c(N)noc2n1,0.0,pro_171,0.14890454709529877
29,COc1cc2ncnc(Nc3ccc(OCc4cccc(F)c4)c(Cl)c3)c2cc1OCCCCCCC(=O)NO,1.0,pro_2281,0.9858585993448893
30,Cc1nccc(n1)N1CCCC2CC(CCC12)C1(CCC1)C(=O)Nc1ccc(F)cc1,1.0,pro_171,0.9874574343363444
31,Cc1nccc(n1)N1CCCC2CC(CCC12)C1(CCC1)C(=O)Nc1ccc(F)cc1,1.0,pro_171,0.9874574343363444
32,Fc1ccc(NC(=O)C2(CCC2)C2CCC3C(CCCN3c3ccnc(n3)C(F)(F)F)C2)cc1,1.0,pro_171,0.8730035622914633
33,Fc1ccc(NC(=O)C2(CCC2)C2CCC3C(CCCN3c3ccnc(n3)C(F)(F)F)C2)cc1,1.0,pro_171,0.8730035622914633
34,Cc1nccc(n1)N1CCCC2CC(CCC12)C1(CCC1)C(=O)Nc1ccc(F)cc1,1.0,pro_171,0.9874574343363444
35,Fc1ccc(NC(=O)C2(CCC2)C2CCC3C(CCCN3c3ccnc(n3)C(F)(F)F)C2)cc1,1.0,pro_171,0.8730035622914633
36,[O-][N+](=O)c1ccc(cc1)C(=O)N1CCN(CC1)C(=O)c1cc2ccccc2oc1=O,1.0,pro_2892,0.7359695037206014
37,Clc1ccccc1C(=O)N1CCN(CC1)C(=O)c1cc2ccccc2oc1=O,1.0,pro_2892,0.7545840740203857
38,C[C@]1(CCOC(N)=N1)c1cc(NC(=O)c2ncc(Cl)cc2Cl)ccc1F,1.0,pro_5516,0.9979071418444315
39,C[C@@]1(N=C(N)OC[C@@H]1F)c1cc(NC(=O)c2ccc(OC(F)F)cn2)ccc1F,1.0,pro_5516,0.9982977112134298
40,C[C@]1(C[C@H](OC(N)=N1)C(F)(F)F)c1cc(NC(=O)c2ccc(cn2)[N+]#[C-])ccc1F,1.0,pro_5516,0.9984492659568787
41,C[C@@]1(N=C(N)OC[C@@H]1OCC(F)(F)F)c1cc(NC(=O)c2ccc(cn2)C#N)ccc1F,1.0,pro_5516,0.9985197385152181
42,C[C@@]1(N=C(N)OC[C@@H]1OCC(F)(F)F)c1cc(NC(=O)c2ccc(F)cn2)ccc1F,1.0,pro_5516,0.9976221919059753
43,C[C@]1(CCOC(N)=N1)c1cc(NC(=O)c2ccc(Cl)cn2)ccc1F,1.0,pro_5516,0.9979425668716431
44,Cc1cc(cnc1C(=O)Nc1cc(F)c(F)c(c1)[C@]1(C)C[C@H](OC(N)=N1)C(F)(F)F)C#N,1.0,pro_5516,0.998030424118042
45,NC1=N[C@@](CF)(C[C@H](O1)C(F)(F)F)c1cc(NC(=O)c2ccc(cn2)[N+]#[C-])cc(F)c1F,1.0,pro_5516,0.9956474502881368
46,Cc1cc(NC(=O)c2ccc(Cl)cn2)cc(c1F)[C@]1(CF)C[C@H](OC(N)=N1)C(F)(F)F,1.0,pro_5516,0.9965884486834208
47,CC#CCOc1ccc(nc1)C(=O)Nc1cc(F)c(F)c(c1)[C@]1(C)C[C@H](OC(N)=N1)C(F)(F)F,1.0,pro_5516,0.9971298178037008
48,C[C@]1(C[C@H](OC(N)=N1)C(F)(F)F)c1cc(NC(=O)c2ccc(cn2)[N+]#[C-])cc(F)c1F,1.0,pro_5516,0.9977708458900452
49,C[C@@]1(N=C(N)OC[C@@H]1F)c1cc(NC(=O)c2ccc(cn2)C(F)F)ccc1F,1.0,pro_5516,0.9967377980550131
50,COc1ccc(C)c2C3=C(C(=O)c4c(CCNC(=O)c5cc6ccccc6[nH]5)c[nH]c4C3=O)C3(Cc12)N(C)C(=O)N(C)C3=O,1.0,pro_171,0.6671587725480398
51,ON1C(=O)C(C(=O)NCc2ccc(F)cc2)c2ccccc2C1=O,0.0,pro_427,0.8649587829907736
52,N[C@@H](CC(=O)N1CCC[C@H]1c1nc(no1)C1(CC1)C(F)(F)F)Cc1cc(F)c(F)cc1F,1.0,pro_2655,0.9889934857686361
53,Cc1csc2ncnc(Nc3c[nH]nc3C(=O)Nc3ccc(CN4CCOCC4)cc3)c12,1.0,pro_2228,0.9156692028045654
54,CC(C)c1cc2c(Nc3c[nH]nc3C(=O)Nc3ccc(CN4CCOCC4)cc3)ncnc2s1,1.0,pro_2228,0.9047744472821554
55,O=C(Oc1ccccc1C(=O)NCCc1c[nH]c2ccccc12)N(c1ccccc1)c1ccccc1,0.0,pro_2892,0.6587518354256948
56,N[C@@H](CC(=O)N1CCSC1)c1ccccc1,0.0,pro_2655,0.9102233648300171
57,CCCCCCc1nc2ccccc2c(=O)n1NC(O)c1c(O)c2cccc3CCCn(c23)c1=O,0.0,pro_5516,0.17332901805639267
58,Nc1ccnc(n1)-n1ccc2ccc(cc12)C#N,1.0,pro_2228,0.5712890724341074
59,Cc1cc(COc2ccc(cc2)S(=O)(=O)CC(C=C2CCC(CC2)N=O)N(O)C=O)c2ccccc2n1,1.0,pro_2218,0.973914901415507
60,CC(=O)c1ccc(OCCCCCCN2CCN(Cc3ccccc3)CC2)cc1O,1.0,pro_634,0.9256804982821146
61,CC(=O)c1ccc(OCCCCCCN2CCN(Cc3ccccc3)CC2)cc1O,1.0,pro_634,0.9256804982821146
62,CC(C)C[C@H](NC(=O)[C@H](C)NC(=O)[C@H](CCCNC(N)=N)NC(=O)c1ccccc1)[C@@H](O)CC(=O)NCCc1ccccc1,0.0,pro_5516,0.21639680365721384
63,COC(=O)N1[C@@H](C)CCc2c1ccc1n(CC(=O)NCC#N)c(CCn3cccn3)nc21,0.0,pro_570,0.08059047907590866
64,COC(=O)N1[C@@H](C)CCc2c1ccc1n(CCNCCC#N)c(CCn3cccn3)nc21,0.0,pro_570,0.10329546531041463
65,COC(=O)N1[C@@H](C)CCc2c1ccc1n(CC(=O)N(C)CC(=O)N(C)C)c(CCn3cccn3)nc21,0.0,pro_570,0.20456060053159794
66,COC(=O)N1[C@@H](C)CCc2c1ccc1n(CCN(C)CCO)c(CCn3cccn3)nc21,0.0,pro_570,0.1017692293971777
67,COC(=O)N1[C@@H](C)CCc2c1ccc1n(CC(=O)N(C)CC(C)(C)O)c(CCn3cccn3)nc21,0.0,pro_570,0.12943662299464145
68,COC(=O)N1[C@@H](C)CCc2c1ccc1n(CCN(C)CC(C)(C)O)c(CCn3cccn3)nc21,0.0,pro_570,0.06558898525933425
69,COC(=O)N1[C@@H](C)CCc2c1ccc1n(CCN(C)CC(=O)N(C)C)c(CCn3cccn3)nc21,0.0,pro_570,0.18225587594012418
70,COC(=O)N1[C@@H](C)CCc2c1ccc1n(CCCS(C)(=O)=O)c(CCn3cccn3)nc21,0.0,pro_570,0.15432018600404263
71,COC(=O)N1[C@@H](C)CCc2c1ccc1n(C)c(CCn3cccn3)nc21,0.0,pro_570,0.36274454556405544
72,Cc1c(ncn1Cc1cccc(c1)C(F)(F)F)C(=O)Nc1ccn(C)n1,1.0,pro_6088,0.5041903654734293
73,NC\C(COc1ccc(cc1)S(=O)(=O)CC12CCC(CC1)(CC2)C(=O)N1CC(F)(F)C1)=C/F,1.0,pro_634,0.9677337010701498
74,NC\C(COc1ccc(cc1)S(=O)(=O)CC12CCC(CC1)(CC2)C(=O)N1CC(F)(F)C1)=C/F,1.0,pro_634,0.9677337010701498
75,NC\C(COc1ccc(cc1)S(=O)(=O)CC12CCC(CC1)(CC2)C(=O)N1CCC1)=C/F,1.0,pro_2714,0.9126102526982626
76,O=C(Cc1cccs1)NCC(=O)N1CCC[C@H]1C#N,0.0,pro_2655,0.31410130113363266
77,C1CCN(C1)[C@@H]([C@H](N1CCCC1)c1ccccc1)c1ccccc1,1.0,pro_6088,0.7359573642412821
78,CCCCn1cc(cn1)C1(N=C(N)N(C)C1=O)c1cccc(c1)-c1cncnc1,1.0,pro_5516,0.9988089601198832
79,COc1cc2c(Nc3cccc(c3)C#C)ncnc2cc1OCCCN1C[C@H](O)[C@@H](O)[C@H](O)[C@H]1CO,1.0,pro_2281,0.9562731583913168
80,COc1cc2c(Nc3ccc(F)c(Cl)c3)ncnc2cc1OCCCN1C[C@H](O)[C@@H](O)[C@H](O)[C@H]1CO,1.0,pro_2281,0.9664403398831686
81,COc1ccc(CNC(=O)C2CCN(CC2)C(=O)c2ccccc2)cc1OC,1.0,pro_5467,0.4822247525056203
82,CC1N(C)OC(=C1c1ccccc1)c1ccc(cc1)S(C)(=O)=O,1.0,pro_3741,0.6292563676834106
83,O=C(N1CC[C@H](C1)Oc1ccc(cc1C#N)-c1ncnc(Nc2ccc(cc2)N2CCN(CC2)C2COC2)n1)c1nc(=O)[nH][nH]1,0.0,pro_1546,0.5836932957172394
84,CS(=O)(=O)n1cc2CN(Cc2n1)[C@@H]1C[C@H](N)C(N(Cc2cncnc2)C1)c1cc(F)ccc1F,1.0,pro_2655,0.9332013328870138
85,Oc1cccc(NC(=O)Cc2csc3nc4ccccc4n23)c1,0.0,pro_2281,0.364816352725029
86,NC1=NC2(COC1)c1cc(Br)ccc1OCC21COC1,0.0,pro_5516,0.8796760042508444
87,C[C@]1(Cn2nncc2C(N)=N1)c1cc(NC(=O)c2nn(cc2Cl)C(F)F)ccc1F,0.0,pro_5516,0.9710036516189575
88,COc1cccc(CC2CCN(CCOc3ccc4c(c3)oc(=O)c3ccccc43)CC2)c1,1.0,pro_5467,0.9589887460072836
89,c1[nH]c2ccccc2c1-c1cnc2n[se]nc2c1,0.0,pro_171,0.433401753505071
90,COc1nnn(C)c1-c1ccc2c(c1)n([C@@H](C1CCOCC1)c1ccccc1)c1cc(cnc21)-c1c(OC)nnn1C,1.0,pro_570,0.9373471538225809
91,COc1nnn(C)c1-c1ccc2c(c1)n([C@@H](C1CCOCC1)c1ccccc1)c1cc(cnc21)-c1c(OC)nnn1C,1.0,pro_570,0.9373471538225809
92,Cc1nnn(C)c1-c1ccc2c(c1)n([C@@H](C1CCOCC1)c1ccccc1)c1cc(cnc21)-c1c(C)nnn1C,1.0,pro_570,0.7305817405382792
93,CN1C(=N)N[C@@](C)(CS1(=O)=O)c1cc(NC(=O)c2ccc(F)cn2)ccc1F,1.0,pro_5516,0.999275008837382
94,CC(C)n1nc(-c2ccc(OCCCN3CCC[C@H]3C)cc2)c2sccc2c1=O,1.0,pro_6167,0.4242289612690608
95,NC(=O)c1cc(cc2c3cc(ccc3[nH]c12)C(=O)NCCN1CCOCC1)-c1ccc(Cl)c(Cl)c1,1.0,pro_1546,0.5887466669082642
96,Cc1nnn(C)c1-c1cnc2c(c1)n(C(C1CCOCC1)c1ncccn1)c1cc(ccc21)C(C)(C)O,1.0,pro_570,0.8716355363527933
97,Fc1ccc(cc1)C(NC(=O)CC1CCN(Cc2ccn(c2)-c2ccc(cc2)C(F)(F)F)CC1)c1c[nH]c(=O)c(Cl)c1,1.0,pro_6088,0.8631131649017334
98,Cc1ccc(Cl)cc1N1CCN(CC1)C(=O)CCC1(NC(=O)NC1=O)C1CC1,1.0,pro_2655,0.02183117611032988
99,C[C@H]1CN(CCN1c1cc(F)cc(F)c1)C(=O)CC[C@]1(NC(=O)NC1=O)C1CC1,0.0,pro_6167,0.3270789409677188
100,Cn1ccc2c(cccc2c1=O)[C@H](Nc1cc(C#N)c2ncnc(NCC(C)(C)C)c2c1)c1cn(nn1)C1(CC1)C(F)F,1.0,pro_2281,0.5831755250692368
101,COC(=O)N1[C@@H](C)CCc2c1ccc1n(c(Cc3ccccc3)nc21)-c1cccc(c1)C(O)=O,0.0,pro_570,0.16341219128419956
102,COC(=O)N1[C@@H](C)CCc2c1ccc1n(c(Cc3ccccc3)nc21)-c1ccc(cc1)C(O)=O,0.0,pro_570,0.14783908737202486
103,COc1ccc2ccc(=O)n(CCN[C@H]3CC[C@H]4[C@H](C3)OC(=O)N4c3ncc4OCC(=O)Nc4n3)c2n1,1.0,pro_6088,0.42682774861653644
104,OC(=O)[C@H](N1CCC(CN2CCC(CC2)Oc2ccc(Cl)c(Cl)c2)CC1)c1ccccc1,1.0,pro_6088,0.6610545814037323
105,CC(C)CNC(=O)[C@@H]1CNCC[C@H]1Nc1nccc2cc(C)c(=O)[nH]c12,0.0,pro_570,0.7057255009810129
106,CO[C@@H](C)CNC(=O)[C@@H]1CNCC[C@H]1Nc1nccc2cc(C)c(=O)[nH]c12,1.0,pro_570,0.6880413691202799
107,CS(=O)(=O)c1ccc2nc(sc2c1)N1CCN(CC1)C(=O)[C@@H]1CCCC[C@H]1C(=O)NC1(CC1)C#N,0.0,pro_6088,0.23350871602694193
108,CC1(C)N(Cc2cnn[nH]2)CCn2c1nc(C(=O)NCc1ccc(F)cc1)c(O)c2=O,1.0,pro_427,0.960740327835083
109,Cn1nncc1CN1CCn2c(nc(C(=O)NCc3ccc(F)cc3)c(O)c2=O)C1(C)C,1.0,pro_427,0.9772482514381409
110,OCCCn1cc(CNc2nc(NC3CCN(CCP(O)(O)=O)CC3)cc(n2)N2CCOCC2)nn1,0.0,pro_6167,0.2329691375295321
111,CN1CCC(CC1)NC(=O)c1cnc(Nc2cc(Cl)cc(Cl)c2)nc1N[C@@H]1COC[C@H]1O,1.0,pro_2228,0.8970549503962199
112,Cc1c(NC2CCCNC2)nc2ccnn2c1Nc1ccc(F)c(Cl)c1,1.0,pro_2228,0.733007808526357
113,CCOc1ccc(Nc2c(C)c(N[C@@H]3CCCNC3)nc3ccnn23)cc1,0.0,pro_2228,0.7928622364997864
114,ONC(=O)CN(CCCc1ccccc1)C(=O)CN(Cc1ccccc1)C(=O)Nc1ccc(Oc2ccccc2)cc1,1.0,pro_2218,0.8427747885386149
115,Cc1nc2ccc(cc2s1)C(=O)CCC1CCN(Cc2ccccc2)CC1,1.0,pro_5467,0.979057768980662
116,Cc1nc2ccc(cc2s1)C(=O)CCC1CCN(Cc2ccccc2)CC1,1.0,pro_5467,0.979057768980662
117,CN(C)C(=O)[C@H]([C@H]([NH3+])C(=O)N1CC(F)C1)c1ccc(cc1)-c1ccc2ncnn2c1,1.0,pro_2655,0.7262951334317526
118,CCOCn1c(cc(=O)n(O)c1=O)C(=O)c1cccc(c1)-c1ccccc1,0.0,pro_427,0.8898545304934183
119,C[C@@H](O)[C@@H](C)Oc1nc(Nc2ccc(cc2)S(=O)(=O)C2CC2)ncc1C(F)(F)F,1.0,pro_2228,0.9358442624409994
120,Cn1c2nccc(N3CCC[C@@H](N)C3)c2n(Cc2ccccc2C#N)c(=O)c1=O,0.0,pro_2655,0.802833636601766
121,CC1(Nc2cc(Cl)ccc2-c2ccnn12)c1ccc(Cl)cc1,0.0,pro_2892,0.20167630662520727
122,N#Cc1ccc(cc1)-c1csc(N=NCc2cccs2)n1,1.0,pro_2714,0.7988085150718689
123,OC(=O)c1ccccc1Oc1ncc(Cl)cc1NS(=O)(=O)c1ccc(Cl)c(Cl)c1,0.0,pro_6167,0.5155994296073914
124,OCCNC(=O)c1ccccc1Oc1ncc(Cl)cc1NS(=O)(=O)c1ccc(Cl)c(Cl)c1,0.0,pro_6088,0.45243265976508457
125,CSc1ccccc1C(=O)Nc1ncnc2[nH]cnc12,1.0,pro_570,0.4281717042128245
126,COc1cccc(c1)C(=O)Nc1ncnc2[nH]cnc12,0.0,pro_570,0.3754255175590515
127,COc1cccc(C(=O)Nc2ncnc3[nH]cnc23)c1OC,0.0,pro_570,0.396778183678786
128,COC(=O)N1[C@@H](C)CCc2c1ccc1n([C@@H]3CCC[C@H](C3)C(O)=O)c(Cc3cncc(n3)C(C)C)nc21,0.0,pro_570,0.617046058177948
129,COC(=O)N1[C@@H](C)CCc2c1ccc1n([C@@H]3CCC[C@H](C3)C(O)=O)c(Cc3cncc(Cl)n3)nc21,0.0,pro_570,0.44542358815670013
130,COC(=O)N1[C@@H](C)CCc2c1ccc1n([C@@H]3CCC[C@H](C3)C(O)=O)c(Cc3cnc(Cl)c(C)n3)nc21,0.0,pro_570,0.4580816477537155
131,CC[C@@H](NC(=O)c1ccc(Cl)cc1)[C@H]1CC[C@H](CC1)c1ccnc(OC)c1F,1.0,pro_171,0.9178188443183899
132,C[C@@H](NC(=O)c1ccc(Cl)cc1)[C@H]1CC[C@H](CC1)c1ccnc(F)c1C,1.0,pro_171,0.995315690835317
133,CC[C@@H](NC(=O)c1ccc(Cl)cc1)[C@H]1CC[C@H](CC1)c1ccnc(OC)c1C,1.0,pro_171,0.9728352228800455
134,COC[C@@H](NC(=O)c1ccc(Cl)cc1)[C@H]1CC[C@H](CC1)c1ccnc(OC)c1C(F)F,1.0,pro_171,0.924630363782247
135,C[C@@H](NC(=O)c1ccc(Cl)cc1)[C@H]1CC[C@H](CC1)c1ccncc1C,1.0,pro_171,0.993002196153005
136,COC[C@@H](NC(=O)c1ccc(Cl)cc1)[C@H]1CC[C@H](CC1)c1ccnc(OC)c1C(F)F,1.0,pro_171,0.924630363782247
137,C[C@@H](NC(=O)c1ccc(Cl)cc1)[C@H]1CC[C@H](CC1)c1ccnc(C)c1C,1.0,pro_171,0.9939574400583903
138,CC[C@@H](NC(=O)c1ccc(Cl)cc1)[C@H]1CC[C@H](CC1)c1ccnc(OC)c1C(F)F,1.0,pro_171,0.9688184261322021
139,CC[C@@H](NC(=O)c1ccc(Cl)cc1)[C@H]1CC[C@H](CC1)c1ccnc(OC)c1C,1.0,pro_171,0.9728352228800455
140,CC[C@@H](NC(=O)c1ccc(Cl)cc1)[C@H]1CC[C@H](CC1)c1ccnc(OC)c1C(F)F,1.0,pro_171,0.9688184261322021
141,Cc1n[nH]c2ccc(cc12)-c1cc(N[C@@H](CO)c2ccccc2)cnc1-c1ccc(F)cc1O,1.0,pro_2281,0.8886423508326212
142,C1CC(=NN1c1ccccc1)c1ccccc1,0.0,pro_634,0.46489986777305603
143,COc1ccc(C2=NN(CC2)c2ccccc2)c(OC)c1,1.0,pro_634,0.5378531465927759
144,Oc1ccccc1C1=NN(CC1)c1ccccc1,1.0,pro_634,0.6870737473169962
145,Cc1cccc(c1)C1=NN(CC1)c1ccccc1,0.0,pro_2714,0.5117446929216385
146,Cn1c2nccc(N3CCC[C@@H](N)C3)c2n(Cc2ccccc2C#N)c1=S,1.0,pro_2655,0.8793526689211527
147,CNc1nc(nc(n1)N1CCN(C)CC1)N1CCC(CC1)C(=O)NCc1ccccc1C(F)(F)F,1.0,pro_6167,0.7631253798802694
148,CCCCN[C@@H](Cc1c[nH]c2ccccc12)C(=O)NCCC1CCN(Cc2ccccc2)CC1,1.0,pro_5467,0.9494046171506246
149,Fc1cc(ccc1C(F)(F)F)C(=O)N[C@@H]1[C@H]2Oc3ccc(Oc4ccnc5NC(=O)CCc45)cc3[C@@H]12,1.0,pro_2281,0.954699695110321
150,O=C1COc2ccccc2N1CCCN1CCC(CC1)n1c2ccncc2[nH]c1=O,1.0,pro_6088,0.7943018674850464
151,CS(=O)(=O)c1ccc(cc1)-c1ocnc1-c1ccc(F)cc1,1.0,pro_3741,0.7965096433957418
152,CCS(=O)(=O)c1ccc(cc1)-c1oc(C)nc1-c1ccc(F)cc1,1.0,pro_3741,0.8657214045524597
153,CS(=O)(=O)c1ccc(cc1)-c1ncoc1-c1ccc(F)cc1,1.0,pro_3741,0.7188413937886556
154,Cc1cc(NC2CCN(CC2)C(=O)CCNCC(O)=O)nc(NCc2cn(CCCNCCCNC3CCCCC3)nn2)n1,0.0,pro_6167,0.16093865285317102
155,ONC(=O)[C@@H]1CSCN1S(=O)(=O)c1ccc2ccccc2c1,1.0,pro_2218,0.9555641214052836
156,COc1cc2CC(Sc2cc1OC)C(=O)CCc1cc[n+](Cc2ccccc2)cc1,1.0,pro_5467,0.9289882779121399
157,C[C@H](Nc1cncc(Nc2ncc(C)s2)n1)c1ncc(F)cn1,1.0,pro_1546,0.8593905766805013
158,Nc1scc2c1c(NCCO)nc1nc(NCCO)nc(N)c21,0.0,pro_2281,0.22129618128140768
159,Cc1cc(c(S)cc1Cl)S(=O)(=O)Nc1nc2cscc2c(=O)n1N,1.0,pro_427,0.8063764373461405
160,CN1C(C(C(=O)c2ccccc2)=C(O)C1=O)c1cccc(Cl)c1,0.0,pro_427,0.6684266527493795
161,CN1C(C(C(=O)c2ccccc2)=C(O)C1=O)c1ccc(cc1)[N+]([O-])=O,0.0,pro_427,0.6526452402273814
162,Cc1ccc(cc1)C1N(CC(O)=O)C(=O)C(O)=C1C(=O)c1ccc(Cl)cc1,0.0,pro_427,0.8105502327283224
163,COc1ccc(OC)c(c1)C(=O)C1=C(O)C(=O)N(CCCCCC(O)=O)C1c1ccc(Cl)cc1,1.0,pro_427,0.6444257895151774
164,FC(F)(F)c1cccc(CSC2C(=O)CN(Cc3ccccc3)C2=O)c1,0.0,pro_5516,0.1687200367450714
165,COc1ccc(CN2CC(=O)C(SCc3cccc(c3)C(F)(F)F)C2=O)cc1,0.0,pro_5516,0.09086834779009223
166,FC(F)(F)c1cccc(CSC2C(=O)CN(Cc3cccc(c3)C(F)(F)F)C2=O)c1,0.0,pro_5516,0.22279231871167818
167,Oc1cccc2ccc(CN(CC#C)C(CCC3CCN(Cc4ccccc4)CC3)C#N)nc12,0.0,pro_634,0.6646551787853241
168,Oc1cccc2ccc(CN(CCCC3CCN(Cc4ccccc4)CC3)CC#C)nc12,1.0,pro_2714,0.8023046255111694
169,C[C@](O)(COc1ccc(F)cc1)C(=O)N1CCc2c1cccc2C#N,0.0,pro_6088,0.1622917205095291
170,OC(=O)CCCC[C@@H]1CCSS1,1.0,pro_5467,0.22665738314390182
171,Nc1c2CCCCc2nc2nc(Cl)c(C#N)c(-c3ccccc3)c12,1.0,pro_2892,0.8309653997421265
172,Nc1c2CCCCc2nc2nc(Cl)c(C#N)c(-c3ccccc3)c12,1.0,pro_2892,0.8309653997421265
173,Clc1cc(cnc1Cl)\N=C\c1ccc2[nH]ncc2c1,1.0,pro_634,0.9045892755190531
174,c1csc(c1)-c1c[nH]cn1,0.0,pro_171,0.281351034839948
175,CC([C@@H]1[C@H]2C[C@@H](C[C@@H]12)n1cnc2cc(F)c(F)cc12)c1nc2cc(Cl)ccc2[nH]1,1.0,pro_171,0.9911970694859823
176,N[C@H]1CC[C@@H](CC1)NC(=O)c1cc(Oc2ccc(cc2)C(N)=N)cc(Oc2ccc(cc2)C(N)=N)c1,1.0,pro_6167,0.3539348840713501
177,COC(=O)C(\O)=C\C(=O)c1cccc(c1)N(Cc1ccccc1)Cc1ccccc1,0.0,pro_427,0.5169635713100433
178,CCc1nc(C(N)=O)c(Nc2ccc(N3CCC(CC3)N3CCN(C)CC3)c(C)c2)nc1C1CCN(CC1)C(=O)C=C,1.0,pro_2281,0.9910938143730164
179,Cc1nc(C)c(COc2ccc(\C=C\C(=O)NCCCCNc3c4CCCCc4nc4ccccc34)cc2)nc1C,1.0,pro_3129,0.9839891791343689
180,O=S(=O)(c1ccccc1)n1ccc2c(cccc12)N1CCN(CCNc2c3CCCCc3nc3ccccc23)CC1,1.0,pro_2892,0.9460332194964091
181,Cc1noc(C)c1-c1ccc2CCC(OCc3ccccc3)c2c1,1.0,pro_570,0.9544153213500977
182,COc1cc2Cc3sc(NC(=O)C4CCN(Cc5ccccc5)CC4)nc3-c2cc1OC,0.0,pro_3129,0.9563203056653341
183,C[N+]1(C)[C@H]2Cc3cc4OCOc4cc3[C@@H]1Cc1cc3COCc3cc21,0.0,pro_6167,0.20475764075915018
184,CC(C)n1c2cccnc2c(O)c(C(=O)NCc2ccc(F)cc2)c1=O,1.0,pro_427,0.950071116288503
185,C[C@@H](NC(=O)c1cc(SCCC(N)(CO)Cc2ccccc2)cc(c1)N(C)S(C)(=O)=O)c1ccc(F)cc1,0.0,pro_5516,0.68116162220637
186,C[n+]1ccc2c(c1)n(CCCCCCCCCCCCn1c3ccccc3c3cc[n+](C)cc13)c1ccccc21,1.0,pro_2892,0.9652744134267172
187,C[n+]1ccc2c(c1)n(CCCCCCCCCCCCn1c3ccccc3c3cc[n+](C)cc13)c1ccccc21,1.0,pro_2892,0.9652744134267172
188,CC#CCn1c(nc2n(C)c(=O)n(CC(=O)c3ccccc3-c3ccccc3)c(=O)c12)N1CCC[C@@H](N)C1,1.0,pro_2655,0.9661566416422526
189,CC#CCn1c(nc2n(C)c(=O)n(CC(=O)c3ccccc3-c3ccccc3)c(=O)c12)N1CCC[C@@H](N)C1,1.0,pro_2655,0.9661566416422526
190,Nc1ncnc2n([C@H]3O[C@@H](CO)[C@@H](O)[C@@H]3O)c(-c3ccc(Br)s3)c(C#N)c12,0.0,pro_2228,0.3426453694701195
191,Fc1ccccc1CN1CCC(CC1)NCCCCCCn1ccc2ccccc12,1.0,pro_2892,0.9582697749137878
192,O=C(CCCc1ccccc1)Nc1cccc(c1)-c1nc2ccccc2[nH]1,1.0,pro_2218,0.35342126339673996
193,Cc1cccc2nc([nH]c12)-c1cccc(NC(=O)CCCc2ccccc2)c1,0.0,pro_2218,0.16567833411196867
194,COc1cc2ncnc(Nc3ccc(NC(=O)NC4CCCCC4)cc3)c2cc1OC,0.0,pro_2281,0.9492630561192831
195,Cc1ccc(cc1)S(=O)(=O)NCCOc1nc(Cl)nc(Nc2ccc(cc2)N2CCOCC2=O)n1,0.0,pro_3741,0.5862671633561453
196,C[C@@H](CN1CCCCC1=O)CS(=O)(=O)c1ccc(OC\C(CN)=C\F)cc1,1.0,pro_2714,0.8995863596598307
197,C[C@H](CN1CCCCC1=O)CS(=O)(=O)c1ccc(OC\C(CN)=C\F)cc1,1.0,pro_634,0.9629469315210978
198,C[C@H](CN1CCCCC1=O)CS(=O)(=O)c1ccc(OC\C(CN)=C\F)cc1,1.0,pro_634,0.9629469315210978
199,FC1(F)CN(CC[C@@H]1Oc1ccc(cc1C#N)-c1ncnc(Nc2ccc(cc2)N2CCN(CC2)C2COC2)n1)C(=O)[C@@H]1COC(=O)N1,0.0,pro_1546,0.5776760975519816
200,F[C@@H]1CN(CC[C@@H]1Oc1ccc(cc1C#N)-c1ncnc(Nc2ccc(cc2)N2CCN(CC2)C2COC2)n1)C(=O)[C@@H]1COC(=O)N1,0.0,pro_1546,0.4869820872942607
201,C[C@H]1OC(=O)N[C@@H]1C(=O)N1CC[C@H](Oc2ccc(cc2C#N)-c2ncnc(Nc3ccc(cc3)N3CCN(CC3)C3COC3)n2)[C@H](F)C1,0.0,pro_1546,0.5154226620992025
202,C\C1=C/[C@H](O)C[C@@]2(C)O[C@@H]2CC(C)(C)\C=C\C1=O,0.0,pro_6167,0.3824938287337621
203,Cc1ccsc1CN=Nc1nc2ccccc2nc1Cc1ccccc1,0.0,pro_634,0.2804994359612465
204,CCOC(=O)C(\O)=C\C(=O)c1cn(Cc2ccc(F)cc2)c2ccc(OCc3ccc(F)cc3)cc2c1=O,0.0,pro_427,0.7712909777959188
205,CSc1nc(nc2onc(N)c12)-c1ccccc1,0.0,pro_171,0.27217597017685574
206,FC(F)(F)c1ccc(C[C@@H](C2CC2)C(=O)NC[C@]2(NC(=O)NC2=O)C2CC2)cc1,1.0,pro_2218,0.9548390905062357
207,CCOc1cc(cc(OCC)c1OCC)C(=O)Nc1ccc(cc1)S(=O)(=O)Nc1nc(C)cc(C)n1,0.0,pro_2228,0.016943588232000668
208,C[C@H](NC[C@@H](O)[C@@H]1Cc2cccc(OCCCCOc3cncc(c3)C(=O)N1)c2)c1cc(CC(C)(C)C)on1,1.0,pro_5516,0.9817359646161398
209,Cc1cc(Cl)cnc1C(=O)Nc1ccc(F)c(c1)[C@@]1(C)N=C(N)[C@]2(C)CC[C@H]1S2(=O)=O,1.0,pro_5516,0.9988637566566467
210,COc1cc2CC(C(=O)c3ccc(Cl)cc3)C(=O)c2cc1OC,1.0,pro_2892,0.8426165580749512
211,COc1cc2CC(C(=O)c3ccc(F)cc3)C(=O)c2cc1OC,1.0,pro_2892,0.8693364858627319
212,COc1cc2CC(C(=O)c3ccccc3Cl)C(=O)c2cc1OC,0.0,pro_2892,0.8759453495343527
213,COc1cc2CC(C(=O)c3ccc(cc3)N(C)C)C(=O)c2cc1OC,1.0,pro_2892,0.8190653125445048
214,COc1cc2CC(C(=O)c3ccc(cc3)C#N)C(=O)c2cc1OC,0.0,pro_2892,0.7832636038462321
215,COc1cc2CC(C(=O)c3ccc(Br)cc3)C(=O)c2cc1OC,1.0,pro_2892,0.8337668577829996
216,O=C(CNC(=O)c1cnc2ccccc2c1)N1CCC[C@H]1C#N,0.0,pro_2655,0.29686680311957997
217,Cn1c(nc(C(=O)NCc2ccc(F)cc2-n2cncn2)c(O)c1=O)C1CCOC1,1.0,pro_427,0.987221360206604
218,CCOC(=O)C1=C(O)CCC2([C@H]1c1ccco1)C(=O)OC(C)(C)OC2=O,1.0,pro_427,0.2927357703447342
219,CNC(=O)C(C1CCOC1)N(CC(c1ccccc1)c1ccccc1)C(=O)c1cc(C)c(=O)n(C)c1,0.0,pro_570,0.9703763723373413
220,CNC(=O)C(C1CCOC1)N(CC(c1ccccc1)c1ccccc1)C(=O)c1cc(C)c(=O)n(C)c1,0.0,pro_570,0.9703763723373413
221,COc1cc2Cc3c(Nc2cc1OC)ncn(C)c3=O,0.0,pro_2281,0.6340749661127726
222,Cc1ncoc1-c1nnc(SCCCN2CC3CC3(C2)c2ccc(C)cc2F)n1C,1.0,pro_6088,0.9517179330190023
223,COc1ccc(C(=O)\C=C\C=C\c2ccc(Cl)cc2)c(O)c1,1.0,pro_634,0.8235315680503845
224,COc1ccc(\C=C\C=C\C(=O)c2c(O)cccc2O)cc1OC,1.0,pro_2714,0.5671377182006836
225,Oc1ccccc1C(=O)\C=C\C=C\c1ccc(Cl)cc1,1.0,pro_2714,0.7128820419311523
226,OB(O)[C@@H]1CCCC1C(=O)[C@@H]1CCCN1,0.0,pro_2655,0.9606218735376993
227,CS(=O)(=O)c1ccc(cc1)-c1nc(NC2CCCC2)cc(n1)C(F)(F)F,0.0,pro_3741,0.5537156263987223
228,CC(CCN1CCOCC1)CC(=O)Nc1ccc(cc1)C(=O)Nc1nccs1,1.0,pro_6167,0.4245021864771843
229,CCCn1c2cnc(Nc3ccc(cc3OC)N3CCN(C)CC3)nc2n(-c2cccc(NC(=O)C=C)c2)c(=O)c1=O,1.0,pro_2281,0.9679462909698486
230,COc1cc(ccc1Nc1ncc2[nH]c(=O)c(=O)n(-c3cccc(NC(=O)C=C)c3)c2n1)N1CCN(C)CC1,1.0,pro_2281,0.9716293017069498
231,COC(=O)C1Cc2c(CN1C(=O)CCN(C)CCN(C)CCC(=O)N1Cc3[nH]c4ccccc4c3CC1C(=O)OC)[nH]c1ccccc21,1.0,pro_2892,0.7058128118515015
232,COC(=O)C1Cc2c(CN1C(=O)CCN(C)CCN(C)CCC(=O)N1Cc3[nH]c4ccccc4c3CC1C(=O)OC)[nH]c1ccccc21,1.0,pro_2892,0.7058128118515015
233,CN(C)CCCOc1ccc(cn1)-c1ccc2ncc3n(C)c(=O)n(C4CCOCC4)c3c2c1,1.0,pro_6167,0.7190319498380026
234,O=C(\C=C\c1ccc(cc1)N1CCCC1)/C=C/c1ccc(cc1)N1CCCC1,0.0,pro_5467,0.588178555170695
235,CCCCC(=O)N1CCCC2(O)C1N(C)c1ccccc21,1.0,pro_2892,0.5848454038302103
236,CC(C)[C@@H](NS(=O)(=O)c1ccc(cc1)-c1ccc(COc2ccc(cc2)C(=O)C2CCCCC2)cc1)C(O)=O,1.0,pro_2218,0.9758719801902771
237,CC1=NN(C(C1)c1cc(Br)cc(Br)c1O)C(=O)CN1CCCCC1,1.0,pro_634,0.38917238513628644
238,CC1=NN(C(C1)c1cc(Br)cc(Br)c1O)C(=O)CN1CCC(CO)CC1,1.0,pro_634,0.32826637228329975
239,COc1ccc2c(c1)n(C)c(=O)c1c(O)cc(=O)oc21,0.0,pro_2281,0.17512767761945724
240,c1ccc2c(c1)[nH]c1cnccc21,0.0,pro_171,0.42042869826157886
241,COc1ccc2c(c1)[nH]c1c(C)nccc21,1.0,pro_2714,0.5734904507795969
242,Cc1nccc2c3ccc(O)cc3[nH]c12,0.0,pro_171,0.37246987223625183
243,COC(=O)c1cc2c(cn1)[nH]c1ccccc21,0.0,pro_2892,0.2873473068078359
244,N[C@@H](CC(=O)NC12CC3CC(CC(O)(C3)C1)C2)C(=O)N1Cc2ccccc2C1,0.0,pro_2655,0.33433403943975765
245,COC(=O)N1[C@@H](C)CCc2c1ccc1n([C@H]3CC[C@@H](CC3)C(O)=O)c(COC3CCOCC3)nc21,0.0,pro_570,0.4830072795351346
246,COC(=O)N1[C@@H](C)CCc2c1ccc1n(C3CCCC(C3)C(O)=O)c(nc21)C(C)OC1CCOCC1,0.0,pro_570,0.5239695558945338
247,Clc1ccc(CSc2ncn[nH]2)c(Cl)c1,0.0,pro_171,0.5530228813489279
248,CNC(=O)c1cnn2c(ccnc12)C1CCCN1,0.0,pro_570,0.09278638660907745
249,NC(=O)c1cn(nc1Nc1ccnc(F)c1)[C@H]1CC[C@@H](C[C@@H]1C#N)NCc1ccccc1,1.0,pro_1546,0.9785012801488241
250,NC(=O)c1cn(nc1Nc1ccnc(F)c1)C1(CC#N)CCC(CC1)NCc1ccc(Cl)cc1,1.0,pro_1546,0.9923969507217407
251,CO[C@H]1CC[C@@H](CC1)N1C(=O)CNc2ncc(nc12)-c1ccc(nc1)C(C)(C)O,1.0,pro_6088,0.3129613921046257
252,CC1CCN(CC1)S(=O)(=O)c1ccc2[nH]c(=O)cc(C(=O)NCCCN3CCCC3)c2c1,0.0,pro_5516,0.026159109858175118
253,Cc1cc(Cl)cnc1C(=O)Nc1ccc2OCC[C@@H]3[C@](C)(N=C(N)C(C)(C)S3(=O)=O)c2c1,1.0,pro_5516,0.9984632730484009
254,CN(C)c1ccc(NC(=O)CCCCOc2ccc(cc2)S(=O)(=O)C2(CCOCC2)C(=O)NO)cc1,1.0,pro_2218,0.9913382331530253
255,COc1cc(N(C)CCN(C)C)c(NC(=O)C=C)cc1Nc1ncc(Cl)c(n1)-c1cnn2ccccc12,0.0,pro_2281,0.9860793153444926
256,NC\C(COc1ccc(cc1)S(=O)(=O)Cn1ccccc1=O)=C/F,1.0,pro_2714,0.9445477922757467
257,COc1ccc2cc(ccc2c1)-c1cc(nn1[C@@H](C)c1ccc(cc1)C(=O)NCCC(O)=O)-c1cc(Cl)cc(Cl)c1,0.0,pro_6167,0.5390295286973318
258,CS(=O)(=O)c1ccc(cc1)-c1occ(Cl)c(=O)c1-c1cccnc1,0.0,pro_3741,0.6700001458326975
259,COc1cnc(cn1)C(=O)Nc1ccc2Oc3c(F)nc(cc3C3(CCOC(N)=N3)c2c1)C1CC1,1.0,pro_5516,0.9970800280570984
260,CC1(C)C[C@H]2[C@H]1CC[C@@](C)(O)[C@H](O)CCC2=C,1.0,pro_3129,0.3796556095282237
261,CN1CCN(CC1)c1ccc(Nc2ncc3C(=O)CC4CCCCN4c3n2)nc1,0.0,pro_2228,0.5322600587581595
262,CCOC(=O)C1C2CCCCN2c2nc(Nc3ccc(cn3)N3CCN(C)CC3)ncc2C1=O,0.0,pro_2228,0.7138254046440125
263,Nc1nnc(c(N)n1)-c1cccc(Cl)c1Cl,0.0,pro_6088,0.10007932782173157
264,Nc1nnc(c(N)n1)-c1cccc(Cl)c1Cl,0.0,pro_6088,0.10007932782173157
265,COc1ccc(cc1)-c1ccc(cc1)S(=O)(=O)N[C@H](C1CCC(CC1)N1CCNC1=O)C(O)=O,1.0,pro_2218,0.9859623312950134
266,Cc1nnn(C)c1-c1cnc2c(c1)n([C@@H](C1CCOCC1)c1ccccc1F)c1c(ccc(N3CCCS3(=O)=O)c21)S(C)(=O)=O,1.0,pro_570,0.9203370014826456
267,Cc1nnn(C)c1-c1cnc2c(c1)n([C@@H](C1CCOCC1)c1ccc(F)cc1)c1c(ccc(N3CCCS3(=O)=O)c21)S(C)(=O)=O,1.0,pro_570,0.9360787471135458
268,Cc1nnn(C)c1-c1cnc2c(c1)n([C@@H](C1CCOCC1)c1ccccc1)c1c(ccc(N3CCCS3(=O)=O)c21)S(C)(=O)=O,1.0,pro_570,0.925795833269755
269,Cc1nccc(n1)N1CCc2cc(ccc12)C1(CCC1)C(=O)Nc1ccc(F)cc1,1.0,pro_171,0.9801705280939738
270,COc1ccc(CN2CCC(CC2)NCCCCCCCCN2C(=O)c3ccccc3C2=O)cc1,1.0,pro_2892,0.9819736083348592
271,CN1C(N)=N[C@]2(CN(C[C@H]2C1=O)c1ccc(F)cc1)c1cc(cs1)-c1cccc(c1)C#N,1.0,pro_6167,0.6789319614569346
272,N[C@@H](CCN(Cc1ccccc1)Cc1ccccc1)C(=O)N1CCCCC1,0.0,pro_2655,0.16749544690052667
273,O=C(NCC#N)c1ccc(cc1)-c1ccnc(Nc2ccc(cc2)N2CCC(CC2)N2CCC3(CCC(=O)O3)CC2)n1,1.0,pro_1546,0.8922383387883505
274,COc1ccc(OC(=O)\C=C\c2ccccc2C(F)(F)F)cc1,0.0,pro_2714,0.6565440396467844
275,COc1ccc(OC(=O)\C=C\c2ccccc2Cl)cc1,0.0,pro_2714,0.6744456688563029
276,C(N1CCC=CC1)c1ccccc1,0.0,pro_634,0.2854006451865037
277,Cn1c2nc(OCCNC[C@H]3CN(C(=O)O3)c3cnc4SCC(=O)Nc4n3)cnc2ccc1=O,0.0,pro_6088,0.3468867540359497
278,COc1ccc2cc3-c4cc5OCOc5cc4CCn3c(=O)c2c1OC,0.0,pro_5467,0.8070424596468607
279,FC(F)(F)c1cc(NCc2cccc3sccc23)c2cn[nH]c2c1,0.0,pro_171,0.7627405921618143
280,N.OC(=O)c1cc(ccc1O)-c1ccc(CNc2ccc(cc2)C(=O)c2ccc(NC(=O)CCCC#C)cc2)o1,1.0,pro_3741,0.5159917672475179
281,CS(=O)(=O)Nc1ccc(cc1)-c1ccnc(Nc2ccc(CN3CCS(=O)(=O)CC3)cc2)n1,1.0,pro_1546,0.9100970427195231
282,CCOc1cccnc1Oc1cncc(c1)-c1ncc(cn1)C(=O)N[C@H]1CCOC1,0.0,pro_6167,0.6184496482213339
283,CCOc1cccnc1Oc1cncc(c1)-c1ncc(cn1)C(=O)N[C@H]1CCOC1,0.0,pro_6167,0.6184496482213339
284,COc1ccccc1Oc1ccccc1CN1CCC2(CC1)CCN(CC2)C(=O)c1ccccc1-c1nnn[nH]1,0.0,pro_6088,0.4192902743816376
285,O=c1n([se]c2ccccc12)-c1ccccc1,1.0,pro_2892,0.7272482713063558
286,CC(C)(O)C(=O)c1oc2nc(-c3ccccc3Cl)c(cc2c1NC(=O)CO)-c1ccc(Cl)cc1,0.0,pro_6167,0.2804135282834371
287,Brc1ccc(cc1)C(=O)Oc1ccc(\C=N\Nc2nnc3c(n2)[nH]c2ccccc32)cc1,0.0,pro_427,0.21709340251982212
288,Nc1c2CCCOc2nc2cnccc12,1.0,pro_5467,0.718109647432963
289,CC([C@@H]1[C@H]2C[C@@H](C[C@@H]12)Oc1ccnc2ccc(F)cc12)C(=O)Nc1ccc(nn1)C(F)(F)F,1.0,pro_171,0.9946942130724589
290,CC([C@@H]1[C@H]2C[C@@H](C[C@@H]12)Oc1ccnc2ccc(F)cc12)C(=O)Nc1ccc(nn1)C#N,1.0,pro_171,0.9933112462361654
291,CCC([C@@H]1[C@H]2C[C@@H](C[C@@H]12)Oc1ccnc2ccc(F)cc12)C(=O)Nc1ccc(nn1)C#N,1.0,pro_171,0.9913011988004049
292,C(CN1CCCC1)Oc1ccc(Oc2ccncc2)cc1,0.0,pro_3741,0.032157099805772305
293,O=C(Nc1ccc2cnccc2c1)[C@@H]1CC1c1ccc(cc1)S(=O)(=O)Nc1ccccn1,1.0,pro_1546,0.9816309611002604
294,Fc1ccc(NS(=O)(=O)c2ccc(cc2)C2C[C@H]2C(=O)Nc2ccc3cncc(Cl)c3c2)nc1,1.0,pro_1546,0.9791894753774008
295,N[C@H]1C[C@H](CC[C@@H]1c1cc(F)c(F)cc1F)N1Cc2nn3cccnc3c2C1,1.0,pro_2655,0.9942084352175394
296,Cc1cc(nc2c3CN(Cc3nn12)[C@H]1CC[C@@H]([C@@H](N)C1)c1cc(F)c(F)cc1F)C(F)(F)F,1.0,pro_2655,0.9893079797426859
297,N[C@H]1C[C@H](CC[C@@H]1c1cc(F)c(F)cc1F)N1Cc2nn3c(ccnc3c2C1)C(F)(F)F,1.0,pro_2655,0.9907026290893555
298,O=C(N1Cc2ccccc2C1)N1CCC[C@H]1CN1CCCC1,1.0,pro_6088,0.6914684375127157
299,CC(C)CC(CC(=O)N(C)[C@@H](Cc1ccccc1)C(N)=O)NC(=O)[C@H](CCCNC(N)=N)NC(=O)c1ccc(OC2CCNCC2)cc1,1.0,pro_2228,0.2452498897910118
300,CCCCn1c(C)c2C(=O)N(CN3CCN(CC3)S(C)(=O)=O)C(=O)c2c1C,1.0,pro_3741,0.40627764786283177
301,COc1ccc(cn1)[C@]1(O)CC[C@@H](CC1)N1CC[C@H](C1)NC(=O)CNC(=O)c1cccc(c1)C(F)(F)F,0.0,pro_6088,0.9360267321268717
302,CN1CCC=C(C1)c1nsnc1OCCCOCC(=O)NCCCCCCCCNc1c2CCCCc2nc2ccccc12,1.0,pro_2892,0.9788994391759237
303,CN1CCC=C(C1)c1nsnc1OCCCOCC(=O)NCCCCCCCCNc1c2CCCCc2nc2ccccc12,1.0,pro_2892,0.9788994391759237
304,Cn1ncnc1-c1cc(F)ccc1CNC(=O)c1nc(C2CCOC2)n(C)c(=O)c1O,1.0,pro_427,0.95001620054245
305,COC1COCCC1N[C@@H]1C[C@H]2CCC[C@]2(C1)C(=O)N1CCc2ncc(OC(C)C)cc2C1,1.0,pro_6088,0.8456632097562155
306,COC1COCCC1N[C@@H]1C[C@H]2CCC[C@]2(C1)C(=O)N1CCc2ncc(OC)cc2C1,1.0,pro_6088,0.7579532663027445
307,N#Cc1ccc(SCCc2ccccc2)cc1,0.0,pro_2714,0.4311011532942454
308,N[C@@H](CCNCC1CCCCC1)C(=O)N1CCCCC1,0.0,pro_2655,0.26060694952805835
309,C(Cc1ccccc1)Oc1ccc2OCOc2c1,0.0,pro_2714,0.6102135280768076
310,CN1CCC(CC1)NC(=O)c1ccc(Nc2ncc(C)c(Nc3ccc4CCN(c4c3)S(=O)(=O)C(C)(C)C)n2)cc1F,1.0,pro_570,0.5991763770580292
311,C(c1nnn[nH]1)c1cccnc1,1.0,pro_2218,0.051820557564496994
312,COC(=O)CCCCCNC(=O)[C@H](Cc1ccccc1)NC(=O)Cn1c2ccccc2nc(C)c1=O,0.0,pro_2218,0.3209706215808789
313,CCCNC(=O)[C@H](Cc1ccccc1)NC(=O)Cn1c2ccccc2nc(C)c1=O,0.0,pro_2218,0.1988977367679278
314,COC(=O)CCCNC(=O)[C@H](Cc1ccccc1)NC(=O)Cn1c2ccccc2nc(C)c1=O,0.0,pro_2218,0.35964735969901085
315,CCN(CC)C(=O)[C@H](Cc1ccccc1)NC(=O)Cn1c2ccccc2nc(C)c1=O,0.0,pro_2218,0.11181781937678655
316,CCCCNC(=O)[C@H](Cc1ccccc1)NC(=O)Cn1c2ccccc2nc(C)c1=O,0.0,pro_2218,0.1899620679517587
317,CC(C)NC(=O)[C@H](Cc1ccccc1)NC(=O)Cn1c2ccccc2nc(C)c1=O,0.0,pro_2218,0.2592035382986069
318,COC(=O)CCC(NC(=O)[C@H](Cc1ccccc1)NC(=O)Cn1c2ccccc2nc(C)c1=O)SC,0.0,pro_2218,0.41986242309212685
319,CCN1CCc2c(C1)scc2[C@H](Nc1cc(Cl)c2ncc(C#N)c(Nc3ccc(F)c(Cl)c3)c2c1)C1=CN(NN1)C(C)C,1.0,pro_2281,0.9954793850580851
320,Cc1nc(F)ccc1[C@H](Nc1cc(C#N)c2ncc(C#N)c(NCC(C)(C)C)c2c1)C1=CN(Cc2c(F)cccc2F)NN1,1.0,pro_2281,0.993664026260376
321,Cc1cccnc1CN1CCC2(CC1)N(C(=O)N(C2=O)c1ccc(cc1)C1CCCCC1)c1cc(=O)[nH]cn1,1.0,pro_6167,0.6395236055056254
322,Oc1ccc(cc1)-c1nnc(Cc2nc3ccccc3[nH]2)o1,0.0,pro_2281,0.39260349174340564
323,C(c1nc2ccccc2[nH]1)c1nnc(o1)-c1ccccc1,1.0,pro_2281,0.40097471078236896
324,Oc1ccc(cc1)-c1nnc(Cc2nc3ccccc3[nH]2)o1,0.0,pro_2281,0.39260349174340564
325,Nc1ccc(O)c(c1)-c1nnc(Cc2nc3ccccc3[nH]2)o1,0.0,pro_2281,0.4410702586174011
326,COc1cccc(-c2nnc(Cc3nc4ccccc4[nH]3)o2)c1OC,0.0,pro_2281,0.31048887719710666
327,OC(=O)c1ccccc1-c1nnc(Cc2nc3ccccc3[nH]2)o1,0.0,pro_2281,0.19903175237899026
328,Cc1ccc(cc1)-c1nnc(Cc2nc3ccccc3[nH]2)o1,0.0,pro_2281,0.46007176240285236
329,CC(=O)c1ccccc1-c1nnc(Cc2nc3ccccc3[nH]2)o1,0.0,pro_2281,0.33128556112448376
330,Clc1ccc2nc(Cc3nnc(o3)-c3ccccc3Cl)[nH]c2c1,1.0,pro_2281,0.2766917645931244
331,OC(=O)c1ccccc1-c1nnc(Cc2nc3ccccc3[nH]2)o1,0.0,pro_2281,0.19903175237899026
332,Fc1ccc(cc1)-c1nnc(Cc2nc3ccccc3[nH]2)o1,0.0,pro_2281,0.5098614593346914
333,Cc1nc2ccccc2n(CC(=O)NN)c1=O,0.0,pro_2218,0.2749095559120178
334,CN(C)C\C=C\C(=O)Nc1cccc(c1)-c1cnc2[nH]cc(Cl)c2c1,0.0,pro_1546,0.59145920475324
335,CC(=O)OC1=C(C(=O)c2ccccc12)c1ccccc1,0.0,pro_171,0.3330355038245519
336,[Br-].Cc1cc(=O)oc2cc(OCc3cc[n+](Cc4ccc(Br)cc4)cc3)ccc12,1.0,pro_3129,0.9536332885424296
337,[Br-].Cc1cc(=O)oc2cc(OCc3cc[n+](Cc4ccc(F)cc4)cc3)ccc12,1.0,pro_3129,0.954970637957255
338,[Br-].Cc1cccc(C[n+]2ccc(COc3ccc4c(C)cc(=O)oc4c3)cc2)c1,1.0,pro_3129,0.9461227059364319
339,[Br-].Cc1cc(=O)oc2cc(OCc3cc[n+](Cc4ccccc4F)cc3)ccc12,1.0,pro_3129,0.9422716498374939
340,[Br-].Cc1cc(=O)oc2cc(OCc3cc[n+](Cc4cccc(F)c4)cc3)ccc12,1.0,pro_3129,0.9491327007611593
341,[Br-].Cc1ccccc1C[n+]1ccc(COc2ccc3c(C)cc(=O)oc3c2)cc1,1.0,pro_3129,0.949844479560852
342,[Br-].Cc1cc(=O)oc2cc(OCc3cc[n+](Cc4cccc(c4)[N+]([O-])=O)cc3)ccc12,1.0,pro_3129,0.9441089828809103
343,[Br-].Cc1cc(=O)oc2cc(OCc3cc[n+](Cc4cccc(Br)c4)cc3)ccc12,1.0,pro_3129,0.9513320128122965
344,[Br-].Cc1ccc(C[n+]2ccc(COc3ccc4c(C)cc(=O)oc4c3)cc2)cc1,1.0,pro_3129,0.9147546092669169
345,CCc1cc2c(N\N=C/c3cccs3)nc(C)nc2s1,0.0,pro_2228,0.4403463453054428
346,CCc1c(C)sc2ncnc(N\N=C/c3cccs3)c12,1.0,pro_2228,0.6614476442337036
347,NCCCCC(NC(=O)OCc1ccccc1)C(=O)N1CCCCC1,0.0,pro_2655,0.8331153392791748
348,NC1CCC(CC1)N[C@H]1C[C@@H]1c1ccc(OCc2cccnc2)cc1,0.0,pro_2714,0.7648123900095621
349,C[C@H](C[C@@H](O)[C@](C)(O)[C@H]1CC[C@@]2(O)C3=CC(=O)[C@@H]4C[C@@H](O)[C@@H](O)C[C@]4(C)[C@H]3CC[C@]12C)C(C)(C)O,0.0,pro_6167,0.36286840836207074
350,CCCCNC(=O)NCc1ccc(CN2C(N)=NC(C)(CC(C)C)C2=O)cc1,0.0,pro_5516,0.8645200530687968
351,NCCCc1cc(-c2ccc[nH]2)c2C(=O)Nc3ccc(F)c1c23,1.0,pro_2228,0.8482304811477661
352,Fc1ccc2NC(=O)c3c(cc(CCC#N)c1c23)-c1ccc[nH]1,1.0,pro_2228,0.7825116912523905
353,NCCSc1cc(-c2ccc[nH]2)c2C(=O)Nc3ccc(F)c1c23,1.0,pro_2228,0.8373461961746216
354,COc1ccc(cc1)-c1c([nH]c2ccccc12)-c1ccc(cc1)S(N)(=O)=O,1.0,pro_3741,0.8532045682271322
355,NS(=O)(=O)c1ccc(cc1)-c1[nH]c2ccc(Br)cc2c1-c1ccccc1,1.0,pro_3741,0.8458389639854431
356,CS(=O)(=O)c1ccc(cc1)-c1[nH]c2ccc(Br)cc2c1-c1ccccc1,1.0,pro_3741,0.839904248714447
357,NS(=O)(=O)c1ccc(cc1)-c1[nH]c2ccccc2c1-c1ccc(Br)cc1,1.0,pro_3741,0.8365535338719686
358,NS(=O)(=O)c1ccc(cc1)-c1[nH]c2ccccc2c1-c1ccc(O)cc1,1.0,pro_3741,0.808496356010437
359,NS(=O)(=O)c1ccc(cc1)-c1[nH]c2ccc(F)cc2c1-c1ccccc1,1.0,pro_3741,0.8662518262863159
360,CS(=O)(=O)c1ccc(cc1)-c1[nH]c2ccc(F)cc2c1-c1ccccc1,1.0,pro_3741,0.853784441947937
361,COc1cc2c(cc1-c1c(C)noc1C)[nH]c1nc(C)nc(Nc3cc(nn3C)C(C)C)c21,1.0,pro_570,0.9735052585601807
362,COc1cc2c(cc1-c1c(C)noc1C)[nH]c1nc(C)nc(Nc3cc(C)nn3C(C)(C)C)c21,1.0,pro_570,0.9839444756507874
363,COc1cc2c(cc1-c1c(C)noc1C)[nH]c1nc(C)nc(Nc3cc(C)nn3C)c21,1.0,pro_570,0.9827185273170471
364,Oc1ccc2C(=O)N(Cc3ccccc3)C(=O)c2c1O,0.0,pro_427,0.7697372436523438
365,Oc1ccc2C(=O)N(Cc3cc(F)cc(F)c3)C(=O)c2c1O,1.0,pro_427,0.7890737652778625
366,Oc1ccc2C(=O)N(Cc3c(F)cccc3F)C(=O)c2c1O,0.0,pro_427,0.8029566407203674
367,Oc1ccc2C(=O)N(Cc3cccc(I)c3)C(=O)c2c1O,0.0,pro_427,0.7614202896753947
368,Oc1ccc2C(=O)N(Cc3c(F)ccc(F)c3Cl)C(=O)c2c1O,1.0,pro_427,0.8202851215998331
369,Oc1ccc2C(=O)N(Cc3ccc(F)c(F)c3)C(=O)c2c1O,1.0,pro_427,0.8007399638493856
370,Oc1ccc2C(=O)N(Cc3c(F)c(F)c(F)c(F)c3F)C(=O)c2c1O,1.0,pro_427,0.8121636112531027
371,Oc1ccc2C(=O)N(Cc3cc(F)c(F)cc3F)C(=O)c2c1O,0.0,pro_427,0.7915376027425131
372,Oc1ccc2C(=O)N(Cc3c(F)cccc3Cl)C(=O)c2c1O,0.0,pro_427,0.7947052518526713
373,Oc1ccc2C(=O)N(Cc3ccc(Cl)c(F)c3)C(=O)c2c1O,0.0,pro_427,0.8040522336959839
374,CCC1(CCN(CC1)C(=O)OC(C)(C)C)n1nc(Nc2ccc(cc2)C2CCNCC2)c2c1cc[nH]c2=O,1.0,pro_1546,0.9806172649065653
375,COc1ccccc1CNc1n[nH]c(NCc2ccccc2OC)n1,0.0,pro_634,0.047091313948233925
376,COc1ccccc1CNc1n[nH]c(NCc2ccccc2OC)n1,0.0,pro_634,0.047091313948233925
377,Cc1c(N[C@H]2CCCNC2)nc2ccnn2c1Nc1ccc(cc1)C(=O)NC1CCCC1,1.0,pro_2228,0.8408752679824829
378,COc1ccccc1CN(CCCCCCCCN(Cc1ccccc1OC)C(=O)CCCCCN)C(=O)CCCCCN,1.0,pro_5467,0.49532999595006305
379,N[C@H]1C[C@H](CCO[C@@H]1c1cc(F)ccc1F)N1Cc2[nH]nc(C(N)=O)c2C1,1.0,pro_2655,0.7521913846333822
380,CC(=O)NCCc1c[nH]c2ccc(OC(=O)NCCCCCCCNc3c4CCCCc4nc4cc(Cl)ccc34)cc12,1.0,pro_5467,0.9929985205332438
381,CC#CCn1c(nc2n(C3CC3)c(=O)n(Cc3nc(-c4ccccc4)c4ccccc4n3)c(=O)c12)N1CCCC(N)C1,1.0,pro_2655,0.9750729004542033
382,C[C@H]1C[C@@H](Nc2ccc(Cl)cc2)c2cc(ccc2N1C(C)=O)-c1ccc(cc1)C(O)=O,1.0,pro_570,0.955809473991394
383,CCC(C)[C@H](N)C(=O)NC(CC)P(=O)(Oc1ccccc1)Oc1ccccc1,0.0,pro_2655,0.1803713155289491
384,CCC(C)[C@H](N)C(=O)NC(C(CC)CC)P(=O)(Oc1ccccc1)Oc1ccccc1,0.0,pro_2655,0.18276928116877875
385,CCCC(NC(=O)[C@@H](N)C(C)CC)P(=O)(Oc1ccccc1)Oc1ccccc1,0.0,pro_2655,0.27680591742197674
386,CC(NC(=O)[C@@H](N)CO)P(=O)(Oc1ccccc1)Oc1ccccc1,0.0,pro_2655,0.10243877644340198
387,CCC(C)[C@H](N)C(=O)NC(CC(C)C)P(=O)(Oc1ccccc1)Oc1ccccc1,0.0,pro_2655,0.14775804430246353
388,CC(C)[C@H](N)C(=O)NC(C)P(=O)(Oc1ccccc1)Oc1ccccc1,0.0,pro_2655,0.12420659139752388
389,CCC(C)[C@H](N)C(=O)NC(C(C)C)P(=O)(Oc1ccccc1)Oc1ccccc1,0.0,pro_2655,0.1721816137433052
390,CC(NC(=O)CN)P(=O)(Oc1ccccc1)Oc1ccccc1,0.0,pro_2655,0.1886308342218399
391,CCC(C)[C@H](N)C(=O)NC(C(C)CC)P(=O)(Oc1ccccc1)Oc1ccccc1,0.0,pro_2655,0.21338007474939027
392,C(CNc1ccc(nn1)-c1ccccc1)CN1CCc2ccccc2C1,1.0,pro_5467,0.8636177579561869
393,CC(CS(=O)(=O)c1ccc(Oc2ccccc2)cc1)(NCCc1ccccc1)C(=O)NO,1.0,pro_2218,0.9807819922765096
394,COc1cc(cc2OCOc12)[C@H]1OC(=O)[C@H]2[C@@H]1[C@H](O)O[C@@H]2c1ccc(OC)c(OC)c1,1.0,pro_5467,0.4447787404060364
395,O\N=C(/Nc1ccc(F)c(Cl)c1)C(=O)N1CCC(CC1)c1ccccc1,0.0,pro_171,0.9821272293726603
396,CC(C(=O)NCCCCCCNc1c2CCCCc2nc2ccccc12)c1ccc(c(F)c1)-c1ccc(OCCO[N+]([O-])=O)cc1,1.0,pro_3129,0.9584824641545614
397,CC(C(=O)NCCCCCCNc1c2CCCCc2nc2ccccc12)c1ccc(c(F)c1)-c1ccc(OCCCCO[N+]([O-])=O)cc1,1.0,pro_3129,0.9735356171925863
398,CC(C(=O)NCCCCCCNc1c2CCCCc2nc2ccccc12)c1ccc(c(F)c1)-c1ccccc1,1.0,pro_3129,0.9702066779136658
399,CC(C(=O)NCCCCCCNc1c2CCCCc2nc2ccccc12)c1ccc(c(F)c1)-c1ccc(OCCCO[N+]([O-])=O)cc1,1.0,pro_3129,0.974693755308787
400,COc1ccc(cc1)S(=O)(=O)N(CC(=O)NC1CCCCC1)C(CCSCc1ccccc1)C(=O)NO,1.0,pro_2218,0.9891013701756796
401,Cc1noc(C)c1-c1cnc2c(c1)n([C@@H](C1CCOCC1)c1ccc(F)cc1)c1cc(ccc21)S(C)(=O)=O,1.0,pro_570,0.8056386212507883
402,Cc1noc(C)c1-c1cnc2c(c1)n([C@H](C1CCOCC1)c1cc(F)ccc1F)c1cc(ccc21)C(C)(C)O,1.0,pro_570,0.7799579401810964
403,Cc1noc(C)c1-c1cnc2c(c1)n([C@H](C1CCOCC1)c1ccc(F)cc1F)c1cc(ccc21)C(C)(C)O,1.0,pro_570,0.7959510584672292
404,Cc1noc(C)c1-c1cnc2c(c1)n([C@H](C1CCOCC1)c1ccc(F)cc1)c1c(F)c(ccc21)C(C)(C)O,1.0,pro_570,0.7652101417382559
405,Cc1noc(C)c1-c1cnc2c(c1)n([C@@H](C1CCOCC1)c1ccc(F)cc1)c1cc(ccc21)C(C)(C)O,1.0,pro_570,0.8305438558260599
406,Cc1noc(C)c1-c1cnc2c(c1)n([C@@H](C1CCOCC1)c1ccccc1F)c1cc(ccc21)C(C)(C)O,1.0,pro_570,0.7592048645019531
407,Cc1noc(C)c1-c1cnc2c(c1)n([C@H](C1CCOCC1)c1c(F)cc(F)cc1F)c1cc(ccc21)C(C)(C)O,1.0,pro_570,0.7325606147448221
408,Cc1noc(C)c1-c1cnc2c(c1)n([C@@H](C1CCOCC1)c1ccccc1)c1cc(cc(F)c21)C(C)(C)O,1.0,pro_570,0.7350564847389857
409,Cc1noc(C)c1-c1cnc2c(c1)n([C@@H](C1CCOCC1)c1ccccc1)c1cc(ccc21)S(C)(=O)=O,1.0,pro_570,0.7601510584354401
410,Cc1noc(C)c1-c1cnc2c(c1)n([C@H](C1CCOCC1)c1ccccc1F)c1cc(ccc21)S(C)(=O)=O,1.0,pro_570,0.7489730616410574
411,COc1ccc(c2n([C@@H](C3CCOCC3)c3ccc(F)cc3)c3cc(cnc3c12)-c1c(C)noc1C)S(C)(=O)=O,1.0,pro_570,0.9129430452982584
412,COc1ccc(c2n([C@@H](C3CCOCC3)c3ccccc3)c3cc(cnc3c12)-c1c(C)noc1C)S(C)(=O)=O,1.0,pro_570,0.8226743439833323
413,Fc1ccc(NC(=O)C2(COC2)c2ccc(cc2)-n2cnc(cc2=O)C2CC2)cc1,0.0,pro_6088,0.3929079237083594
414,COc1cccc(NCc2nnc3SCC(=Nn23)c2cccc(OC)c2)c1,1.0,pro_171,0.46312858661015827
415,Clc1ccc(cc1)-c1cc(=O)c2cc(Cn3cc(COc4ccc(CNC5CC5)cc4)nn3)ccc2o1,0.0,pro_634,0.48324668492811423
416,O=C(Nc1ccccc1)c1ccn[nH]1,0.0,pro_2228,0.09474172443151474
417,Nc1cn[nH]c1C(=O)Nc1ccc(F)cc1,0.0,pro_2228,0.2670185367266337
418,OC[C@H]1O[C@@H](Oc2cc(O)c3c(c2)occ(-c2ccc(O)cc2)c3=O)[C@H](O)[C@@H](O)[C@@H]1O,0.0,pro_2281,0.27039820700883865
419,COc1ccc(cc1)C(CCc1ccc(O)cc1OC)c1c(O)cc(OC)cc1\C=C\c1ccc(O)cc1,1.0,pro_2655,0.27444905291001004
420,COc1cc(O)ccc1CCC(c1ccc(O)cc1)c1c(OC)cc(O)cc1\C=C\c1ccc(O)cc1,1.0,pro_2655,0.3723151385784149
421,C[C@@H]([C@H]1[C@H](O)C[C@@]2(C)[C@@H]3CC[C@H]4[C@@H](C)[C@H](CCC4=CC3=CC[C@]12C)N(C)C)N(C)C,1.0,pro_5467,0.682355006535848
422,COC(=O)N1[C@@H](C)CCc2c1ccc1n(CC(=O)NCC3CCOCC3)c(CCn3ccccc3=O)nc21,0.0,pro_570,0.12188906005273263
423,CN1CC(CC1=O)NC(=O)N1CCc2nc(OCc3c(C)nnn3-c3ccc(F)cc3)ccc2C1,1.0,pro_6088,0.7598750988642374
424,CCS(=O)(=O)N1CC(CC#N)(C1)n1ccc(c1)-c1c(cnc2[nH]ccc12)C#N,1.0,pro_6088,0.4976300100485484
425,C[C@H]1c2[nH]c3c(cccc3c2Cc2c(O)n(C)c(=S)n12)-c1ccccc1,0.0,pro_171,0.13492849996934334
426,CC[C@@H]1[C@H]2N3CC[C@@]22C(=Nc4ccccc24)C([C@H]1CC3)C(=O)OC,0.0,pro_2892,0.384050856033961
427,Cc1cc(c(SCc2ccccc2)cc1Cl)S(=O)(=O)Nc1nc(=O)c2ccccc2n1C,0.0,pro_427,0.15376093735297522
428,COc1ccc(cc1)C(=O)CNc1cc(O)c2c(CCNC(=O)OC(C)(C)C)cn(c2c1O)S(=O)(=O)c1ccc(C)cc1,1.0,pro_171,0.6414363384246826
429,c1nc2ncccn2c1-c1ccncc1,0.0,pro_5516,0.12296069972217083
430,OC[C@H](c1ccccc1)n1cc(C(O)=O)c(=O)c2cc(Cc3cccc(Cl)c3F)ccc12,1.0,pro_427,0.9071024656295776
431,CN(c1cccn(O)c1=O)S(=O)(=O)c1ccc(Oc2ccc(C)cc2)cc1,1.0,pro_2218,0.8864666620890299
432,CN(c1cccn(O)c1=O)S(=O)(=O)c1ccc(Oc2ccc(OC(F)(F)F)cc2)cc1,1.0,pro_2218,0.7899521787961324
433,COc1ccc(Oc2ccc(cc2)S(=O)(=O)N(C)c2cccn(O)c2=O)cc1,1.0,pro_2218,0.932443380355835
434,CCN(c1cccn(O)c1=O)S(=O)(=O)c1ccc(Oc2ccccc2)cc1,1.0,pro_2218,0.8303390940030416
435,Cc1cccnc1NC(=O)c1cnn2ccc(nc12)N1CCC[C@@H]1c1cc(F)ccc1F,1.0,pro_1546,0.9680299957593282
436,Oc1c(Br)cc(CN=Nc2nc(Nc3ccccc3)nc(Nc3ccccc3)n2)cc1Br,0.0,pro_5516,0.24412097533543906
437,Oc1c(I)cc(I)cc1CN=Nc1nc(Nc2ccccc2)nc(Nc2ccccc2)n1,1.0,pro_5516,0.25674983610709506
438,Clc1ccc(CN=Nc2nc(Nc3ccccc3)nc(Nc3ccccc3)n2)cc1Cl,0.0,pro_5516,0.27123394670585793
439,O=C(Nc1ccc(CN2CCOCC2)cc1)c1n[nH]cc1Nc1ncnc2ccccc12,1.0,pro_2228,0.909865935643514
440,C(CCN1CCC(Cc2ccccc2)CC1)CNCc1cccnc1,1.0,pro_2892,0.8512144088745117
441,N[C@H]1CN(Cc2ccc(cc2)-c2cc[nH]n2)C[C@H]1C(=O)N1CCC[C@H]1C#N,1.0,pro_2655,0.9950467149416605
442,Nc1ncnc2n(nc(-c3ccc4ccccc4c3)c12)[C@@H]1CCCN(C1)C(=O)C=C,1.0,pro_2281,0.9796465436617533
443,CN(C)c1ncc(\C=C\c2c(F)cccc2F)cn1,1.0,pro_6088,0.6707192758719126
444,FC(F)(F)c1ccc2c(c1)S(=O)(=O)N=S2c1ccc(Br)cc1,1.0,pro_2281,0.3953360468149185
445,Fc1ccc2c(c1)S(=O)(=O)N=S2c1ccc(Br)cc1,1.0,pro_2281,0.6219111780325571
446,COC(=O)N1[C@@H](C)CCc2c1ccc1[nH]c(CCc3ccccn3)nc21,0.0,pro_570,0.47881131432950497
447,CCN1CC(C1)n1nccc1-c1cc(Cl)ccc1Oc1cc(F)c(cc1F)S(=O)(=O)Nc1cscn1,1.0,pro_6167,0.6993419329325358
448,OC(=O)Cc1sc(\C=C2/NC(=O)CS2)nc1-c1ccccc1,1.0,pro_2218,0.837287167708079
449,COC(=O)c1c(noc1-c1ccccc1)-c1ccc(Cl)o1,0.0,pro_3741,0.2731698701779048
450,NC(=S)N1N=C(CC1c1ccco1)c1ccc[nH]1,0.0,pro_634,0.8090811769167582
451,COc1cc2c[n+]3CCc4cc5OCOc5c(OC)c4-c3cc2c(CO)c1OC,0.0,pro_3129,0.7454039057095846
452,COC(=O)N1[C@@H](C)CCc2c1ccc1n(CCN(C)C3CCOCC3)c(CCn3ccccc3=O)nc21,0.0,pro_570,0.13448817655444145
453,NC(=O)c1cn(nc1Nc1ccc(nc1)C(F)(F)F)[C@H]1COCC[C@@H]1C#N,1.0,pro_1546,0.9921982288360596
454,NC(=O)c1cn(nc1Nc1ccc(OCC(F)(F)F)nc1)[C@H]1COCC[C@@H]1C#N,1.0,pro_1546,0.9905712803204855
455,CCc1ccc(cc1)C#Cc1ccc(s1)S(=O)(=O)N[C@H](Cc1c[nH]c2ccccc12)C(O)=O,1.0,pro_2218,0.9484893282254537
456,CCCCc1ccc(cc1)C#Cc1ccc(s1)S(=O)(=O)N[C@H](Cc1c[nH]c2ccccc12)C(O)=O,1.0,pro_2218,0.9728720585505167
457,CCCCOc1ccc(cc1)C#Cc1ccc(s1)S(=O)(=O)N[C@H](Cc1c[nH]c2ccccc12)C(O)=O,1.0,pro_2218,0.9725916385650635
458,COc1ccc(CSc2ccc(C#N)c(c2)C#N)cc1,0.0,pro_2714,0.8058951497077942
459,CC(=O)Oc1ccccc1SCc1ccccc1,0.0,pro_3741,0.4275810271501541
460,Brc1ccc(CSc2ccc(C#N)c(c2)C#N)cc1,0.0,pro_2714,0.8749088048934937
461,N#Cc1ccc(SCc2ccccc2)cc1,1.0,pro_2714,0.4451431632041931
462,Fc1ccc(CSc2ccc(cc2)C#N)cc1,0.0,pro_2714,0.5630784829457601
463,COc1cc(C=C(C#N)C#N)cc(CSc2ccccc2C(O)=O)c1O,1.0,pro_2281,0.47252894441286725
464,COc1cc2ncnc(Nc3cccc(Cl)c3F)c2cc1CN(C)C1(CCN(C)CC1)C(N)=O,1.0,pro_2281,0.9923675656318665
465,COc1cnc(cn1)C(=O)Nc1ccc2Oc3cnc(cc3C3(CCOC(N)=N3)c2c1)-c1ccnc(F)c1,1.0,pro_5516,0.9972365895907084
466,CNC(=O)c1cc(ccc1OC)-c1ccc2c(nc(nc2n1)N1CCOC[C@@H]1C)N1CCOC[C@@H]1C,1.0,pro_6088,0.10376947497328122
467,COc1ccc(cc1CO)-c1ccc2c(nc(nc2n1)N1CCOC[C@@H]1C)N1CCOC[C@@H]1C,1.0,pro_6088,0.18038510282834372
468,C[C@H]1COCCN1c1nc(N2CCOC[C@@H]2C)c2ccc(nc2n1)-c1cccc(c1)C(=O)NCCO,1.0,pro_6088,0.16253027568260828
469,C[C@H](Nc1ccc(C(N)=O)c2[nH]c3cc(ccc3c12)-c1cnn(C)c1)C(C)(C)C,1.0,pro_6088,0.49739907681941986
470,O=C(CC1c2ccccc2-c2cncn12)Nc1ccccc1,1.0,pro_171,0.803349494934082
471,COc1ccc2n(Cc3ccc(Br)cc3)c(C)c(CC(=O)OCCc3ccccc3)c2c1,0.0,pro_3741,0.6664285163084666
472,O=S(=O)(c1ccccc1)n1ccc2c(OCCNCCCCCCNc3c4CCCCc4nc4ccccc34)cccc12,1.0,pro_3129,0.9782717227935791
473,CO[C@H](C)C1CCN(CC1)S(=O)(=O)C[C@H]1C[C@H](C1)N(C)c1ncnc2[nH]ccc12,1.0,pro_1546,0.9905416568120321
474,OC1(O)C(=O)c2ccccc2C1=O,0.0,pro_5516,0.24159304052591324
475,CC1C(C(=O)N[C@@H](Cc2ccccc2)[C@H](O)CNC2CC2)=C(C)N(CCCOC(C)=O)C(C)=C1C(=O)OCc1ccccc1,1.0,pro_5516,0.903864582379659
476,COC1(CCOCC1)c1cc(F)cc(OCCCN2CCc3c(C2)c2ccccc2n3C(=O)c2ccccc2)c1,0.0,pro_3741,0.16958009141186872
477,COc1ccc2n(C(=O)c3ccc(Cl)cc3)c3CCN(CCCOc4cc(F)cc(c4)C4(CCOCC4)OC)Cc3c2c1,0.0,pro_3741,0.291613166530927
478,COc1ccc2n(C(=O)c3c(Cl)cc(Cl)cc3Cl)c3CCN(CCCOc4cc(F)cc(c4)C4(CCOCC4)OC)Cc3c2c1,0.0,pro_3741,0.13000566667566696
479,COc1ccc2n(C(=O)c3ccccc3F)c3CCN(CCCOc4cc(F)cc(c4)C4(CCOCC4)OC)Cc3c2c1,0.0,pro_3741,0.19112382332483926
480,OC(=O)[C@@H](Cc1c[nH]c2ccccc12)NS(=O)(=O)c1ccc(cc1)-c1nnn(n1)-c1ccc(Br)cc1,1.0,pro_2218,0.9759107232093811
481,Oc1ccc(cc1)-c1nc2c(O)cc(O)cc2s1,0.0,pro_2281,0.6464070677757263
482,Nc1ccc(cc1)-c1nc2ccccc2s1,0.0,pro_2218,0.36463088790575665
483,Oc1cc(O)c2nc(sc2c1)-c1ccc(O)c(O)c1,0.0,pro_2281,0.6924564441045126
484,COc1c2ccoc2[nH]c2c(OC)c(=O)ccc12,0.0,pro_5467,0.30828719834486645
485,OC(=O)[C@H]1[C@@H](OC(=O)\C1=C\c1ccc(O)c(O)c1)c1ccc(O)c(O)c1,1.0,pro_3741,0.7008410890897115
486,N#Cc1cc(ccc1N1CCC2(CCO2)C1)-c1ncnc(Nc2ccc(cc2)N2CCN(CC2)C2COC2)n1,0.0,pro_1546,0.5811416208744049
487,CN(Cc1ccco1)Cc1cccc(CCc2cccnc2N)c1,0.0,pro_5516,0.29986607531706494
488,Cc1ccccc1-n1c(SCC(=O)N\N=C\c2ccc(Br)cc2)nc2ccccc2c1=O,0.0,pro_2892,0.3245944082736969
489,COC(=O)N1[C@@H](C)CCc2c1ccc1n(CCNC3COC3)c(CCn3cccn3)nc21,0.0,pro_570,0.057968957970539726
490,O=C(Nc1[nH][nH]c2cccc12)C1CC1,1.0,pro_2228,0.62355404595534
491,C[C@@H]1CC[C@H]2[C@@H](C)C(O)O[C@@H]3O[C@@]4(C)CC[C@@H]1[C@@]23OO4,0.0,pro_6167,0.23118442545334497
492,Cc1ccc(NS(=O)(=O)c2cccc3c(NC(=O)\C=C\c4ccc(O)c(O)c4)cccc23)cc1,0.0,pro_427,0.5574473440647125
493,CC(=O)Oc1ccc(\C=C\C(=O)Nc2cccc3c(cccc23)S(=O)(=O)Nc2ccc(Cl)cc2)cc1OC(C)=O,0.0,pro_427,0.29782062272230786
494,CC(=O)Oc1ccc(\C=C\C(=O)Nc2cccc3c(cccc23)S(=O)(=O)Nc2ccc(Br)cc2)cc1OC(C)=O,0.0,pro_427,0.360981563727061
495,Oc1ccc(\C=C\C(=O)Nc2cccc3c(cccc23)S(=O)(=O)Nc2cccc(c2)[N+]([O-])=O)cc1O,0.0,pro_427,0.6601569453875223
496,Cc1ccccc1NS(=O)(=O)c1cccc2c(NC(=O)\C=C\c3ccc(O)c(O)c3)cccc12,0.0,pro_427,0.46893730262915295
497,Oc1ccc(\C=C\C(=O)Nc2cccc3c(cccc23)S(=O)(=O)Nc2ccc(F)cc2)cc1O,0.0,pro_427,0.6386523942152659
498,CCCCCCNC(=O)OCn1nc(ccc1=O)-c1ccccc1OC,1.0,pro_3129,0.6757802267869314
499,Cc1cccc(Nc2ccccc2C(=O)NCCC(=O)NCCCCCCCNc2c3CCCCc3nc3cc(Cl)ccc23)c1C,1.0,pro_2892,0.9740910728772482
500,Cc1nc(C)c(COc2ccc(CC(O)C(=O)NCCCCCCNc3c4CCCCc4nc4ccccc34)cc2OCc2nc(C)c(C)nc2C)nc1C,1.0,pro_3129,0.9266094366709391
501,N[C@@H](CNC(=O)[C@@H]1Cc2ccc(O)cc2CN1)[C@@H](O)c1ccc(cc1)[N+]([O-])=O,0.0,pro_2218,0.09727491810917854
502,ONC(=O)CN(C1CCCc2ccccc12)C(=O)CN(C1CCCc2ccccc12)C(=O)Nc1ccc(Oc2ccccc2)cc1,0.0,pro_2218,0.6432463626066843
503,Cc1ccccc1COC(Cn1ccnc1)c1ccc(Cl)cc1Cl,1.0,pro_2892,0.40797632932662964
504,Cc1ccc(COC(Cn2ccnc2)c2ccc(Cl)cc2Cl)cc1,1.0,pro_2892,0.4059572195013364
505,Clc1ccc(C(Cn2ccnc2)OCc2ccccc2)c(Cl)c1,0.0,pro_2892,0.3590859572092692
506,Clc1ccc(COC(Cn2ccnc2)c2ccc(Cl)cc2Cl)c(Cl)c1,1.0,pro_6167,0.790043294429779
507,COc1cccc(COC(Cn2ccnc2)c2ccc(Cl)cc2Cl)c1,0.0,pro_2892,0.36122211813926697
508,CC(C)(C)c1ccc(COC(Cn2ccnc2)c2ccc(Cl)cc2Cl)cc1,1.0,pro_3129,0.4261092146237691
509,COc1ccc(COC(Cn2ccnc2)c2ccc(Cl)cc2Cl)cc1,0.0,pro_2892,0.4232034236192703
510,Fc1ccc(COC(Cn2ccnc2)c2ccc(Cl)cc2Cl)cc1,1.0,pro_2892,0.4075467561682065
511,Cc1cccc(COC(Cn2ccnc2)c2ccc(Cl)cc2Cl)c1,1.0,pro_2892,0.37127796312173206
512,NC1CC1c1cccc(OCC[C@H](NC(=O)c2ccccc2)C(=O)NCc2ccccc2)c1,0.0,pro_634,0.301239771147569
513,NC1CC1c1cccc(OCC[C@H](NC(=O)c2ccccc2)C(=O)NCc2ccccc2)c1,0.0,pro_634,0.301239771147569
514,O=C(NC(c1ccccc1)c1ccccc1)NS(=O)(=O)c1ccc(OCCCN2CCCCC2)cc1,0.0,pro_6088,0.502289871374766
515,Nc1nc(Nc2ccc(OCCN3CCCCC3)cc2)nn1-c1cccc(Cl)n1,0.0,pro_5516,0.3021340488145749
516,Cc1cc(Nc2cc(nc3c(cnn23)-c2cnn(C)c2)C2CCCNC2)sn1,1.0,pro_2228,0.7591785589853922
517,Nc1nnc([nH]1)N1CCC(CC1)N1C[C@H](CN2CCCCC2)OC[C@@H]1Cc1ccc(Cl)cc1,0.0,pro_6088,0.416776438554128
518,Cc1nc2cc3CCN(CCSc4nnc(-c5cccc6nc(C)ccc56)n4C)CCc3cc2o1,0.0,pro_6088,0.9249253074328104
519,CCN(CC)Cc1ccccc1CNC(=O)c1cccc(c1)C(=O)Nc1cccs1,1.0,pro_3129,0.9148399432500204
520,CCc1nc2ccc(Cl)cn2c1C(=O)NCc1ccc(cc1)N1CCC(CC1)c1ccc(OC(F)(F)F)cc1,0.0,pro_6167,0.6849783559640249
521,CCc1nc2cc(Cl)ccn2c1C(=O)NCc1ccc(cc1)N1CCC(CC1)c1ccc(OC(F)(F)F)cc1,0.0,pro_6167,0.6944183111190796
522,CCc1nc2ccc(Cl)cn2c1C(=O)NCc1ccc(cc1)N1CCC(CC1)c1ccc(F)cc1,1.0,pro_6167,0.7022553086280823
523,Cc1cc(ccn1)-c1ccc2OCC3(COC3)C3(COC(N)=N3)c2c1,0.0,pro_5516,0.9849135875701904
524,COc1ccc(cc1)S(=O)(=O)N1CCN(CC[C@@H]1C(=O)NO)S(=O)(=O)c1cn(C)cn1,1.0,pro_2218,0.9918931325276693
525,NC(=O)c1nc(oc1N)-c1ccc(cc1)C(F)(F)F,1.0,pro_6167,0.42207228144009906
526,Cc1cc(CN2C[C@H](N)[C@@H](C2)C(=O)C2CCC[C@H]2C#N)ccc1C#N,1.0,pro_2655,0.9793965220451355
527,CCc1cc(CN2C[C@H](N)[C@@H](C2)C(=O)C2CCC[C@H]2C#N)cc(CC)c1C#N,1.0,pro_2655,0.8144432504971822
528,Cc1cc(CN2C[C@H](N)[C@@H](C2)C(=O)C2CCC[C@H]2C#N)cc(C)c1C#N,1.0,pro_2655,0.9709689617156982
529,COc1ccc(CCNC(=O)COc2ccc3ccc(=O)oc3c2)cc1OC,0.0,pro_3129,0.3963568905989329
530,CN(C)S(=O)(=O)c1ccc(Nc2nn(c3cc[nH]c(=O)c23)C2(CC#N)CCN(CC2)C(=O)CN2CCCC2=O)cc1,1.0,pro_1546,0.9884093006451925
531,Cc1c2COC(=O)c2ccc1[C@@H](O)CN1CCC2(CCN(C2)c2ccc(cn2)C#N)CC1,0.0,pro_6088,0.6423019170761108
532,COC(=O)N1[C@@H](C)CCc2c1ccc1n(C3CCS(=O)(=O)C3)c(nc21)C(C)Cn1cccn1,0.0,pro_570,0.37183042615652084
533,O=C(C1CC1)N1CCC(CC1)Oc1ccc2OC3(CCN(CC3)C3CCC3)CCc2c1,1.0,pro_6167,0.8746758500734965
534,CC1(COCC(N)=N1)c1cccc(NC(=O)c2cccnc2)c1,0.0,pro_5516,0.9706647992134094
535,CC(=O)Nc1ccc(cc1)-c1nc(Nc2ccc(cc2)N2CCOCC2)ncc1F,1.0,pro_1546,0.8144756555557251
536,Cc1cnc(Nc2ccc(cc2)N2CCOCC2)nc1-c1ccc(NC(=O)CCCCCCC(=O)NO)cc1,1.0,pro_1546,0.855611264705658
537,CC(=O)Nc1ccc(cc1)-c1nc(Nc2ccc(cc2)N2CCOCC2)ncc1C,1.0,pro_1546,0.8800638715426127
538,C[C@@H](N)C(=O)Nc1ccc(cc1)-c1ccnc(Nc2ccc(cc2)N2CCOCC2)n1,1.0,pro_1546,0.8437492847442627
539,C[C@H](N)C(=O)Nc1ccc(cc1)-c1ccnc(Nc2ccc(cc2)N2CCOCC2)n1,1.0,pro_1546,0.8361780643463135
540,C[C@H]1CN(Cc2ccc(cc2)-c2cccnc2C(=O)N2CCC(CC2)Nc2ccc(F)cc2)C[C@@H](C)N1,0.0,pro_6167,0.6786245505015055
541,C[C@H]1CN(Cc2ccc(cc2)-c2cccnc2C(=O)N2CCC(CC2)Nc2ccc(F)cc2)C[C@@H](C)N1,0.0,pro_6167,0.6786245505015055
542,NS(=O)(=O)N1CCC(CC1)NC(=O)c1cnn2ccc(nc12)N1CCC[C@@H]1c1cc(F)ccc1F,1.0,pro_1546,0.9824434518814087
543,CC[C@H](C)[C@H](NC(=O)[C@H](CC(C)C)NC(=O)[C@H](CCCNC(N)=N)NC(=O)c1ccn(c1)-c1cc(Cl)cc(Cl)c1)C(=O)N[C@@H](Cc1ccccc1)C(N)=O,0.0,pro_2228,0.5832024924457073
544,CC[C@H](C)[C@H](NC(=O)[C@H](CC(C)C)NC(=O)[C@H](CCCNC(N)=N)NC(=O)c1ccn(c1)-c1ccc(Cl)cc1)C(=O)N[C@@H](Cc1ccccc1)C(N)=O,0.0,pro_2228,0.4272928833961487
545,Clc1ccc(NC(=O)CN2C(=O)CNC2=O)cc1S(=O)(=O)C1CCCCC1,0.0,pro_570,0.258367620408535
546,NC\C(COc1ccc(cc1)S(=O)(=O)C[C@H]1CCCO1)=C/F,1.0,pro_2714,0.9337337811787924
547,CCCc1nc(C)c2n1[nH]c(nc2=O)-c1cc(ccc1OCC)S(=O)(=O)N1CCN(CC)CC1,0.0,pro_6088,0.14412478730082512
548,CN([C@@H]1C[C@H](CS(=O)(=O)c2cccc3cccnc23)C1)c1ncnc2[nH]ccc12,1.0,pro_1546,0.9928720394770304
549,Cl.C(CNCCc1ccnc(n1)-n1ccnc1)Cc1cccnc1,0.0,pro_6167,0.5991191864013672
550,CC(COc1ccn(-c2ccc(F)cc2)c(=O)c1)Oc1ccccc1,1.0,pro_6167,0.4484369258085887
551,C[C@@H](COc1ccn(-c2ccc(F)cc2)c(=O)c1)Oc1ccccc1,1.0,pro_6167,0.4733445346355438
552,O=C(Oc1ccco1)c1cccc(=O)[nH]1,0.0,pro_2218,0.20170898487170538
553,CCN(CCCCCOc1ccc(C(C)=O)c(O)c1)Cc1ccccc1,1.0,pro_3129,0.9580553770065308
554,CNC(=O)Oc1cccc(CN(C)CCCOc2ccc3C(=O)C(Oc3c2)=Cc2ccc3ccccc3c2)c1,1.0,pro_5467,0.9783576130867004
555,O=NCc1cccc[n+]1COCCOC[n+]1ccccc1CN=O,0.0,pro_2892,0.44618475437164307
556,O=C(CN1CCOCC1)Nc1ccc2nc3c4[nH]c5ccccc5c4ccn3c(=O)c2c1,1.0,pro_3129,0.8936188220977783
557,COC(=O)N1[C@@H](C)CCc2c1ccc1n(CCNCCN3CCNC3=O)c(CCn3ccccc3=O)nc21,0.0,pro_570,0.1505016585191091
558,O[C@@H]1Cc2c(O)cc(O)c([C@@H]3[C@@H](O)[C@H](Oc4c3c(O)cc(O)c4[C@@H]3[C@@H](O)[C@H](Oc4c([C@@H]5[C@@H](O)[C@H](Oc6c([C@@H]7[C@@H](O)[C@H](Oc8cc(O)cc(O)c78)c7ccc(O)c(O)c7)c(O)cc(O)c56)c5ccc(O)c(O)c5)c(O)cc(O)c34)c3ccc(O)c(O)c3)c3ccc(O)c(O)c3)c2O[C@@H]1c1ccc(O)c(O)c1,1.0,pro_2218,0.19091597323616347
559,CC(C)c1ccc(C)cc1OC(=O)NCC1CCCCC1,1.0,pro_3129,0.7285176316897074
560,NC(=O)c1ccc(Nc2ncnc(n2)-c2ccc(O[C@@H]3CCN(C3)C(=O)CO)c(c2)C#N)cc1,0.0,pro_1546,0.5032331248124441
561,FC(F)(F)c1ccc2c(Nc3ccc(Cl)nc3)n[nH]c2c1,0.0,pro_6088,0.6329026222229004
562,Cc1cccc(c1)C(=O)Nc1cccc(NC(=O)c2ccncc2)c1,1.0,pro_6088,0.4391947587331136
563,COC(=O)N1[C@@H](C)CCc2c1ccc1n([C@@H]3CCC[C@H](C3)C(O)=O)c(nc21)C(=O)Nc1ccccc1Cl,0.0,pro_570,0.5469578355550766
564,F[C@H]1CN(CCn2c3cc(ccc3ccc2=O)C#N)CC[C@@H]1NCc1cc2OCCOc2cn1,0.0,pro_6088,0.2991716240843137
565,F[C@H]1CN(CCn2c3cc(ccc3ccc2=O)C#N)CC[C@H]1NCc1cc2OCCOc2cn1,0.0,pro_6088,0.28304531673590344
566,O=c1ccc2ccc(cc2n1CCN1CCC(CC1)NCc1cc2OCCOc2cn1)C#N,1.0,pro_6088,0.6258560518423716
567,CO[C@H]1CN(CCn2c3cc(ccc3ccc2=O)C#N)CC[C@H]1NCc1cc2OCCOc2cn1,0.0,pro_6088,0.28209104388952255
568,O[C@@H]1CN(CCn2c3cc(ccc3ccc2=O)C#N)CC[C@@H]1NCc1cc2OCCOc2cn1,0.0,pro_6088,0.0905520919089516
569,F[C@@H]1CN(CCn2c3cc(ccc3ccc2=O)C#N)CC[C@@H]1NCc1cc2OCCOc2cn1,0.0,pro_6088,0.2783074925343196
570,O[C@H]1CN(CCn2c3cc(ccc3ccc2=O)C#N)CC[C@H]1NCc1cc2OCCOc2cn1,0.0,pro_6088,0.09403674304485321
571,F[C@H]1CN(CCn2c3cc(ccc3ccc2=O)C#N)CC[C@H]1NCc1cc2OCCOc2cn1,0.0,pro_6088,0.28304531673590344
572,COC(=O)c1cccnc1Cn1c(=O)n(C)c2nc(N3CCC[C@@H](N)C3)n(CC#CC)c2c1=O,1.0,pro_2655,0.9665364623069763
573,C[C@@H]1Cc2c(ccc3[nH]ncc23)[C@H](N1CC1(F)CC1)c1ccc(NC2CN(CCCF)C2)cn1,1.0,pro_6088,0.9505691727002462
574,C[C@@H]1Cc2c(ccc3[nH]ncc23)[C@H](N1CC1(F)CC1)c1ccc(cn1)N(C)C1CN(CCCF)C1,1.0,pro_6088,0.8983101844787598
575,Cc1nnn(C)c1-c1cnc2c(c1)n([C@@H](C1CCOCC1)c1ccccc1)c1cc(ccc21)-c1ccnn1C,1.0,pro_570,0.8603645364443461
576,C[C@H](O)C(=O)N1CC[C@H](Oc2ccc(cc2C#N)-c2ncnc(Nc3cccc(CN4CCOCC4)c3)n2)[C@H](F)C1,0.0,pro_1546,0.4641261696815491
577,Cc1cccc2n(C)c3c4C(=O)C=CC(=O)c4ccc3c12,1.0,pro_171,0.792293389638265
578,Cn1c2ccccc2c2ccc3C(=O)C=CC(=O)c3c12,1.0,pro_171,0.7752092878023783
579,COc1ccc2n(C)c3c4C(=O)C=CC(=O)c4ccc3c2c1,1.0,pro_171,0.763495147228241
580,C(CCC[n+]1ccccc1)CC[n+]1ccccc1,0.0,pro_5467,0.7019268870353699
581,CC(=O)Nc1cc(Nc2ccc(F)c(Cl)c2)c2cc(sc2c1)C(O)=O,0.0,pro_171,0.6085416376590729
582,Nc1cc(cc2c3ccccc3[nH]c(=O)c12)-c1ccccc1,0.0,pro_2218,0.1429330383737882
583,CCCCNc1cc(cc2c3ccccc3[nH]c(=O)c12)-c1ccccc1,0.0,pro_2218,0.11161324754357338
584,CO[C@H]1CC[C@@]2(Cc3ccc(cc3[C@]22N=C(N)N(CC3(C)COC3)C2=O)C#N)C[C@@H]1C,1.0,pro_5516,0.9971097707748413
585,C(NCc1ccc(s1)-c1cccnc1)c1ccc(s1)-c1cccnc1,0.0,pro_6167,0.8000149726867676
586,CC(C)c1cccc(c1)C1(CC1)NC[C@@H](O)[C@@H]1Cc2cccc(OCCCCNc3cc(cc(c3)C(=O)N1)C(C)=O)c2,1.0,pro_5516,0.9923841953277588
587,COC[C@H](C)Oc1cc(Oc2ccc(cc2)S(C)(=O)=O)cc(c1)C(=O)Nc1ccn(CP(C)(C)=O)n1,0.0,pro_6088,0.1571425407504042
588,CCOP(=O)(Cn1ccc(NC(=O)c2cc(O[C@@H](CC)CO)cc(Oc3ccc(cc3)S(C)(=O)=O)c2)n1)OCC,0.0,pro_6088,0.4271284093459447
589,CCOP(=O)(Cn1ccc(NC(=O)c2cc(OC(C)C)cc(Oc3ccc(cc3)S(C)(=O)=O)c2)n1)OCC,0.0,pro_6088,0.3313259035348892
590,CCO[P@](C)(=O)Cn1ccc(NC(=O)c2cc(O[C@@H](C)COC)cc(Oc3ccc(cc3)S(C)(=O)=O)c2)n1,0.0,pro_6088,0.44617322087287903
591,CCOP(=O)(Cn1ccc(NC(=O)c2cc(O[C@@H](C)CO)cc(Oc3ccc(cc3)S(C)(=O)=O)c2)n1)OCC,0.0,pro_6088,0.41297025978565216
592,CCOP(=O)(Cc1cnc(NC(=O)c2cc(O[C@@H](C)COC)cc(Oc3ccc(cc3)S(C)(=O)=O)c2)cn1)OCC,0.0,pro_6088,0.3559217204650243
593,Clc1ccc(cc1Cl)N1CCN(CC1)C(=O)COc1cc(=O)oc2ccccc12,0.0,pro_3129,0.4577179253101349
594,O=C(COc1cc(=O)oc2ccccc12)N1CCN(CC1)c1ccccc1,0.0,pro_3129,0.5860681037108103
595,OC(=O)C1=Nc2ccccc2CN1,0.0,pro_5467,0.26620765030384064
596,CC(C)(C)S(=O)(=O)C[C@H](C1CC1)N1[C@@H]([C@H](C[C@](C)(Cc2cc(ccn2)C(O)=O)C1=O)c1cccc(Cl)c1)c1ccc(Cl)cc1,1.0,pro_6167,0.3239648714661598
597,CN1CCC(CC1)c1ccc(Nc2ncc(C)c(Nc3ccc4CCN(c4c3)S(=O)(=O)C(C)(C)C)n2)cc1F,1.0,pro_1546,0.8103536367416382
598,[Br-].COc1ccc(\C=C\C(=O)Nc2cc[n+](Cc3ccc(F)cc3)cc2)cc1OC,1.0,pro_5467,0.9775983095169067
599,[Br-].COc1ccc(\C=C\C(=O)Nc2cc[n+](Cc3ccc(F)cc3)cc2)cc1OC,1.0,pro_5467,0.9775983095169067
600,[Br-].COc1ccc(\C=C\C(=O)Nc2cc[n+](Cc3cccc(F)c3)cc2)cc1OC,1.0,pro_3129,0.9678733547528585
601,Fc1ccccc1C[n+]1cccc(c1)C1C(C#N)C(=N)Oc2c1c(=O)oc1ccccc21,1.0,pro_3129,0.8833110729853312
602,FC1(F)CCC(CC1)NC(=O)c1csc(c1)[C@H]1C[C@H]1NC1CCN(CC1)C(=O)C1CC1,0.0,pro_2714,0.03511882255164286
603,FC1(F)CCC(CC1)NC(=O)c1csc(c1)[C@@H]1C[C@H]1NC1CCN(CC1)C(=O)C1CC1,0.0,pro_634,0.017130675483106945
604,FC1(F)CCC(CC1)NC(=O)c1csc(c1)[C@@H]1C[C@H]1NC1CCN(CC1)C(=O)C1CC1,0.0,pro_634,0.017130675483106945
605,CC(Oc1cc(cnc1N)-c1cnn(c1)C1CCOCC1)c1cc(F)ccc1Cl,1.0,pro_1546,0.66990065574646
606,CC(=O)NC[C@@H]1OC(=O)N2[C@H]1COc1cc(N3CCSCC3)c(F)cc21,1.0,pro_2714,0.14033795272310576
607,[O-][N+](=O)c1cccc2C(=O)N(CCC3CCN(Cc4ccccc4)CC3)C(=O)c12,1.0,pro_5467,0.9764228065808614
608,Clc1cncc2ccc(NC(=O)[C@@H]3CC3c3ccc(cc3)S(=O)(=O)Nc3cccnc3)cc12,1.0,pro_1546,0.965668261051178
609,O[C@H]([C@H]1CCCCN1)c1cc(nc2c(cccc12)C(F)(F)F)C(F)(F)F,1.0,pro_6167,0.5924622416496277
610,COc1cc2CC(Cc3ccncc3)C(=O)c2cc1OCC1CC1,1.0,pro_2892,0.6647671858469645
611,Nc1nc2c(nccc2[nH]1)-c1ccsc1,0.0,pro_2218,0.13025600463151932
612,CC(C)(C)c1cccc(CN[C@H]2CS(=O)(=O)C[C@@H](Cc3cc(F)c(N)c(OCC(F)F)c3)[C@@H]2O)c1,1.0,pro_5516,0.9834450483322144
613,O[C@H]1[C@H](Cc2ccc(O)c(Br)c2)CS(=O)(=O)C[C@@H]1NCc1ccccc1,0.0,pro_5516,0.9237138430277506
614,NNc1nn2c(Cc3ccccc3)nnc2s1,1.0,pro_2228,0.7084883451461792
615,CCOC(=O)c1sc(nc1-c1ccccc1)-c1cc(N)ncn1,0.0,pro_2228,0.4473709911108017
616,NC(=O)c1sc(nc1-c1cc(F)ccc1F)-c1ccnc(N)n1,1.0,pro_2228,0.7455169856548309
617,NC(=O)c1sc(nc1-c1cc(Cl)cc(Cl)c1)-c1ccnc(N)n1,0.0,pro_2228,0.7038065294424692
618,NC(=O)c1sc(nc1-c1ccccc1F)-c1ccnc(N)n1,0.0,pro_2228,0.7758210301399231
619,COc1cc(ccc1OS(C)(=O)=O)-c1nc2ccccc2c(=O)[nH]1,0.0,pro_2228,0.07204325621326764
620,COc1ccc(cc1)-c1ccc(Sc2cc(=O)n(O)c(=O)[nH]2)cc1,0.0,pro_427,0.8931698799133301
621,COc1cc(OC)cc(c1)-c1ccc(Sc2cc(=O)n(O)c(=O)[nH]2)cc1,0.0,pro_427,0.8982611099878947
622,C[C@H]([C@H]1CC[C@H](CC1)c1ccnc2ccc(F)cc12)c1nc2ccc(Cl)cc2[nH]1,1.0,pro_171,0.9964913725852966
623,CCC([C@H]1CC[C@H](CC1)c1ccnc2ccc(F)cc12)c1nc2ccc(Cl)cc2[nH]1,1.0,pro_171,0.9973817070325216
624,CCC([C@H]1CC[C@H](CC1)c1ccnc2ccc(F)cc12)c1nc2ccc(Cl)cc2[nH]1,1.0,pro_171,0.9973817070325216
625,C[C@H]([C@H]1CC[C@H](CC1)c1ccnc2ccc(F)cc12)c1nc2cc(F)ccc2[nH]1,1.0,pro_171,0.9953000346819559
626,C[C@H]([C@H]1CC[C@H](CC1)c1ccnc2ccc(F)cc12)c1nc2ccc(Cl)cc2[nH]1,1.0,pro_171,0.9964913725852966
627,CNC[C@@H]([C@H](OCC(=O)N1CC[C@H](O)C1)c1ccccc1)c1ccc2ccccc2c1,1.0,pro_6088,0.9351953466733297
628,Cc1ccc2nc([nH]c2c1)-c1ccc(OCCN2CCOCC2)cc1,0.0,pro_2892,0.5668965677420298
629,Cc1ccc2nc([nH]c2c1)-c1ccc(OCCN2CCOCC2)cc1,0.0,pro_2892,0.5668965677420298
630,Clc1ccc2nc([nH]c2c1)-c1ccc(OCCN2CCOCC2)cc1,0.0,pro_3129,0.4545058161020279
631,Cc1cnc(Nc2ccc(OCCN3CCCC3)cc2)nc1-c1cc2CN(CCc2o1)C(=O)CC#N,1.0,pro_1546,0.8862288594245911
632,Cc1cnc(Nc2ccc(OCCN3CCCC3)cc2)nc1-c1cc2CN(CCc2o1)S(C)(=O)=O,1.0,pro_1546,0.8620366255442301
633,C[C@@H]1C[C@H]2CC(=O)[C@H]3CCC[N+]4([O-])CCC[C@@H]2[C@]34C1,0.0,pro_5467,0.3279365922013919
634,COc1cccc(c1)C(=O)NNC(=O)c1ccc2ccccc2c1O,1.0,pro_427,0.591551254192988
635,Oc1cccc(C(=O)NNC(=O)c2cc3ccccc3cc2O)c1O,1.0,pro_427,0.7063450217247009
636,COc1ccc(cc1)C(=O)NNC(=O)c1cc2ccccc2cc1O,1.0,pro_427,0.4945087730884552
637,COc1cccc(c1)C(=O)NNC(=O)c1ccc2ccccc2c1O,1.0,pro_427,0.591551254192988
638,CCOC(=O)CC1N=C(c2cc(OC)ccc2-c2cn(C)c(=O)cc12)c1c(F)cccc1F,1.0,pro_570,0.9384899735450745
639,CCNC(=O)CC1N=C(c2ccc(Cl)cc2C)c2cc(OC)ccc2-c2cn(C)c(=O)cc12,1.0,pro_570,0.9798648158709208
640,CCOC(=O)CC1N=C(c2ccc(Cl)cc2)c2cc(OC)ccc2-c2cn(C)c(=O)cc12,1.0,pro_570,0.9707695444424947
641,CCNC(=O)CC1N=C(c2ccc(Cl)cc2)c2cc(OC)ccc2-c2cn(C)c(=O)cc12,1.0,pro_570,0.979165514310201
642,ONC(=O)[C@@H]1CCCN1Cc1ccc(cc1)-c1ccccc1,0.0,pro_2218,0.879901389280955
643,ONC(=O)[C@@H]1C[C@@H](O)CN1Cc1ccc(cc1)-c1ccccc1,0.0,pro_2218,0.897177259127299
644,CCN(CC)S(=O)(=O)c1ccc(C2CN(C)C(=O)C2)c(CCc2ccccc2)c1,0.0,pro_570,0.1511972521742185
645,OC1(CC(=O)c2ccc(cc2)C(F)(F)F)C(=O)NC(=O)NC1=O,1.0,pro_2218,0.8917775551478068
646,FC(F)(F)c1ccc(cc1)C(=O)NCCCC(=O)N1CCC[C@H]1C#N,1.0,pro_2655,0.3988781025012334
647,CC[C@H](C)[C@H](NC(=O)[C@H](CCC(O)=O)NC(=O)[C@H](CCC(O)=O)NC(=O)[C@@H](NC(=O)[C@H](CCCCN)NC(=O)[C@@H](NC(=O)[C@H](CC(N)=O)NC(=O)[C@@H](N)[C@@H](C)O)[C@@H](C)CC)[C@@H](C)O)C(=O)N[C@@H](CO)C(=O)N[C@@H](CCC(O)=O)C(=O)N[C@@H](C(C)C)C(=O)N[C@@H](CC(N)=O)C(=O)N[C@@H](Cc1ccccc1)C(=O)N[C@@H](CC(O)=O)C(=O)N[C@@H](C)C(=O)N[C@@H](CCC(O)=O)C(=O)N[C@@H](Cc1ccccc1)C(=O)N[C@@H](CCCNC(N)=N)C(O)=O,0.0,pro_5516,0.3465115974346797
648,CC(C)CCOc1nc2n(C)c(=O)n(C)c(=O)c2n1C,1.0,pro_2714,0.6236117780208588
649,C[C@H](CC\C=C(/C)CO)[C@H]1CC[C@@]2(C)C3=CC[C@H]4C(C)(C)[C@@H](O)CC[C@]4(C)C3=CC[C@]12C,1.0,pro_5467,0.5187370479106903
650,COc1cccc(\C=C2/COc3ccccc3C2=O)c1OC,0.0,pro_634,0.8582226634025574
651,Nc1ccc(\C=C2/COc3ccccc3C2=O)cc1,0.0,pro_634,0.8927960395812988
652,Oc1ccc(\C=C2/COc3ccccc3C2=O)cc1[N+]([O-])=O,0.0,pro_634,0.8009382685025533
653,O=C1\C(COc2ccccc12)=C\c1ccccc1,0.0,pro_634,0.8923002282778422
654,COc1ccc(\C=C2/COc3ccccc3C2=O)c(OC)c1OC,0.0,pro_634,0.8588821490605673
655,COc1ccc(\C=C2/COc3cc(O)ccc3C2=O)cc1,0.0,pro_2892,0.5947523216406504
656,COc1ccc(\C=C2/COc3ccccc3C2=O)cc1,0.0,pro_634,0.9102394580841064
657,Nc1cc(\C=C2/COc3ccccc3C2=O)ccc1O,0.0,pro_634,0.7599163254102071
658,COc1ccc(\C=C2/COc3ccccc3C2=O)c(O)c1,0.0,pro_634,0.8586420814196268
659,COc1ccc(\C=C2/COc3ccccc3C2=O)cc1O,0.0,pro_634,0.8143355250358582
660,Oc1ccc(\C=C2/COc3cc(O)cc(O)c3C2=O)cc1,1.0,pro_634,0.6498453915119171
661,COc1ccc(\C=C2/COc3ccccc3C2=O)c(OC)c1,0.0,pro_634,0.8741477926572164
662,COc1ccc(\C=C2/COc3cc(O)ccc3C2=O)cc1,0.0,pro_2892,0.5947523216406504
663,CCN(CC)Cc1c(O)cccc1\C=C1/COc2cc(OC)c(OC)cc2C1=O,1.0,pro_2892,0.9653744697570801
664,CC(=O)Nc1ccc(\C=C2/COc3ccccc3C2=O)cc1,0.0,pro_634,0.8255276282628378
665,COc1cc(\C=C2/COc3ccccc3C2=O)ccc1O,0.0,pro_634,0.7651504079500834
666,ONC(=O)C[C@@H](CCCC1CCCCC1)c1nc(no1)C(=O)NCc1ccccn1,1.0,pro_2218,0.6169406920671463
667,CN(Cc1ccccn1)C(=O)c1noc(n1)[C@H](CCCC1CCCCC1)CC(=O)NO,0.0,pro_2218,0.6768747220436732
668,CCCCCCCCN1C[C@@H](O)[C@H](OCc2ccccc2)[C@@H](O)[C@H]1CC=C,0.0,pro_2892,0.4790242214997609
669,COc1nc(ccc1Nc1ncc(Cl)c(Nc2ccccc2NS(=O)(=O)C2CC2)n1)N1CCN(C)CC1,0.0,pro_2281,0.873875101407369
670,Cc1c(NC(=O)c2ccc(cc2)C(C)(C)C)cccc1-c1nc(Nc2ccc(cc2)C(=O)N2CCOCC2)c2nc[nH]c2n1,1.0,pro_6167,0.4815084288517634
671,Cc1c(NC(=O)c2ccc(cc2)C(C)(C)C)cccc1-c1nc(Nc2ccc(cc2)C(=O)N2CCOCC2)c2nc[nH]c2n1,1.0,pro_6167,0.4815084288517634
672,O=C1CC(=O)c2ccccc2C1=O,0.0,pro_171,0.8142708341280619
673,Oc1cccc(C(=O)NCCCNC(=O)c2cccc(O)c2O)c1O,1.0,pro_427,0.6595417261123657
674,Oc1cccc(C(=O)NCCCNC(=O)c2cccc(O)c2O)c1O,1.0,pro_427,0.6595417261123657
675,CC(C)C[C@H](NC(=O)[C@H](CCCCN)NC(=O)[C@H](CC(C)C)NC(=O)[C@](C)(CCC=C)NC(=O)[C@H](Cc1ccccc1)NC(=O)[C@H](Cc1ccc(O)cc1)NC(=O)[C@H](C)NC(=O)[C@@H](N)[C@@H](C)O)C(=O)N[C@@](C)(CCC=C)C(=O)NCC(=O)N[C@@H](CCCNC(N)=N)C(=O)N[C@@H](Cc1c[nH]c2ccccc12)C(O)=O,0.0,pro_427,0.6021307706832886
676,CC(C)C[C@H](NC(=O)[C@H](CCCCN)NC(=O)[C@H](CC(C)C)NC(=O)[C@](C)(CC=C)NC(=O)[C@H](Cc1ccccc1)NC(=O)[C@H](Cc1ccc(O)cc1)NC(=O)[C@H](C)NC(=O)[C@@H](N)[C@@H](C)O)C(=O)N[C@@](C)(CC=C)C(=O)NCC(=O)N[C@@H](CCCNC(N)=N)C(=O)N[C@@H](Cc1c[nH]c2ccccc12)C(O)=O,0.0,pro_427,0.6222211321194967
677,CC(C)C[C@H](NC(=O)[C@H](CCCCN)NC(=O)[C@H](CC(C)C)NC(=O)[C@](C)(CCC=C)NC(=O)[C@H](Cc1ccccc1)NC(=O)[C@H](Cc1ccc(O)cc1)NC(=O)[C@H](C)NC(=O)[C@@](C)(N)CCCC=C)C(=O)N[C@@H](C)C(=O)NCC(=O)N[C@@H](CCCNC(N)=N)C(=O)N[C@@H](Cc1c[nH]c2ccccc12)C(O)=O,1.0,pro_427,0.6490480502446493
678,CC(C)C[C@H](NC(=O)[C@H](CCCCN)NC(=O)[C@H](CC(C)C)NC(=O)[C@](C)(CCC=C)NC(=O)[C@H](Cc1ccccc1)NC(=O)[C@H](Cc1ccc(O)cc1)NC(=O)[C@H](C)NC(=O)[C@@H](N)[C@@H](C)O)C(=O)N[C@@](C)(CCC=C)C(=O)NCC(=O)N[C@@H](CCCNC(N)=N)C(=O)N[C@@H](Cc1c[nH]c2ccccc12)C(O)=O,0.0,pro_427,0.6021307706832886
679,CC(C)C[C@H](NC(=O)[C@](C)(CCCCC=C)NC(=O)[C@H](Cc1ccccc1)NC(=O)[C@H](Cc1ccc(O)cc1)NC(=O)[C@H](C)NC(=O)[C@@H](N)[C@@H](C)O)C(=O)N[C@@H](CCCCN)C(=O)N[C@@H](CC(C)C)C(=O)N[C@@](C)(CCCCC=C)C(=O)NCC(=O)N[C@@H](CCCNC(N)=N)C(=O)N[C@@H](Cc1c[nH]c2ccccc12)C(O)=O,1.0,pro_427,0.6404926975568136
680,CC(C)C[C@H](NC(=O)[C@H](Cc1ccccc1)NC(=O)[C@H](Cc1ccc(O)cc1)NC(=O)[C@H](C)NC(=O)[C@@H](N)[C@@H](C)O)C(=O)N[C@@H](CC(C)C)C(=O)N[C@@](C)(CCCC=C)C(=O)N[C@@H](CC(C)C)C(=O)N[C@@H](C)C(=O)NCC(=O)N[C@@](C)(CCCC=C)C(=O)N[C@@H](Cc1c[nH]c2ccccc12)C(O)=O,0.0,pro_427,0.3199770636856556
681,CN1CCN(CC1)c1ccc(Nc2nc(OC3CCN(CC3)C(=O)C=C)c3sccc3n2)cc1,1.0,pro_2281,0.9844789505004883
682,COC1CC=C(OC)C(COc2ccc(O)c(c2)C(O)=O)=C1,0.0,pro_2281,0.18787870618204275
683,COC1CC=C(OC)C(COc2ccc(O)c(c2)C(=O)OC)=C1,0.0,pro_2281,0.2564577559630076
684,Cn1c(nc(C(=O)NCc2ccc(F)cc2)c(O)c1=O)C1CCOCC1,1.0,pro_427,0.9654718041419983
685,Cn1c(nc(C(=O)NCc2ccc(F)cc2S(C)(=O)=O)c(O)c1=O)C1CCOCC1,1.0,pro_427,0.9722080230712891
686,FC(F)(F)c1c(ccn2c(CC3CC3)nnc12)N1CCC(CC1)c1ccccc1,1.0,pro_6167,0.5309210320313772
687,COc1ccc(nc1)C(=O)Nc1ccc2Oc3c(F)nc(cc3C3(CCSC(N)=N3)c2c1)-c1cncc(F)c1,1.0,pro_5516,0.9989839196205139
688,CN1[C@@H]2CCC1C([C@H](C2)OC(=O)c1ccccc1)C(O)=O,0.0,pro_6088,0.3519730617602666
689,Cc1nc(C)c(nc1C(N)=O)-c1ccc(cc1)[C@H]1CC[C@H](CC(O)=O)CC1,1.0,pro_6088,0.5200743675231934
690,Cn1cc(cn1)-c1cc2cnc(Nc3ccc(cc3Cl)-c3cnccn3)cc2n1C(=O)OC(C)(C)C,0.0,pro_2228,0.2848971063892047
691,Clc1ccc(CNC(=O)c2ccc(N3CC4CC(C3)c3cccc(=O)n3C4)c(NS(=O)(=O)c3ccc4OCCOc4c3)c2)cc1,0.0,pro_5516,0.0861301066664358
692,O=C(NCc1ccccc1)c1ccc(N2CC3CC(C2)c2cccc(=O)n2C3)c(NS(=O)(=O)c2ccc3OCCOc3c2)c1,0.0,pro_5516,0.1228359987338384
693,Fc1ccc(CNC(=O)c2ccc(N3CC4CC(C3)c3cccc(=O)n3C4)c(NS(=O)(=O)c3ccc4OCCOc4c3)c2)cc1,0.0,pro_5516,0.12559201715824506
694,Clc1ccccc1CNC(=O)c1ccc(N2CC3CC(C2)c2cccc(=O)n2C3)c(NS(=O)(=O)c2ccc3OCCOc3c2)c1,0.0,pro_5516,0.058799904150267444
695,Cc1ccc(CNC(=O)c2ccc(N3CC4CC(C3)c3cccc(=O)n3C4)c(NS(=O)(=O)c3ccc4OCCOc4c3)c2)cc1,0.0,pro_5516,0.06167462499191364
696,OCCN(CCO)C1(C(=O)NC(=O)NC1=O)c1ccc(Oc2ccccc2)cc1,1.0,pro_2218,0.9820311268170675
697,Cc1cc(=O)oc2c1ccc1oc(=N)c(cc21)C(=O)N1CCCC1,0.0,pro_3129,0.38432424267133075
698,Cc1ccc(NC(=O)CCC(=O)OCC(=O)c2ccc(cc2)-c2ccccc2)cc1Cl,1.0,pro_634,0.37149644891421
699,Cc1ccc(NC(=O)CCC(=O)OCC(=O)c2ccc(cc2)-c2ccccc2)cc1Cl,1.0,pro_634,0.37149644891421
700,O=C1CCc2ccc(OCCCCCCN3CCC(CC3)N3CCCC3)cc2N1,1.0,pro_3129,0.9675097465515137
701,COc1cc(cc(\C=N\Nc2nc(Nc3ccccc3)nc(Nc3ccccc3)n2)c1O)[N+]([O-])=O,1.0,pro_427,0.45135223865509033
702,CC([C@@H]1[C@H]2C[C@@H](C[C@@H]12)n1cnc2cc(F)c(F)cc12)C(=O)Nc1cnc(nc1)C(F)(F)F,1.0,pro_171,0.8868717352549235
703,C[C@@H](O[C@H]1CC[C@@H]2CN(C[C@H]2[C@@H]1c1ccc(F)cc1)C1=CC(=O)CC1)c1cc(cc(c1)C(F)(F)F)C(F)(F)F,1.0,pro_6167,0.5955124100049337
704,CCCCOc1c(cnc2[nH]ncc12)C(=O)c1c(F)cc(C)cc1F,1.0,pro_2228,0.757007360458374
705,CC1Cc2ccccc2NC(=O)C1,0.0,pro_570,0.2930058538913727
706,COc1ccc(cc1)S(=O)(=O)N1CN(Cc2ccccc2)C(=O)C[C@@H]1C(=O)NO,1.0,pro_2218,0.9803874691327413
707,COc1ccc(cc1)S(=O)(=O)N1CN(Cc2ccccc2)C(=O)C[C@@H]1C(=O)NO,1.0,pro_2218,0.9803874691327413
708,CC(C)N1CCN(CC1)c1ccc(Nc2ncc3cc4C(=O)NCC5(CCCC5)n4c3n2)nc1,0.0,pro_2228,0.8649806976318359
709,CC(C)CN1CCN(CC1)c1ccc(Nc2ncc3cc4C(=O)NCC5(CCCC5)n4c3n2)nc1,0.0,pro_2228,0.8506138523419698
710,CN1CC2(CCCC2)n2c(cc3cnc(Nc4ccc(cn4)N4CCNCC4)nc23)C1=O,0.0,pro_2228,0.5615911483764648
711,O=C1NCC2(CCCC2)n2c1cc1cnc(Nc3ccc(cn3)N3CCNCC3)nc21,0.0,pro_2228,0.620703712105751
712,CN1CCN(CC1)c1ccc(Nc2ncc3cc4C(=O)NCC5(CCCC5)n4c3n2)nc1,0.0,pro_2228,0.818562924861908
713,CO[C@@H]1[C@@H](C)C[C@]2(Cc3ccc(cc3[C@]22N=C(N)N(Cc3ncc(F)cn3)C2=O)C#N)C[C@H]1C,1.0,pro_5516,0.9964659412701925
714,CN1CCCn2c1nc1ccc(OCc3ccccc3)cc1c2=O,0.0,pro_3129,0.713095506032308
715,Cc1cc2ccnc(N[C@@H]3CCNC[C@@H]3C(=O)NC3CCCCC3)c2[nH]c1=O,0.0,pro_570,0.6823475708564123
716,Cc1cc2ccnc(N[C@@H]3CCNC[C@H]3C(=O)NC3CCCCC3)c2[nH]c1=O,0.0,pro_570,0.6959621459245682
717,C\C=C\c1cnc(N[C@@H]2CCNC[C@H]2C(=O)NC2CCCCC2)c2[nH]c(=O)c(C)cc12,1.0,pro_570,0.881793220837911
718,CC1(CO)[C@@H](O)CC[C@@]2(C)C1C[C@H](O)[C@@]1(C)Oc3cc(oc(=O)c3C(=O)C21)-c1ccccc1,0.0,pro_5467,0.5424834291140238
719,COc1ccc(cc1OC)-c1cc2O[C@]3(C)[C@@H](O)CC4C(C)(CO)[C@@H](O)CC[C@]4(C)C3C(=O)c2c(=O)o1,0.0,pro_5467,0.5335217714309692
720,COc1cccc(c1)-c1cc2O[C@]3(C)[C@@H](O)CC4C(C)(CO)[C@@H](O)CC[C@]4(C)C3C(=O)c2c(=O)o1,0.0,pro_5467,0.5517954428990682
721,O=C(COc1cc(=O)oc2ccccc12)N1CCC(Cc2ccccc2)CC1,0.0,pro_3129,0.6914810736974081
722,N[C@@H]([C@H]1CC[C@@H](CC1)NC(=O)c1cnc2ccccc2c1)C(=O)N1CCSC1,1.0,pro_2655,0.9330743352572123
723,S=C(CNC1CCCCC1)N1CCCC1,0.0,pro_2655,0.3137004276116689
724,COC(=O)N1[C@@H](C)CCc2c1ccc1n(CCN3CCC4(COC4)CC3)c(Cc3ccccc3)nc21,0.0,pro_570,0.13338434975594282
725,F[C@@H]1CN(CC[C@@H]1Oc1ccc(cc1C#N)-c1ncnc(Nc2ccc(cc2)N2CCN(CC2)C2COC2)n1)C(=O)C1CCNC1=O,0.0,pro_1546,0.5802892744541168
726,CC(C)n1cc(cn1)-c1ccc2c(c1)n([C@@H](C1CCOCC1)c1ccccc1)c1cc(cnc21)-c1c(C)nnn1C,1.0,pro_570,0.7699711422125498
727,Fc1ccc2n(CCC(=O)N3c4ccccc4Sc4ccccc34)c3ccncc3c2c1,1.0,pro_3129,0.804195761680603
728,O=C(CCn1c2ccccc2c2cnccc12)N1c2ccccc2Sc2ccccc12,1.0,pro_3129,0.8468408187230428
729,O=C(C[C@@H]1C[C@H](NC1=O)C(=O)N1CCC[C@H]1C#N)N1CCCCC1,0.0,pro_2655,0.28735391795635223
730,CC=C1N(C)C(C)CC1(c1ccccc1)c1ccccc1,0.0,pro_6088,0.4591622408479452
731,C(NCc1ccccc1)C=C1CCCCC1,0.0,pro_2655,0.10174563278754552
732,COc1ccc(CNCC(F)=C2CCCCC2)cc1,0.0,pro_2655,0.10479487478733063
733,FC(CNCc1cccc(c1)C(F)(F)F)=C1CCCCC1,0.0,pro_2655,0.06363940518349409
734,FC(CNCc1ccc(F)cc1)=C1CCCCC1,0.0,pro_2655,0.07881205901503563
735,Fc1ccc(CNC(=O)CCC(=O)NCC(=O)N2CCC[C@H]2C#N)cc1,0.0,pro_2655,0.24582231044769287
736,COc1ccc2N(C)C3N(CCc4ccccc34)Cc2c1,0.0,pro_3129,0.7849180102348328
737,CN1C2N(CCc3ccccc23)Cc2ccccc12,0.0,pro_2892,0.6496881246566772
738,CN1C2N(CCc3ccccc23)Cc2cc(O)ccc12,0.0,pro_2892,0.5707853486140569
739,CN1C2N(CCc3ccccc23)Cc2cc(O)ccc12,0.0,pro_2892,0.5707853486140569
740,COc1ccc2N(C)C3N(CCc4ccccc34)Cc2c1,0.0,pro_3129,0.7849180102348328
741,CN1C2N(CCc3ccccc23)Cc2cc(O)ccc12,0.0,pro_2892,0.5707853486140569
742,CN1C2N(CCc3ccccc23)Cc2ccccc12,0.0,pro_2892,0.6496881246566772
743,CN1C2N(CCc3ccccc23)Cc2ccccc12,0.0,pro_2892,0.6496881246566772
744,Oc1ccc(\C=N\N2CCN(CC2)c2ccccc2)cc1O,0.0,pro_427,0.5406824946403503
745,Oc1ccc(\C=N\N2CCN(CC2)c2ccccc2)cc1O,0.0,pro_427,0.5406824946403503
746,C[C@]1(Cn2c(cnc2C(N)=N1)C#N)c1cc(NC(=O)c2ccc(cn2)C#N)ccc1F,1.0,pro_5516,0.9920417666435242
747,C[C@]1(Cn2ccnc2C(N)=N1)c1cc(NC(=O)c2ccc(cn2)C#N)ccc1F,1.0,pro_5516,0.9916733702023824
748,OC(=O)c1cc(-c2ccc(cc2)C23CCN(CC2)CC3)c2ccc(cc2c1)-c1ccc(cc1)C(F)(F)F,1.0,pro_6167,0.6907050808270773
749,COc1ccc(CC(O)=O)cc1-c1ccc(cc1CN1[C@@H](C)[C@H](OC1=O)c1ccccc1)C(F)(F)F,1.0,pro_6167,0.741275429725647
750,O=C(CN1CCCCC1)Nc1n[nH]c2ncccc12,1.0,pro_2892,0.5731264799833298
751,O=C(CN1CCCCC1)Nc1n[nH]c2ncccc12,1.0,pro_2892,0.5731264799833298
752,Clc1cncc(Cl)c1Nc1nc2ccncc2c2c1cc[nH]c2=O,1.0,pro_1546,0.8235907355944315
753,Fc1ccc(Nc2ncnc3ccc(NC(=S)NCCN4CCCCC4)cc23)cc1Cl,1.0,pro_2281,0.9903521537780762
754,COc1ccc(cc1)C(=O)Nc1ccc(cc1)S(=O)(=O)NC(CC#CCOc1ccccc1)C(O)=O,1.0,pro_2218,0.9417266249656677
755,OC(=O)C(CC#CCOc1ccccc1)NS(=O)(=O)c1ccc(NC(=O)c2ccc(Br)cc2)cc1,1.0,pro_2218,0.9445708195368449
756,CC(C)(C)N1CCC(CC1)N1NNC(=C1)[C@@H](Nc1cc(Cl)c2ncc(C#N)c(Nc3ccc(F)c(Cl)c3)c2c1)c1cscn1,1.0,pro_2281,0.988988200823466
757,NC1=NC2(CO1)c1cc(Nc3ccccn3)ccc1OCC21COC1,1.0,pro_5516,0.8038749893506368
758,CN(C)CCC(=O)N1CC(C1)C#Cc1ccc2c(c1)occ(-c1ccc(NS(C)(=O)=O)cc1)c2=O,0.0,pro_634,0.029389323045810063
759,CS(=O)(=O)Nc1ccc(cc1)-c1coc2cc(ccc2c1=O)C#CC1CNC1,0.0,pro_634,0.03273115074262023
760,CC(C)(C)OC(=O)N1CC(C1)C#Cc1ccc2c(c1)occ(-c1ccc(NS(C)(=O)=O)cc1)c2=O,0.0,pro_2714,0.02864269260317087
761,CN(C)CCC(=O)N1CC(C1)C#Cc1ccc2c(c1)occ(-c1ccc(NS(C)(=O)=O)cc1)c2=O,0.0,pro_634,0.029389323045810063
762,COCCC(=O)N1CC(C1)C#Cc1ccc2c(c1)occ(-c1ccc(NS(C)(=O)=O)cc1)c2=O,0.0,pro_634,0.01961201204297443
763,CS(=O)(=O)Nc1ccc(cc1)-c1coc2cc(ccc2c1=O)C#CC1CN(C1)C(=O)CO,0.0,pro_634,0.07168228963079552
764,CS(=O)(=O)Nc1ccc(cc1)-c1coc2cc(ccc2c1=O)C#CC1CN(C1)C(=O)CO,0.0,pro_634,0.07168228963079552
765,CN1CCC=C(C1)c1nsnc1OCCCOCCCC(=O)NCCCCNc1c2CCCCc2nc2ccccc12,1.0,pro_2892,0.9900394876797994
766,CN1CCC=C(C1)c1nsnc1OCCCOCCCC(=O)NCCCCNc1c2CCCCc2nc2ccccc12,1.0,pro_2892,0.9900394876797994
767,CC(C)C[C@H](NC(=O)[C@H](CCC(N)=O)NC(=O)[C@H](CCCCN)NC(=O)[C@H](CCCNC(N)=N)NC(=O)[C@@H]1CCCN1C(=O)[C@H](C)NC(=O)[C@H](CCCCN)NC(=O)CNC(=O)CNC(=O)[C@@H](NC(=O)[C@H](CO)NC(=O)[C@H](CCCCN)NC(=O)[C@H](CCCNC(N)=N)NC(=O)[C@H](C)NC(=O)[C@@H](NC(=O)[C@H](CCC(N)=O)NC(=O)[C@H](CCCCNC1CC1c1ccccc1)NC(=O)[C@@H](NC(=O)[C@H](CCCNC(N)=N)NC(=O)[C@@H](C)N)[C@H](C)O)[C@H](C)O)[C@H](C)O)C(=O)N[C@@H](C)C(O)=O,0.0,pro_634,0.10428396059432998
768,C[C@H](O)[C@H](NC(=O)[C@H](CO)NC(=O)[C@H](CCCCN)NC(=O)[C@H](CCCNC(N)=N)NC(=O)[C@H](C)NC(=O)[C@@H](NC(=O)[C@H](CCC(N)=O)NC(=O)[C@H](CCCCNC1CC1c1ccccc1)NC(=O)[C@@H](NC(=O)[C@H](CCCNC(N)=N)NC(=O)[C@@H](C)N)[C@H](C)O)[C@H](C)O)C(=O)NCC(=O)NCC(=O)N[C@@H](CCCCN)C(=O)N[C@@H](C)C(=O)N1CCC[C@H]1C(=O)N[C@@H](CCCNC(N)=N)C(O)=O,0.0,pro_634,0.11841154581634328
769,C[C@H](O)[C@H](NC(=O)[C@H](CO)NC(=O)[C@H](CCCCN)NC(=O)[C@H](CCCNC(N)=N)NC(=O)[C@H](C)NC(=O)[C@@H](NC(=O)[C@H](CCC(N)=O)NC(=O)[C@H](CCCCNC1CC1c1ccccc1)NC(=O)[C@@H](NC(=O)[C@H](CCCNC(N)=N)NC(=O)[C@@H](C)N)[C@H](C)O)[C@H](C)O)C(=O)NCC(=O)NCC(=O)N[C@@H](CCCCN)C(=O)N[C@@H](C)C(=O)N1CCC[C@H]1C(=O)N[C@@H](CCCNC(N)=N)C(O)=O,0.0,pro_634,0.11841154581634328
770,CC(C)C[C@H](NC(=O)[C@H](CCC(N)=O)NC(=O)[C@H](CCCCN)NC(=O)[C@H](CCCNC(N)=N)NC(=O)[C@@H]1CCCN1C(=O)[C@H](C)NC(=O)[C@H](CCCCN)NC(=O)CNC(=O)CNC(=O)[C@@H](NC(=O)[C@H](CO)NC(=O)[C@H](CCCCN)NC(=O)[C@H](CCCNC(N)=N)NC(=O)[C@H](C)NC(=O)[C@@H](NC(=O)[C@H](CCC(N)=O)NC(=O)[C@H](CCCCNC1CC1c1ccccc1)NC(=O)[C@@H](NC(=O)[C@H](CCCNC(N)=N)NC(=O)[C@@H](C)N)[C@H](C)O)[C@H](C)O)[C@H](C)O)C(=O)N[C@@H](C)C(O)=O,0.0,pro_634,0.10428396059432998
771,O=C(NCCc1c[nH]c2ccccc12)c1cccc(c1)-c1ccccc1,0.0,pro_2228,0.04106571711599827
772,COCCC1(CCN(CC1)S(=O)(=O)C[C@H]1CC[C@@H](CC1)N(C)c1ncnc2[nH]ccc12)C(N)=O,1.0,pro_1546,0.9916310707728068
773,C[C@@H]1C[C@@H](CS(=O)(=O)N2CCC[C@@H](O)C2)CC[C@@H]1N(C)c1ncnc2[nH]ccc12,1.0,pro_1546,0.9876972635587057
774,COC(=O)c1sccc1S(=O)(=O)Nc1ccc2nc3-c4[nH]c5ccccc5c4CCn3c(=O)c2c1,0.0,pro_3129,0.4407038812836011
775,Nc1ncccc1NCc1cccc(c1)-c1cccnc1,0.0,pro_5516,0.44570940267294645
776,COc1cncc(c1)-c1cccc(CNc2cccnc2N)c1,1.0,pro_5516,0.31296077246467274
777,O=C(CNC(=O)C1=CC=NC2=NC=CC12)N1CCC[C@H]1C#N,0.0,pro_2655,0.44437937748928863
778,CCn1c2nc(\C=C\c3ccc(OC)c(OC)c3)n(C)c2c(=O)n(CC)c1=O,1.0,pro_6167,0.25407248238722485
779,NC(=O)c1c(N)n(nc1-c1ccc(Oc2cccc(n2)C(F)(F)F)cc1)C1CCCN(C1)C#N,1.0,pro_2281,0.9420967499415079
780,NC(=O)c1c(N)n(nc1-c1ccc(Oc2ncc(Cl)cc2F)cc1)C1CCCN(C1)C(=O)C=C,1.0,pro_2281,0.9696368376413981
781,NC(=O)c1c(N)n(nc1-c1ccc(Oc2cccc(n2)C(F)(F)F)cc1)[C@@H]1CCCN(C1)C#N,1.0,pro_2281,0.94734787940979
782,CCCc1c(OCCCCc2nnn[nH]2)ccc(C(C)=O)c1O,1.0,pro_3741,0.9145263234774271
783,O=S(=O)(N1CCc2cc(ccc12)C1CC1NCC1CCNCC1)c1ccc(cc1)-c1ccccc1,0.0,pro_634,0.2684114674727122
784,COc1cccc(CNC[C@@H](O)[C@H](Cc2ccccc2)NC(=O)C2=CN(CC(=O)OC(C)C)C(C)=C(C2C)C(C)=O)c1,1.0,pro_5516,0.9572951793670654
785,CC(=O)N1CCN(CC1)C(=O)CC1(CC1)[C@H]1COC[C@@H](C2CC2)N1S(=O)(=O)c1ccc(F)cc1,1.0,pro_6167,0.909205694993337
786,CC(C)N1CCN[C@H](C1)C(=O)N1CCN(CC1)C(=O)Nc1ccc(Cl)c(Cl)c1,0.0,pro_6088,0.5589083482821783
787,COC(=O)N1[C@@H](C)CCc2c1ccc1n([C@@H]3CCC[C@H](C3)C(O)=O)c(nc21)C1(CC1)c1cnccn1,0.0,pro_570,0.49929144730170566
788,Nc1nonc1-c1nc2ccccc2n1CC(=O)Nc1ccc2ccccc2c1,0.0,pro_3129,0.5384788910547892
789,NC(=O)c1cn(nc1Nc1ccc(cc1)S(=O)(=O)NCCN1CCOCC1)[C@@H]1CCCC[C@H]1C#N,1.0,pro_1546,0.9899477362632751
790,CN(C)S(=O)(=O)c1ccc(Nc2nn(c3cc[nH]c(=O)c23)C2(CC#N)CCN(CC2)C(=O)OC2CCSCC2)cc1,1.0,pro_1546,0.989210844039917
791,NCc1ncc(s1)S(=O)(=O)c1cc2ccccc2c2ccccc12,0.0,pro_634,0.18515842811514935
792,NCc1ncc(s1)S(=O)(=O)c1cc2ccccc2c2ccccc12,0.0,pro_634,0.18515842811514935
793,CN(C)Cc1ccc(C(=O)NCc2ccco2)c(O)c1O,0.0,pro_427,0.5483696460723877
794,CN(C)Cc1ccc(C(=O)NCc2ccco2)c(O)c1O,0.0,pro_427,0.5483696460723877
795,Nc1cccc(C(=O)NCc2ccco2)c1O,0.0,pro_427,0.3041894535223643
796,[O-][N+](=O)c1ccc(o1)-c1nc2ccccc2[nH]1,1.0,pro_2218,0.5571972032388052
797,CS(=O)(=O)c1ccc(cc1)-c1nc(NCCCc2cccs2)cc(n1)C(F)(F)F,0.0,pro_3741,0.2960873891909917
798,CN(C)CCOC(c1ccccc1)c1ccccc1C,1.0,pro_6167,0.4160819451014201
799,Oc1ccc(Cl)cc1Cc1cc(Cl)ccc1O,0.0,pro_171,0.6544461250305176
800,OC(=O)CCCNC(=O)CCCCC(=O)C(c1ccccc1)c1ccccc1,0.0,pro_5516,0.07087903465920438
801,ON=CNc1ccc(Cc2ccccc2)cc1,0.0,pro_6167,0.3216232756773631
802,COC(=O)C(\O)=C\C(=O)c1cccc(Cc2ccccc2F)c1,1.0,pro_427,0.8649898767471313
803,COc1cc(OC)c(cc1O)[C@H](C=C)c1ccccc1O,0.0,pro_5516,0.24008179952700934
804,CC(C)(C)OC(=O)N1CCC(CC#N)(CC1)n1cc(C(N)=O)c(Nc2ccnc(N)c2)n1,1.0,pro_1546,0.9878634611765543
805,NC(=O)c1cn(nc1Nc1ccnc(F)c1)C1(CC#N)CCN(CC1)C(=O)OCC(F)F,1.0,pro_1546,0.9927803675333658
806,C[C@@]1(N)Cc2cccc(CC[C@@H](NC(=O)c3cc(COC1=O)cc(c3)N(c1ccccc1)S(C)(=O)=O)c1ccccc1)c2,1.0,pro_5516,0.8859559496243795
807,CN1C(=O)N(CCCCCC(=O)N2CCN(CC2)c2ccc3nnc(Cl)n3n2)C(c2ccccc2)c2cc(ccc12)-c1c(C)noc1C,1.0,pro_570,0.9025942881902059
808,CCN(CCO)C(=O)c1cc2ccccn2c1-c1cccc(OC)n1,1.0,pro_6088,0.6010751227537791
809,Cc1oc(=O)oc1COC(=O)c1ccc2n(C)c(=O)c3n(Cc4cc(F)ccc4Cl)c(nc3c2c1)N1CCC[C@@H](N)C1,1.0,pro_2655,0.9743197361628214
810,Cc1oc(=O)oc1COC(=O)c1ccc2n(C)c(=O)c3n(Cc4ccccc4Cl)c(nc3c2c1)N1CCC[C@@H](N)C1,1.0,pro_2655,0.9575657645861307
811,Cc1cc(C=C2C(=O)C=CC2=O)cc(C)c1O,0.0,pro_2281,0.6278364857037863
812,CC(C)(C)c1cc(C=C2C(=O)C=CC2=O)cc(c1O)C(C)(C)C,0.0,pro_2281,0.4171794056892395
813,Fc1ccc(Nc2c(cnc3ccc(NC(=O)C(=C)CN4CCOCC4)cc23)C#N)cc1Cl,0.0,pro_2281,0.9398162563641866
814,Fc1cccc(COc2ccc(Nc3ncnc4cc(sc34)-c3ccc(CNCC#N)o3)cc2Cl)c1,1.0,pro_2281,0.9922284881273905
815,CN(C)Cc1ccc(o1)-c1cc2ncnc(Nc3ccc(OCc4cccc(F)c4)c(Cl)c3)c2s1,1.0,pro_2281,0.992936929066976
816,O=C(Nc1ccccc1)C(CC(=O)c1ccccc1)N1CCOCC1,0.0,pro_2892,0.5026082297166189
817,Cc1ccc(C)c(c1)C(=O)CC(N1CCOCC1)C(=O)Nc1ccccc1,1.0,pro_3129,0.6028280456860861
818,COc1ccc(cc1)C(=O)CC(N1CCOCC1)C(=O)Nc1ccccc1,0.0,pro_3129,0.5491995215415955
819,CC(C)c1ccc(cc1)C(=O)CC(N1CCOCC1)C(=O)Nc1ccccc1,0.0,pro_2892,0.5574705203374227
820,CN1CCN(CC1)c1ccc(Nc2ncc3C(=O)CC4N(c3n2)C(C)(C)CNC4=O)nc1,0.0,pro_2228,0.24826558927694956
821,COc1ccc(NC(=S)Nc2nc(cs2)-c2cc3cccc(OC)c3oc2=O)cc1,1.0,pro_2892,0.5271302958329519
822,NC(=S)NN=Cc1ccc(O[C@@H]2OC[C@@H](OC(=O)c3ccccc3)[C@@H](OC(=O)c3ccccc3)[C@H]2OC(=O)c2ccccc2)cc1,1.0,pro_2892,0.5962219138940176
823,CO\N=C/c1ccc(O[C@@H]2OC[C@@H](OC(=O)c3ccccc3)[C@@H](OC(=O)c3ccccc3)[C@H]2OC(=O)c2ccccc2)cc1,1.0,pro_3129,0.5778131286303202
824,O=Cc1ccc(O[C@@H]2OC[C@@H](OC(=O)c3ccccc3)[C@@H](OC(=O)c3ccccc3)[C@H]2OC(=O)c2ccccc2)cc1,0.0,pro_3129,0.5596907238165537
825,O=NCc1ccc(O[C@@H]2OC[C@@H](OC(=O)c3ccccc3)[C@@H](OC(=O)c3ccccc3)[C@H]2OC(=O)c2ccccc2)cc1,1.0,pro_3129,0.5482359230518341
826,NC(=S)NN=Cc1ccc(O[C@@H]2OC[C@@H](OC(=O)c3ccccc3)[C@@H](OC(=O)c3ccccc3)[C@H]2OC(=O)c2ccccc2)cc1,1.0,pro_2892,0.5962219138940176
827,NC(=O)NN=Cc1ccc(O[C@@H]2OC[C@@H](OC(=O)c3ccccc3)[C@@H](OC(=O)c3ccccc3)[C@H]2OC(=O)c2ccccc2)cc1,1.0,pro_3129,0.46159754196802777
828,O=Cc1ccc(O[C@@H]2OC[C@@H](OC(=O)c3ccccc3)[C@H](OC(=O)c3ccccc3)[C@H]2OC(=O)c2ccccc2)cc1,1.0,pro_2892,0.5136366089185079
829,CCN1CCC2(C[C@@H]2C(=O)N[C@@H](CCCCCC(=O)CC)c2ncc(o2)-c2cc3cn(C)nc3cc2OC)CC1,0.0,pro_6088,0.5196959301829338
830,COC(=O)c1cc(Cn2c(=O)cc(N3CCC[C@@H](N)C3)n(CC#CC)c2=O)ccc1F,1.0,pro_2655,0.9645784298578898
831,COC(=O)c1cc(Cn2c(=O)cc(N3CCC[C@@H](N)C3)n(CC#CC)c2=O)ccc1Br,1.0,pro_2655,0.9590825239817301
832,CC#CCn1c(cc(=O)n(Cc2cccc(c2)C(=O)N[C@@H](C)C(O)=O)c1=O)N1CCC[C@@H](N)C1,1.0,pro_2655,0.8918420871098837
833,CC#CCn1c(cc(=O)n(Cc2ccc(Br)cc2C(O)=O)c1=O)N1CCC[C@@H](N)C1,1.0,pro_2655,0.9154696663220724
834,CC#CCn1c(cc(=O)n(Cc2cc(ccc2C(O)=O)C#N)c1=O)N1CCC[C@@H](N)C1,1.0,pro_2655,0.9490084449450175
835,COC(=O)c1ccc(F)c(Cn2c(=O)cc(N3CCC[C@@H](N)C3)n(CC#CC)c2=O)c1,1.0,pro_2655,0.966916561126709
836,COC(=O)c1cccc(Cn2c(=O)cc(N3CCC[C@@H](N)C3)n(CC#CC)c2=O)c1F,1.0,pro_2655,0.93198295434316
837,CC#CCn1c(cc(=O)n(Cc2cc(ccc2F)C(O)=O)c1=O)N1CCC[C@@H](N)C1,1.0,pro_2655,0.9581823150316874
838,COc1ccc(C(O)=O)c(Cn2c(=O)cc(N3CCC[C@@H](N)C3)n(CC#CC)c2=O)c1,1.0,pro_2655,0.9024136662483215
839,COC(=O)c1ccc(Cn2c(=O)cc(N3CCC[C@@H](N)C3)n(CC#CC)c2=O)cc1,1.0,pro_2655,0.9570217331250509
840,CC#CCn1c(cc(=O)n(Cc2cc(Br)ccc2C(O)=O)c1=O)N1CCC[C@@H](N)C1,1.0,pro_2655,0.9440548022588094
841,CCC1CN=C2N(C1)C(N)=NC21c2cc(ccc2CC11CCC(CC1)OC)-c1cc(F)cc(Cl)c1,1.0,pro_5516,0.9977882504463196
842,Cc1c2C(=O)N(CN3CCN(CC3)c3ccccc3F)C(=O)c2c(C)n1-c1cccc(Cl)c1,1.0,pro_3741,0.28707370162010193
843,COc1ccccc1N1CCN(CN2C(=O)c3c(C)n(c(C)c3C2=O)-c2ccccc2)CC1,1.0,pro_3741,0.28794287145137787
844,Cc1c2C(=O)N(CN3CCN(CC3)c3ccccc3)C(=O)c2c(C)n1-c1cccc(Cl)c1,1.0,pro_3741,0.4935690065224965
845,CCOc1ccccc1N1CCN(CN2C(=O)c3c(C)n(c(C)c3C2=O)-c2ccccc2)CC1,1.0,pro_3741,0.36019503076871234
846,Cc1c2C(=O)N(CN3CCN(CC3)c3ccccc3)C(=O)c2c(C)n1-c1ccccc1,1.0,pro_3741,0.5183733701705933
847,COc1ccc(cc1)C(CCc1ccc(O)cc1OC)c1c(OC)cc(\C=C\c2ccc(O)cc2)cc1OC,1.0,pro_2655,0.11576896533370018
848,OC(CC1c2ccccc2-c2cncn12)C1CCNCC1,0.0,pro_171,0.9356892307599386
849,OC(CC1c2ccccc2-c2cncn12)C1CCNCC1,0.0,pro_171,0.9356892307599386
850,O=C(N1CCCC1)c1cnc(CCc2ccccc2)[nH]1,0.0,pro_2218,0.07316431713600953
851,OC(=O)COc1ccccc1\C=N\NC(=O)CSc1nc2ccccc2[nH]1,0.0,pro_427,0.34570419291655224
852,OC(=O)COc1ccccc1\C=N\NC(=O)CSc1nc2ccccc2[nH]1,0.0,pro_427,0.34570419291655224
853,CC#CCn1c(nc2cnn(CC3=Nc4ccccc4Oc4ccccc34)c(=O)c12)N1CCC[C@@H](N)C1,1.0,pro_2655,0.9508132735888163
854,NC\C(COc1ccc(cc1)S(=O)(=O)CC12CCC(CC1)(CC2)C1(O)CC1)=C/F,1.0,pro_2714,0.946871300538381
855,CC1(C)SCCN([C@H]1C(=O)NO)S(=O)(=O)c1ccc(Oc2ccncc2)cc1,1.0,pro_2218,0.9951187372207642
856,CN1CCN(CC1)c1nccc(NCc2ccccc2)n1,0.0,pro_3129,0.7514046827952067
857,OCCN1CCN(CC1)c1nccc(NCc2ccccc2)n1,1.0,pro_5467,0.7416559060414633
858,Cc1cc(O)c(C(=O)\C=C\c2ccc(Br)s2)c(=O)o1,0.0,pro_427,0.5563412606716156
859,CCNC(=O)CC1N=C(c2c(C)c(C)sc2-c2cn(C)c(=O)cc12)c1ccc(Cl)cc1,1.0,pro_570,0.9850276907285055
860,FC(F)(F)c1ccc(Oc2ccc3nc(ccc3c2)C(=O)N2CCC2)nc1,1.0,pro_6088,0.8250419100125631
861,CC(=O)Nc1cc(ccn1)C(=O)Nc1cncc(OCC2CCN(Cc3ccc(F)cc3)CC2)c1,1.0,pro_5467,0.947015643119812
862,CC(C)CS(=O)(=O)N1CCC[C@@H](C1)Nc1ncccc1-c1cnc2[nH]ncc2n1,1.0,pro_1546,0.7341073056062063
863,Fc1ccc(Nc2c(cnc3c(Cl)cc(N[C@H](C4=CN(CC#N)NN4)c4cscn4)cc23)C#N)cc1Cl,1.0,pro_2281,0.9916114409764608
864,NCCN1NNC(=C1)[C@@H](Nc1cc(Cl)c2ncc(C#N)c(Nc3ccc(F)c(Cl)c3)c2c1)c1cscn1,1.0,pro_2281,0.9887310067812601
865,CC1(CC1)[C@@H]1C[C@@H]2CSC(N)=N[C@@]2(CO1)c1ccc(F)cc1F,0.0,pro_5516,0.9819182356198629
866,NC1=N[C@@]2(CO[C@@H](C[C@@H]2CS1)C1CC1)c1ccccc1F,1.0,pro_5516,0.9743581612904867
867,NC1=N[C@@]2(CO[C@@H](C[C@@H]2[C@H](CF)S1)C1CC1)c1ccc(F)cc1F,0.0,pro_5516,0.9837949872016907
868,NC1=N[C@@]2(CO[C@@H](C[C@@H]2CS1)C1CC1)c1ccc(F)cc1F,0.0,pro_5516,0.9844503601392111
869,S=C(CNC1CCCCC1)N1CCCCC1,0.0,pro_2655,0.32453978558381397
870,CCc1ccc(Sc2c(N)c3C(=O)c4ccccc4C(=O)c3c(N)c2Sc2ccc(CC)cc2)cc1,0.0,pro_5516,0.25227562089761096
871,CC(C)(C)S(=O)(=O)c1ccc(Nc2nn(c3cc[nH]c(=O)c23)[C@@]2(CC#N)CCOC2)cc1,1.0,pro_1546,0.9913349151611328
872,CC(C)N(CC(=O)NO)C(=O)CN(CCc1ccc(F)cc1)C(=O)Nc1ccc(Oc2ccccc2)cc1,0.0,pro_2218,0.5995289608836174
873,Cc1nnc2CCc3cc(ccc3-n12)-c1cncc(c1)[C@@](C)(O)C(F)(F)F,1.0,pro_6088,0.41995248198509216
874,Cc1c(Cc2ccccc2)sc(NCC(=O)COc2ccc3ccccc3c2)c1C(N)=O,0.0,pro_2281,0.4420509437719981
875,OC(=O)c1ccc(cc1)-c1ccc(\C=C2/SC(=N)NC2=O)o1,1.0,pro_2228,0.7899507284164429
876,COC(=O)N1[C@@H](C)CCc2c1ccc1n(CCN3CCOCC3)c(nc21)C(C)(C)C,0.0,pro_570,0.15518101304769516
877,O=C1CCc2ccc(OCCc3ccccc3)cc2N1,0.0,pro_2714,0.7065508862336477
878,CN(C)c1nc(Cc2ccc(NC(=O)c3ccc(cc3)C(F)(F)F)cc2)nc(N(C)C)c1CC(O)=O,1.0,pro_6167,0.5444658299287161
879,CN(C)S(=O)(=O)c1ccc(Nc2nn(c3cc[nH]c(=O)c23)C2(CC#N)CCN(CC2)C(=O)OC2CCOCC2)cc1,1.0,pro_1546,0.9892240762710571
880,NC(=O)c1nn(-c2ccccn2)c2c1ccc1[nH]ncc21,1.0,pro_2228,0.774743656317393
881,CN(O)c1ccc(\C=C\C(=O)c2cc3ccccc3o2)c2ccccc12,1.0,pro_3741,0.733440081278483
882,CS(=O)(=O)c1ccc(cc1)-c1occ(Cl)c(=S)c1-c1ccc(F)cc1,0.0,pro_3741,0.7795660495758057
883,Clc1ccc(NC(=O)CN2CCCC2=O)cc1S(=O)(=O)N1CCCC1,0.0,pro_570,0.40473846594492596
884,Cc1noc(CN[C@H]2CC2c2ccccc2)n1,1.0,pro_2714,0.7333711286385854
885,C[C@H](C(=O)Nc1ccc(F)cc1)C12CC(C1)(C2)Nc1ncnc2ccccc12,1.0,pro_171,0.6622323418656985
886,C[C@H](C(=O)Nc1ccc(F)cc1)C12CC(C1)(C2)Nc1ncnc2ccc(F)cc12,1.0,pro_171,0.8713663816452026
887,O=c1n2CCc3c([nH]c4ccccc34)-c2nc2ccccc12,0.0,pro_3129,0.3934346213936806
888,CS(=O)(=O)c1ccc(cc1)-c1cc(Cl)cnc1-c1ccc(CO[C@@H]2O[C@H]([C@@H](O)[C@H](O)[C@@H]2O)C(O)=O)nc1,1.0,pro_3741,0.36573774615923565
889,CC(NC(=O)C1(N)CCN(CC1)c1ncnc2[nH]ccc12)c1ccccn1,1.0,pro_6088,0.23908061161637306
890,C[C@H](N1CC[C@@](CCC(N)=O)(OC1=O)c1ccccc1)c1ccc(OC(F)F)cc1,1.0,pro_6167,0.7994831601778666
891,C[C@H](N1CC[C@@](CCC(N)=O)(OC1=O)c1ccc(F)cc1)c1ccc(OC(F)F)cc1,1.0,pro_6167,0.7421927054723104
892,CCN(Cc1ccccc1)Cc1ccc(cc1)-c1cc2cc(OCCNC(=O)\C=C\c3cc(F)cc(F)c3)ccc2oc1=O,1.0,pro_5467,0.9590983390808105
893,CCN(Cc1ccccc1)Cc1ccc(cc1)-c1cc2cc(OCCNC(=O)\C=C\c3ccc(Cl)c(Cl)c3)ccc2oc1=O,0.0,pro_5467,0.9175458351771036
894,O=C1c2nnn(Cc3ccccc3)c2C(=O)c2nnn(Cc3ccccc3)c12,1.0,pro_171,0.7306595842043558
895,Oc1ccc(CCNc2nc3scnn3c(=O)c2[N+]([O-])=O)cc1,0.0,pro_2655,0.13652546207110086
896,Oc1ccc2CN(CCc3ccccc3)C(=O)c2c1O,1.0,pro_427,0.6757040023803711
897,CCCCNC(=O)C1N(CC(C)c2ccc(Cl)cc2)C(=O)c2ccccc12,1.0,pro_6088,0.6614692111810049
898,CCOC(=O)c1cnc2ccccc2c1N1CCN(CC(=O)Nc2n[nH]c3ncccc23)CC1,0.0,pro_2892,0.44247262676556903
899,Clc1ccc2c(ccnc2c1)N1CCN(CC(=O)Nc2n[nH]c3ncccc23)CC1,0.0,pro_3129,0.2732200523217519
900,CCOC(=O)c1cnc2ccccc2c1N1CCN(CC(=O)Nc2n[nH]c3ncccc23)CC1,0.0,pro_2892,0.43506018320719403
901,CCOC(=O)c1cnc2ccc(C)cc2c1N1CCN(CC(=O)Nc2n[nH]c3ncccc23)CC1,0.0,pro_3129,0.48777978618939716
902,C[C@H](O)C(=O)N1CC[C@H](COc2cc(cc(c2)-c2ncnc(Nc3ccc(cc3)N3CCN(CC3)C3COC3)n2)C#N)C1,0.0,pro_1546,0.6341889897982279
903,OCC(=O)N1CC[C@H](COc2cc(cc(c2)-c2ncnc(Nc3ccc(cc3)N3CCN(CC3)C3COC3)n2)C#N)C1,0.0,pro_1546,0.5253909230232239
904,NS(=O)(=O)OC[C@@H]1C[C@H](C[C@@H]1O)n1ccc2c(N[C@H]3CCc4ccccc34)ncnc12,1.0,pro_6088,0.14057986438274384
905,NC\C(COc1ccc(cc1)S(=O)(=O)COC1CCOCC1)=C/F,1.0,pro_2714,0.94606480995814
906,CCOC(=O)c1cnc(s1)-c1ccncc1,0.0,pro_2228,0.26795122399926186
907,CCOC(=O)c1sc(nc1NC)-c1ccncc1,0.0,pro_2228,0.3360399703184764
908,CCOC(=O)c1sc(nc1C)-c1ccncc1,0.0,pro_2228,0.17051651825507483
909,CCOC(=O)c1sc(nc1O)-c1ccncc1,0.0,pro_2228,0.16076679279406866
910,CCOC(=O)c1sc(nc1N)-c1ccncc1,0.0,pro_2228,0.38386080662409466
911,NC(=O)c1sc(nc1O)-c1ccncc1,0.0,pro_2228,0.3753446241219838
912,CCOC(=O)c1sc(nc1O)-c1ccnc(CC)c1,0.0,pro_2228,0.07424734284480412
913,CCOC(=O)c1sc(nc1N(C)C)-c1ccncc1,0.0,pro_2228,0.24540768563747406
914,CCOC(=O)c1sc(nc1OC)-c1ccncc1,0.0,pro_2228,0.25643373280763626
915,OC(=O)c1sc(nc1O)-c1ccncc1,0.0,pro_2228,0.20403057585159937
916,CN(C)C(=O)c1sc(nc1O)-c1ccncc1,0.0,pro_2228,0.10310539851586024
917,CNC(=O)c1sc(nc1O)-c1ccncc1,0.0,pro_2228,0.232825701435407
918,CN1C(NC(N)=N)=NC(=O)C1=Cc1cc(c(O)c(c1)C(C)(C)C)C(C)(C)C,0.0,pro_3741,0.756935695807139
919,CC(C)C[C@H]1N([C@@H](C(=O)N(C)CCO)c2coc(C)n2)C(=O)[C@H](NC1=O)C1Cc2ccccc2C1,0.0,pro_6167,0.25534674525260925
920,CC(C)C[C@H]1N([C@@H](C(=O)NC(C)C)c2coc(C)n2)C(=O)[C@H](NC1=O)C1Cc2ccccc2C1,0.0,pro_6167,0.356707567969958
921,S=c1oc(nn1CCC#N)-c1ccc(OCc2ccccc2)cc1,1.0,pro_634,0.8817105889320374
922,C[C@@]1(N=C(N)S[C@]2(C[C@@H]12)C(=O)NCC(F)F)c1cc(\C=C(/F)c2cnc(OCC#C)cn2)cnc1F,1.0,pro_5516,0.9977720578511556
923,Cn1c(O)c(C(=O)NCc2ccccc2)c(=O)n(O)c1=O,1.0,pro_427,0.8967482248942057
924,COC(=O)C(Cc1ccc(F)cc1)NC(=O)[C@H](CCC(O)=O)NC(=O)\C=C\c1ccc(OC)c(OC)c1,0.0,pro_2218,0.44796989609797794
925,Cc1ccc(cc1)-c1ccc(s1)S(=O)(=O)N(CCN1CCOCC1)[C@@H]1CC=CCN(O)C1=O,1.0,pro_2218,0.9699975848197937
926,CC(=O)c1cccc(NC(=O)c2cc3ccccc3[nH]2)c1,0.0,pro_2281,0.33131452401479083
927,CC(=O)N1N=C(CC1c1cccc(c1)[N+]([O-])=O)c1ccc(cc1)-c1ccccc1,0.0,pro_5467,0.507908950249354
928,CC(=O)N1N=C(CC1c1ccc(cc1)[N+]([O-])=O)c1ccc(cc1)-c1ccccc1,0.0,pro_5467,0.49271517992019653
929,O=C(C[C@@H]1C[C@H](NC1=O)C(=O)N1CCC[C@H]1C#N)N1CCN(CC1)c1ccncc1,0.0,pro_2655,0.40152620772520703
930,Cc1cc(cc(Cl)n1)C(=O)Nc1ccc(cc1)[C@H]1CNCCO1,0.0,pro_6088,0.5540530184904734
931,Cc1cc(cc(C)n1)C(=O)Nc1ccc(cc1)[C@H]1CNCCO1,0.0,pro_6088,0.6138296822706858
932,COCCOC(=O)NC1CCC(CC1)[C@@H](NS(=O)(=O)c1ccc(cc1)-c1ccc(OC)cc1)C(O)=O,1.0,pro_2218,0.9875614841779073
933,COc1ccc(cc1)-c1ccc(cc1)S(=O)(=O)N[C@H](C1CCCCC1)C(O)=O,1.0,pro_2218,0.9784915645917257
934,COCCOC(=O)N(C)C1CCCC(C1)C(NS(=O)(=O)c1ccc(cc1)-c1ccc(OC)cc1)C(O)=O,1.0,pro_2218,0.9846304257710775
935,C[C@@H]1CN([C@H](Cc2cc(ccc2F)-c2ncccn2)CO1)C(=O)c1cccc(C)c1-n1nccn1,1.0,pro_6167,0.8439930478731791
936,C[C@@H]1CN([C@H](Cc2cccc(c2)-c2ncccn2)CO1)C(=O)c1cccc(C)c1-n1nccn1,1.0,pro_6167,0.8230979442596436
937,Oc1cc(O)c2c(c1)oc(-c1ccc(O)c(O)c1)c(O)c2=O,1.0,pro_634,0.7512059013048807
938,CS(=O)(=O)Nc1ccc(O)c2c1oc(cc2=O)-c1ccccc1Cl,0.0,pro_2228,0.23073527216911316
939,COc1ccc(cc1)-c1cc(=O)c2ccccc2o1,1.0,pro_634,0.8110548853874207
940,Cc1c(O)ccc2c1oc(cc2=O)-c1ccccc1,0.0,pro_3129,0.2874802003304164
941,O=c1cc(oc2ccccc12)-c1ccccc1,0.0,pro_2281,0.31069983045260113
942,Oc1ccc(c(O)c1)-c1cc(=O)c2c(O)cc(O)cc2o1,0.0,pro_5516,0.7456523180007935
943,COc1cc2oc(cc(=O)c2c(OC)c1OC)-c1cccc(O)c1,0.0,pro_2892,0.36501112083594006
944,Nc1ccc(cc1)-c1cc(=O)c2cc(N)c(O)c(N)c2o1,0.0,pro_2281,0.2918240775664647
945,CC(C)C[C@@H](NC(=O)OC(C)(C)C)C(=O)Nc1ccc(O)c2c1oc(cc2=O)-c1ccccc1Cl,0.0,pro_2228,0.06935273980100949
946,Nc1ccc(cc1)-c1cc(=O)c2c(O)ccc(N)c2o1,0.0,pro_2281,0.3211737672487895
947,CC(C)C[C@H](NC(=O)OC(C)(C)C)C(=O)Nc1ccc(O)c2c1oc(cc2=O)-c1ccccc1Cl,0.0,pro_2228,0.05976264923810959
948,Nc1ccc(cc1)-c1cc(=O)c2cc(O)cc(N)c2o1,0.0,pro_2281,0.3436745305856069
949,COc1ccc(cc1)-c1cc(=O)c2ccc(OC)cc2o1,1.0,pro_634,0.7145920395851135
950,Oc1cc(O)c2c(c1)oc(-c1ccc(O)c(O)c1)c(O)c2=O,1.0,pro_634,0.7472635308901469
951,Oc1ccc2c(c1)oc(cc2=O)-c1ccccc1,0.0,pro_3129,0.3086755871772766
952,Oc1cc(O)c2c(c1)oc(cc2=O)-c1ccccc1,1.0,pro_3741,0.7015466690063477
953,Nc1ccc(cc1)-c1cc(=O)c2cc(N)cc(N)c2o1,0.0,pro_2281,0.28687571982542676
954,Nc1ccc(cc1)-c1cc(=O)c2ccc(O)c(N)c2o1,0.0,pro_2281,0.31827889879544574
955,Nc1ccc(cc1)-c1cc(=O)c2c(N)c(O)c(N)cc2o1,0.0,pro_2281,0.4425331751505534
956,Oc1ccc(cc1)-c1oc2cc(O)cc(O)c2c(=O)c1O,0.0,pro_2655,0.6373425523440043
957,Oc1ccc(cc1O)-c1cc(=O)c2ccc(O)c(O)c2o1,0.0,pro_2228,0.6213057289520899
958,Oc1ccc(cc1)-c1cc(=O)c2c(O)cc(O)cc2o1,0.0,pro_5467,0.4321984151999156
959,COc1cc2oc(cc(=O)c2c(OC)c1OC)-c1cccc(O)c1,0.0,pro_2892,0.34179173906644184
960,Oc1ccc2c(c1)oc(-c1ccccc1)c(O)c2=O,0.0,pro_2655,0.40594154596328735
961,Oc1cc(O)c2c(c1)oc(-c1ccc(O)c(O)c1)c(O)c2=O,1.0,pro_634,0.7472635308901469
962,Oc1ccc(c(O)c1)-c1cc(=O)c2c(O)cc(O)cc2o1,0.0,pro_5516,0.7431764602661133
963,Oc1ccc(cc1)-c1cc(=O)c2c(O)c(O)c(O)c(O)c2o1,0.0,pro_2228,0.8017178575197855
964,COc1ccc(cc1)-c1cc(=O)c2c(O)cc(O)cc2o1,0.0,pro_2281,0.5688531498114268
965,CC(C)=CCc1c(O)cc(O)c2c1oc(-c1ccc(O)cc1O)c(CC=C(C)C)c2=O,0.0,pro_3741,0.6184770067532858
966,COc1c(O)cc(O)c2c1oc(cc2=O)-c1ccccc1,1.0,pro_3741,0.654571533203125
967,Nc1ccc(cc1)-c1cc(=O)c2cccc(N)c2o1,0.0,pro_2281,0.2896688183148702
968,Oc1cc(O)c2c(c1)oc(-c1ccc(O)c(O)c1)c(O)c2=O,1.0,pro_634,0.7472635308901469
969,Oc1ccc(cc1O)-c1cc(=O)c2ccccc2o1,0.0,pro_2228,0.6185942888259888
970,CCC(C)OC(=O)Nc1ccc(O)c2c1oc(cc2=O)-c1ccccc1Cl,0.0,pro_2228,0.19421101361513138
971,Nc1cccc(c1)-c1cc(=O)c2cc(N)c(O)cc2o1,0.0,pro_2281,0.33997340500354767
972,Oc1cc2oc(cc(=O)c2c(O)c1O)-c1ccccc1,0.0,pro_2655,0.5831875205039978
973,CN(C)CCCCOc1ccc2c(oc(cc2=O)-c2ccccc2)c1C,0.0,pro_3129,0.8903541763623556
974,OC(=O)CN1C(=S)S\C(=C/c2sc(Br)c3OCCOc23)C1=O,0.0,pro_2218,0.3693856547276179
975,Fc1ccc(cc1)C(NC(=O)CCC(=O)NCC(=O)N1CCC[C@H]1C#N)c1ccc(F)cc1,0.0,pro_2655,0.3594358302652836
976,NS(=O)(=O)c1ccc(cc1)N=Nc1c2c(ccc3[nH][nH]nc23)[nH]c1=O,1.0,pro_2228,0.9019200404485067
977,Cc1cccc(Nc2ncnc3cnc(NCCN4CCOCC4)nc23)c1,1.0,pro_2281,0.8908211986223856
978,COc1cc(c(OC)cc1CN(C)C)-c1cn(C)c(=O)c(C)c1C,0.0,pro_570,0.9764886101086935
979,COc1cc(ccc1CN(C)C)-c1cc(C)c(=O)n(C)c1,0.0,pro_570,0.9822647968928019
980,COc1cc(c(OC)cc1CN(C)C)-c1cc(C)c(=O)n(C)c1C,0.0,pro_570,0.9129872520764669
981,COc1cc(cc(OC)c1CN(C)C)-c1cc(C)c(=O)n(C)c1C,1.0,pro_570,0.8799428343772888
982,COc1cc(c(OC)cc1CN(C)C)-c1cn(C)c(=O)c(C)c1C,0.0,pro_570,0.9764886101086935
983,COc1cc(cc(OC)c1CN(C)C)-c1cn(C)c(=O)c(C)c1C,1.0,pro_570,0.9715913732846578
984,FC1(F)C[C@@H](C#N)N(C1)C(=O)CNC(=O)c1csc(Cc2ccc(cc2)-c2ccc(Cl)cc2)n1,0.0,pro_2655,0.20334148903687796
985,FC1(F)C[C@@H](C#N)N(C1)C(=O)CNC(=O)c1csc(Cc2ccc(cc2)-c2ccc(cc2)C#N)n1,0.0,pro_2655,0.33332379907369614
986,CCOC(=O)C(\O)=C\C(=O)c1cn(Cc2ccc(F)cc2)c2cc(ccc2c1=O)N1CCCC1,0.0,pro_427,0.8251590728759766
987,N#CCc1nnc(Cc2nc3ccccc3[nH]2)o1,0.0,pro_2281,0.1856388095766306
988,COC(=O)C1C[C@]23CCO[C@H]2[C@@]2(C[C@@H]4C[C@]56CC(=O)O[C@H]5CCN5CC[C@]7([C@H]4N(C2)c2c7cccc2OC)[C@H]65)CN2CC[C@@]4([C@H]32)C1=Nc1ccccc41,0.0,pro_2892,0.2972359110911687
989,COC(=O)C1C[C@]23CCO[C@H]2[C@@]2(C[C@@H]4C[C@]56CC(=O)O[C@H]5CCN5CC[C@]7([C@H]4N(C2)c2c7cccc2OC)[C@H]65)[C@@H](O)N2CC[C@@]4([C@H]32)C1=Nc1ccccc41,0.0,pro_2892,0.5291145245234171
990,COC(=O)N1[C@@H](C)CCc2c1ccc1n(CC3CCS(=O)(=O)CC3)c(Cc3ccccc3)nc21,0.0,pro_570,0.2050467704733213
991,CN1C[C@@H]2C[C@H]1CN2c1cc(Nc2ncc(C)c(Nc3cccc(CO)c3)n2)c(F)c(c1)C(F)F,1.0,pro_1546,0.8799635569254557
992,CN1C[C@@H]2C[C@H]1CN2c1ccc(F)c(Nc2ncc(C)c(Nc3cccc(CO)c3)n2)c1,1.0,pro_1546,0.8175802826881409
993,CCCCNC(=O)Oc1ccc2N(C)C3=NCCCN3C(=O)c2c1,1.0,pro_3129,0.9463024536768595
994,O=C1N2CCCN=C2Nc2ccccc12,1.0,pro_2892,0.7638970017433167
995,O=C1N2CCCN=C2Nc2ccccc12,1.0,pro_2892,0.7638970017433167
996,CN1C2=NCCCN2C(=O)c2cc(O)ccc12,0.0,pro_3129,0.7325250307718912
997,CN1C2=NCCCN2C(=O)c2cc(O)ccc12,0.0,pro_3129,0.7325250307718912
998,Cc1cccn(CC2(NC(=O)NC2=O)c2ccncc2)c1=O,0.0,pro_2218,0.7586972912152609
999,Oc1ccc(-c2nnc(s2)-c2ccc(Cl)cc2Cl)c(O)c1,0.0,pro_3129,0.5103335777918497
1000,COc1ccc(OC)c(c1)-c1nnc(s1)-c1ccc(O)cc1O,0.0,pro_3129,0.3739839394887288
1001,COc1ccccc1-c1nnc(s1)-c1ccc(O)cc1O,0.0,pro_3129,0.4875030020872752
1002,Cc1cc(ccc1[N+]([O-])=O)-c1nnc(s1)-c1ccc(O)cc1O,0.0,pro_3129,0.4258905251820882
1003,COc1ccc(cc1OC)-c1nnc(s1)-c1ccc(O)cc1O,0.0,pro_3129,0.4647542138894399
1004,Oc1ccc(-c2nnc(s2)-c2ccccc2[N+]([O-])=O)c(O)c1,0.0,pro_3129,0.5461282928784689
1005,Oc1ccc(-c2nnc(s2)-c2ccc(cc2)C(F)(F)F)c(O)c1,1.0,pro_3129,0.5494484901428223
1006,Oc1ccc(-c2nnc(s2)-c2cc(Cl)cc(Cl)c2)c(O)c1,1.0,pro_2892,0.41597681244214374
1007,Oc1ccc(-c2nnc(s2)-c2ccc(O)cc2O)c(O)c1,1.0,pro_3129,0.4213542441527049
1008,COc1cc(cc(OC)c1OC)-c1nnc(s1)-c1ccc(O)cc1O,0.0,pro_3129,0.4533864160378774
1009,Oc1ccc(-c2nnc(s2)-c2cccc(c2)[N+]([O-])=O)c(O)c1,1.0,pro_3129,0.47122615575790405
1010,Oc1ccc(-c2nnc(s2)-c2ccccc2Cl)c(O)c1,0.0,pro_3129,0.37077059348424274
1011,COC(=O)N1[C@@H](C)CCc2c1ccc1n([C@H]3CC[C@@H](CC3)C(O)=O)c(nc21)C1(CC1)Oc1ccccc1,0.0,pro_570,0.4555047353108724
1012,Cc1c(cccc1-c1nc2c(OCC3CCCCC3)nc(N)nc2[nH]1)C(O)=O,0.0,pro_2228,0.09372099861502647
1013,CCc1cc2cnc(CN3CCN(CC3)c3ccc(nc3)C(=O)NC)cc2[nH]c1=O,1.0,pro_6088,0.6302639047304789
1014,CCOc1ccc(cc1)C1=NN(C(C1)c1ccc(cc1)C(=O)OC(C)Cn1c(C)ncc1[N+]([O-])=O)C(C)=O,1.0,pro_2281,0.724886417388916
1015,COC(=O)N1[C@@H](C)CCc2c1ccc1n(CCN3CCC4(CCO4)CC3)c(Cc3ccccc3)nc21,0.0,pro_570,0.08864292502403259
1016,CC(=O)c1ccc(OCCCCCCN2CCN(CC2)c2ccccn2)cc1O,1.0,pro_2892,0.9685963988304138
1017,O=C(NN1CCOCC1)Nc1csc(Cc2ccccc2)n1,0.0,pro_2228,0.2302989810705185
1018,COc1cccc(CC2CCN(CCCCOc3ccc4c(c3)oc(=O)c3ccccc43)CC2)c1,1.0,pro_5467,0.9680330554644266
1019,Nc1ncc(-c2nc(nc(n2)N2CCOCC2)N2CCOCC2)c(n1)C(F)F,0.0,pro_6167,0.20200514793395996
1020,Fc1ccc(NC(=O)C2(CCC2)c2ccc3N(CCc3c2)c2ccccn2)cc1,1.0,pro_171,0.9501122236251831
1021,Clc1ccc(NC(=O)C2(CCC2)c2ccc3N(CCc3c2)c2ccccn2)cc1,1.0,pro_171,0.9623668988545736
1022,CCn1cc(Nc2ncc(C(N)=O)c(NCC(C)C)n2)cn1,1.0,pro_1546,0.9267325003941854
1023,CC(C)CCNc1nc(Nc2cnn(CC(C)(C)C)c2)ncc1C(N)=O,1.0,pro_1546,0.9665250182151794
1024,CC(=C)CCNc1nc(Nc2cnn(c2)C(C)(C)C)ncc1C(N)=O,1.0,pro_1546,0.9758266011873881
1025,CCNC(=O)[C@@H]1C[C@H]1[C@]12COC[C@H]1CSC(N)=N2,0.0,pro_5516,0.7624935805797577
1026,CCCCC(=O)N[C@@H]1C[C@H]1[C@]12COC[C@H]1CSC(N)=N2,0.0,pro_5516,0.9138837059338888
1027,FC(F)(F)c1coc(NC(=O)C2c3ccccc3Oc3ccccc23)n1,1.0,pro_6167,0.46090614795684814
1028,CC([C@@H]1[C@H]2C[C@@H](C[C@@H]12)Oc1ccnc2ccc(F)cc12)c1nc2cc(ccc2[nH]1)C(F)(F)F,1.0,pro_171,0.9889606833457947
1029,OC12C3C4C5C3C(C3C5CC4C13)N2Cc1ccc(CNCC#C)cc1,0.0,pro_2714,0.5293605675299963
1030,Nc1ccc(CN2C3C4C5C6C4C2(O)C2C6CC5C32)cc1,0.0,pro_2714,0.20718132021526495
1031,NCc1ccc(CN2C3C4C5C6C4C2(O)C2C6CC5C32)cc1,0.0,pro_2714,0.2778085122505824
1032,CC[C@@H](NC(=O)N1CCc2cnc(NC3CCOCC3)nc2C1)c1ccc(C#N)c(Cl)c1,1.0,pro_2228,0.8938175837198893
1033,C[C@@H](NC(=O)N1CCc2cnc(N[C@H]3CCO[C@@H](CO)C3)nc2C1)c1ccc(Cl)c(Cl)c1,1.0,pro_2228,0.9608741799990336
1034,Clc1ccc(cc1)C(=O)NC1(CCC1)c1ccc2N(CCc2n1)C(=O)OC1CC1,1.0,pro_171,0.9896812240282694
1035,NC(=O)[C@@H]1CCCN1C(=O)CNCCNc1ccc(cn1)C#N,0.0,pro_2655,0.8686919212341309
1036,[O-][N+](=O)c1ccc(NCCNCC(=O)N2CCC[C@H]2C#N)nc1,1.0,pro_2655,0.9905468622843424
1037,F[C@H]1C[C@@H](C#N)N(C1)C(=O)CNCCNc1ccc(Cl)cn1,1.0,pro_2655,0.9936002294222513
1038,[O-][N+](=O)c1ccc(NCCNCC(=O)N2CCC[C@H]2C#N)nc1,1.0,pro_2655,0.9905468622843424
1039,F[C@H]1C[C@@H](C#N)N(C1)C(=O)CNCCNc1ccc(cn1)C#N,1.0,pro_2655,0.9937954147656759
1040,Nc1ccc(cc1NC(=O)c1cnc2cc(ccc2c1)N1CCNCC1)-c1ccncc1,0.0,pro_6088,0.5986177821954092
1041,[Br-].[Br-].C(CCCCCC[n+]1cccc2ccccc12)CCCCC[n+]1ccccc1,1.0,pro_5467,0.948882540067037
1042,CS(=O)(=O)c1ccc(cc1)-c1nc(NC2CCCCC2)cc(n1)C(F)(F)F,0.0,pro_3741,0.5461870034535726
1043,CS(=O)(=O)c1ccc(cc1)-c1nc(NC2CCCCC2)cc(n1)C(F)(F)F,0.0,pro_3741,0.5461870034535726
1044,Clc1ccc(COc2ccc3CCCC(=O)c3c2)cc1,1.0,pro_634,0.9822609623273214
1045,O=C1CCCc2ccc(OCc3cccc(c3)C#N)cc12,1.0,pro_634,0.9767224987347921
1046,O=C1CCCc2ccc(OCc3ccc(cc3)C#N)cc12,1.0,pro_634,0.9698309501012167
1047,Cc1ccc(COc2ccc3CCCC(=O)c3c2)cc1,1.0,pro_634,0.9616731802622477
1048,Brc1ccc(COc2ccc3CCCC(=O)c3c2)cc1,1.0,pro_634,0.9790905117988586
1049,Brc1cccc(COc2ccc3CCCC(=O)c3c2)c1,1.0,pro_634,0.9856841166814169
1050,Clc1cccc(COc2ccc3CCCC(=O)c3c2)c1,1.0,pro_634,0.9864145517349243
1051,O=C1CCCc2ccc(OCc3ccccc3)cc12,1.0,pro_634,0.9718279639879862
1052,FC(F)(F)c1ccc(COc2ccc3CCCC(=O)c3c2)cc1,1.0,pro_634,0.9737773338953654
1053,Fc1cccc(COc2ccc3CCCC(=O)c3c2)c1,1.0,pro_634,0.9861108462015787
1054,CCCCc1ccc(Nc2nc3ccccc3nc2NS(=O)(=O)c2ccc(Cl)cc2)cc1,0.0,pro_5516,0.07445658075933655
1055,Cc1ccc(cc1-c1ccc(cn1)C(=O)NCC1CC1)C(=O)NC1CC1,0.0,pro_6167,0.5731237232685089
1056,Cc1c(F)cc(cc1-c1ccc(cn1)C(=O)NCC1CC1)C(=O)NC1CC1,0.0,pro_6167,0.5669625103473663
1057,CCN1CCC2(C[C@@H]2C(=O)N[C@@H](CCCCCC(=O)CC)c2ncc([nH]2)-c2cc3ccc(=O)n(C)c3cc2OC)CC1,0.0,pro_6088,0.34556298206249875
1058,ONC(=O)C(CCN1C(=O)c2ccccc2S1(=O)=O)COc1ccc(cc1)-c1ccccc1,1.0,pro_2218,0.9622478683789571
1059,CC#CCn1c(nc2ccn(Cc3ccc4ccc(F)cc4n3)c2c1=O)N1CCC[C@@H](N)C1,1.0,pro_2655,0.9806321064631144
1060,COc1cccc(CN(C)[C@@H](C)[C@H]2[C@H](O)C[C@@]3(C)[C@@H]4CC[C@@H]5[C@]6(C[C@@]46C(=O)C[C@]23C)CC[C@@H]2N=C(SC[C@@]52C)C(C)C)c1,1.0,pro_2892,0.8377938270568848
1061,CC(C)C1=N[C@H]2CC[C@]34C[C@@]33[C@@H](CC[C@H]4[C@]2(C)CS1)[C@]1(C)C[C@@H](O)[C@H]([C@H](C)N(C)Cc2ccccc2)[C@@]1(C)CC3=O,1.0,pro_5467,0.7822740276654562
1062,CC(C)C1=N[C@H]2CC[C@]34C[C@@]33[C@@H](CC[C@H]4[C@]2(C)CS1)[C@]1(C)C[C@@H](O)[C@H]([C@H](C)N(C)Cc2ccc(cc2)C(F)(F)F)[C@@]1(C)CC3=O,1.0,pro_2892,0.8452081084251404
1063,COc1cccc(CN(C)[C@@H](C)[C@H]2[C@H](O)C[C@@]3(C)[C@@H]4CC[C@@H]5[C@]6(C[C@@]46C(=O)C[C@]23C)CC[C@@H]2N=C(SC[C@@]52C)C(C)C)c1,1.0,pro_2892,0.8377938270568848
1064,CC(C)C1=N[C@H]2CC[C@]34C[C@@]33[C@@H](CC[C@H]4[C@]2(C)CS1)[C@]1(C)C[C@@H](O)[C@H]([C@H](C)N(C)Cc2cccc(c2)C(F)(F)F)[C@@]1(C)CC3=O,1.0,pro_2892,0.8610867063204447
1065,CC(C)C1=N[C@H]2CC[C@]34C[C@@]33[C@@H](CC[C@H]4[C@]2(C)CS1)[C@]1(C)C[C@@H](O)[C@H]([C@H](C)N(C)Cc2ccc(cc2)C(F)(F)F)[C@@]1(C)CC3=O,1.0,pro_2892,0.8452081084251404
1066,COc1ccc(CN(C)[C@@H](C)[C@H]2[C@H](O)C[C@@]3(C)[C@@H]4CC[C@@H]5[C@]6(C[C@@]46C(=O)C[C@]23C)CC[C@@H]2N=C(SC[C@@]52C)C(C)C)cc1,1.0,pro_5467,0.7343379656473795
1067,CC(C)C1=N[C@H]2CC[C@]34C[C@@]33[C@@H](CC[C@H]4[C@]2(C)CS1)[C@]1(C)C[C@@H](O)[C@H]([C@H](C)N(C)Cc2cccc(c2)C(F)(F)F)[C@@]1(C)CC3=O,1.0,pro_2892,0.8610867063204447
1068,Nc1noc2nccc(-c3ccccc3)c12,0.0,pro_171,0.3036915858586629
1069,CC1CCC(C)N1Cc1cc2OC(C(=Cc2cc1Cl)C(O)=O)C(F)(F)F,0.0,pro_3741,0.18335002412398657
1070,Cl.Oc1ccc2cc(C(=O)CCN3CCN(Cc4ccccc4)CC3)c(=O)oc2c1,1.0,pro_634,0.7028652727603912
1071,Oc1cc(OCCCCN2CCN(Cc3ccccc3)CC2)cc2occ(-c3ccc(OCCCCN4CCN(Cc5ccccc5)CC4)cc3)c(=O)c12,1.0,pro_5467,0.9544055064519247
1072,CC(C)(O)Cn1c2ccccc2[nH]\c1=N/C(=O)c1cc(F)cc(c1)-c1cccnc1,0.0,pro_2281,0.22302665809790292
1073,CC(C)(O)Cn1c2ccccc2[nH]\c1=N/C(=O)c1cccc(c1)-c1cccnc1,0.0,pro_2281,0.3824967642625173
1074,COc1ccc(CC(=O)OCC(=O)Nc2c3CCCCc3nc3ccccc23)c(OC)c1OC,1.0,pro_2892,0.9646306832631429
1075,Brc1cccc(Nc2nccc(OCC3CCCCC3)n2)c1,1.0,pro_2228,0.5916643043359121
1076,NC(=O)c1ccc(Nc2nc(N)cc(OCC3CCCCC3)n2)cc1,0.0,pro_2228,0.6242924928665161
1077,Cn1ccc2c(cccc2c1=O)[C@H](Nc1cc(Cl)c2ncc(C#N)c(NCC(C)(C)C)c2c1)C1=CN(NN1)C1(C)COC1,1.0,pro_2281,0.9866829514503479
1078,Cn1ccc2c(cccc2c1=O)[C@H](Nc1cc(C#N)c2ncc(C#N)c(NCC(C)(C)C)c2c1)C1=CN(NN1)C1(C)COC1,1.0,pro_2281,0.9245759646097819
1079,CC(C)(C)OC(=O)NC1(CCC1)C(=O)N1CC(C1)C#Cc1ccc2c(c1)occ(-c1ccc(NS(C)(=O)=O)cc1)c2=O,0.0,pro_634,0.0027873216507335505
1080,CS(=O)(=O)Nc1ccc(cc1)-c1coc2cc(ccc2c1=O)C#CC1CN(C1)C(=O)C1CCC1,0.0,pro_634,0.03967535961419344
1081,CS(=O)(=O)Nc1ccc(cc1)-c1coc2cc(ccc2c1=O)C#CC1CN(C1)C(=O)C1CC(F)(F)C1,0.0,pro_2714,0.019517568948989112
1082,CC1(O)CC(C1)C(=O)N1CC(C1)C#Cc1ccc2c(c1)occ(-c1ccc(NS(C)(=O)=O)cc1)c2=O,0.0,pro_2714,0.014357019836703936
1083,NS(=O)(=O)c1ccc(NN=C2C(=O)Nc3ccc(cc23)C(=O)NCc2cccnc2)cc1,1.0,pro_2228,0.9323897163073221
1084,Cc1ccc(C(O)=O)c(c1)C(=O)N1CCC(CN2CCC(CC2)Oc2ccc(CO)c(Cl)c2)CC1,0.0,pro_6088,0.5504022041956583
1085,OCc1ccc(OC2CCN(CC3CCN(CC3)C(=O)c3ccccc3C(O)=O)CC2)cc1Cl,0.0,pro_6088,0.6896395683288574
1086,CC(C)(C)c1cnc(CSc2cnc(N[C@H]3CC[C@H](O)CC3)s2)o1,1.0,pro_2228,0.6854710380236307
1087,Clc1ccc(NC(=O)c2ccc(Nc3nc(-c4ccccc4)c4cc(Br)ccc4n3)cc2)c(c1)C(=O)c1ccccc1,0.0,pro_5516,0.18757088016718626
1088,C[C@@H]([C@H]1CC[C@H]2[C@@H]3CC[C@H]4C[C@@H](NC(=O)c5ccccc5)[C@@H](O)C[C@]4(C)[C@H]3CC[C@]12C)N(C)C,0.0,pro_5467,0.5760275224844614
1089,C[C@@H]([C@H]1CC[C@H]2[C@@H]3CC[C@H]4C[C@H](CC[C@]4(C)[C@H]3CC[C@]12C)NC(=O)c1ccccc1)N(C)C,1.0,pro_5467,0.503855953613917
1090,O=c1cc(nc(Cc2nc3ccccc3n2C2CCCCC2)[nH]1)N1CCOCC1,1.0,pro_6167,0.5685299634933472
1091,CS(=O)Cc1ccc(C(=O)Nc2cccnc2C(=O)NCC2CCOCC2)c2ccccc12,1.0,pro_6088,0.46707379817962646
1092,COc1ccc(cc1)-c1nc(sc1-c1ccc(OC)cc1)C(=O)N1CCN(C)CC1,0.0,pro_3741,0.6948466300964355
1093,CC(=O)N1CCN(N=Cc2c(C)nc3sccn23)C1=O,1.0,pro_2892,0.2930702144900958
1094,COCCOc1ccc2c(c1)nc(NCCCCNC(=O)OC1CCCC1)c1nnc(C)n21,1.0,pro_570,0.9618488550186157
1095,Cc1[nH]nc2Oc3nc4CCCCc4c(N)c3C(c12)c1ccc(cc1)-c1ccccc1,0.0,pro_3129,0.8813149929046631
1096,CC(C)CN1C(=O)c2cccc3c(ccc1c23)S(=O)(=O)NC1CCCCC1,1.0,pro_570,0.7715465823809305
1097,CN1C(=O)c2cccc3c(ccc1c23)S(=O)(=O)NC1CCCCC1,1.0,pro_570,0.9712067445119222
1098,O=C1Nc2ccc(c3cccc1c23)S(=O)(=O)NC1CCCCC1,1.0,pro_570,0.8724340597788492
1099,Cc1ccc(c(c1)C(=O)N1C[C@]2(F)CN(C[C@]2(F)C1)c1nc2ccccc2o1)-n1nccn1,1.0,pro_6088,0.3466281245152156
1100,COc1cc(CC(=O)NC(CC(C)C)[C@@H](O)CC(=O)N[C@H](C(C)C)C(=O)N[C@H](C)C(=O)N[C@H](CCC(O)=O)C(=O)N[C@H](Cc2ccccc2)C(O)=O)cc(OC)c1OC,0.0,pro_5516,0.7856300274531046
1101,CC(C)CC(NC(=O)Cc1ccccc1)[C@@H](O)CC(=O)N[C@H](C(C)C)C(=O)N[C@H](C)C(=O)N[C@H](CCC(O)=O)C(=O)N[C@H](Cc1ccccc1)C(O)=O,0.0,pro_5516,0.9364592035611471
1102,CC(C)CC(NC(=O)Cc1ccc(F)cc1F)[C@@H](O)CC(=O)N[C@H](C(C)C)C(=O)N[C@H](C)C(=O)N[C@H](CCC(O)=O)C(=O)N[C@H](Cc1ccccc1)C(O)=O,0.0,pro_5516,0.9234561920166016
1103,CNC(=O)Oc1cccc(CN(C)CCCCCCCOc2ccc3C(=O)C(CCc3c2)=Cc2cc(OC)c(OC)c(OC)c2)c1,1.0,pro_5467,0.9930210709571838
1104,CNC(=O)Oc1cccc(CN(C)CCCCCCCOc2ccc3C(=O)C(CCc3c2)=Cc2cc(O)c(O)c(O)c2)c1,1.0,pro_5467,0.9469379782676697
1105,CN1CCN(CC1)c1ccc(cn1)-c1cnc2cccc(-c3cc(F)c(CN4CCS(=O)(=O)CC4)c(F)c3)c2n1,1.0,pro_1546,0.7159586946169535
1106,Nc1c(C(O)=O)c2nc3c(cccc3oc2cc1=O)C(O)=O,0.0,pro_634,0.2276423399647077
1107,Nc1c(C(O)=O)c2nc3c(cccc3oc2cc1=O)C(O)=O,0.0,pro_634,0.2276423399647077
1108,NC(=O)c1cn(nc1Nc1ccnc(F)c1)C1(CC#N)CCC(CC1)Nc1ccccc1Cl,1.0,pro_1546,0.9936710000038147
1109,NC(=O)c1cn(nc1Nc1ccnc(F)c1)C1(CC#N)CCC(CC1)Nc1ccc(F)cc1F,1.0,pro_1546,0.9929521878560384
1110,NC(=O)c1cn(nc1Nc1ccnc(F)c1)C1(CC#N)CCC(CC1)Nc1ccccc1F,1.0,pro_1546,0.9930578271547953
1111,COc1ccc(cc1)-c1n[nH]c2-c3cccc(NC(=O)CN4CCC(CC4)C(N)=O)c3C(=O)c12,1.0,pro_2228,0.9512981573740641
1112,OC(=O)C(F)(F)F.CC(C)C[C@H](NC(=O)[C@H](C)NC(=O)[C@H](CCCNC(N)=N)NC(C)=O)[C@@H](O)CC(=O)NCCCC(N)=O,0.0,pro_5516,0.09641968598589301
1113,CCCCSC(=O)OCC[N+](C)(C)C,0.0,pro_5467,0.5642735163370768
1114,CCCCNC(=O)[C@H](NC(=O)C[C@H](O)C(CC(C)C)NC(=O)[C@H](CCSC)NC(=O)[C@@H](NC(=O)OC(C)(C)C)C(C)C)C(C)C,0.0,pro_5516,0.8817535440127054
1115,C[N+](C)(C)CCC=C,0.0,pro_5467,0.3963891913493474
1116,CCCCCCCCCCCCC[C@H](CC(=O)NO)C(=O)N[C@H](C(=O)NC)C(C)(C)C,1.0,pro_2218,0.9589556455612183
1117,CCC(C)C(N)C(=O)N(CC)CC,0.0,pro_2655,0.2648395150899887
1118,CC(C)C[C@H](N)C(=O)N[C@@H](C)C(=O)N[C@@H](CCCNC(N)=N[N+]([O-])=O)C(=O)NO,0.0,pro_2218,0.21078099558750787
1119,OCC(O)C#CC#CCCCCC#CC#C\C=C\Br,0.0,pro_427,0.16169162342945734
1120,CCCCN=C(CN=O)N(C)C,0.0,pro_5467,0.3431854446729024
1121,CNC(=O)[C@@H](NC(=O)[C@H](CC(C)C)[C@H](O)C(=O)NO)C(C)(C)C,1.0,pro_2218,0.9512329498926798
1122,COC(=O)[C@H](CC(C)C)NC(=O)[C@@H](O)CN,0.0,pro_2218,0.07403874024748802
1123,O=N[Fe--](C#N)(C#N)(C#N)(C#N)C#N,1.0,pro_5467,0.37578910355622
1124,CC(C)N(CP(O)(O)=O)CP(O)(O)=O,0.0,pro_5467,0.07797731166162218
1125,CC(C)(O)C(Cl)(Cl)Cl,0.0,pro_6088,0.005752338453324531
1126,C[N+](C)(C)CCCCCBr,0.0,pro_5467,0.4295452684164047
1127,CCC(C)(C)C(O)=O,0.0,pro_6167,0.14596796656648317
1128,CC(=O)NO,0.0,pro_2218,0.18676560992995897
1129,CCCCCCSC(=O)OCC[N+](C)(C)C,0.0,pro_5467,0.6162952284018198
1130,OCC(O)C#CC#CCCCCCCC#C\C=C\Br,0.0,pro_427,0.25770339369773865
1131,CCCC(=O)SCC[N+](C)(C)C,0.0,pro_5467,0.46874745686848956
1132,CCCCCCCCCCCCCCCCOP([O-])(=O)OCC[N+](C)(C)C,0.0,pro_6167,0.16126796354850134
1133,CP(=O)(OCC#C)OC(C(F)(F)F)C(F)(F)F,0.0,pro_5467,0.6422698497772217
1134,NC(O)=O,0.0,pro_5467,0.08065307357658942
1135,[Na+].NCCCC(O)(P(O)(O)=O)P(O)([O-])=O,0.0,pro_2218,0.12567417230457067
1136,CC(C)NP(=O)(NC(C)C)OP(=O)(NC(C)C)NC(C)C,0.0,pro_2892,0.3640361999471982
1137,CC(C)C[C@H](N)C(=O)N[C@@H](CCCNC(N)=N[N+]([O-])=O)C(=O)NO,0.0,pro_2218,0.18580261866251627
1138,CC(C)NP(=O)(NC(C)C)OP(=O)(NC(C)C)NC(C)C,0.0,pro_2892,0.3640361999471982
1139,CN(C)C(=N)N=C(N)N,1.0,pro_2655,0.08274986307757597
1140,CCC(C)C(N)C(=O)N(C)CC,0.0,pro_2655,0.3367548982302348
1141,CC(C)C[C@H](NC(=O)[C@H](C)NC(=O)[C@H](CCCNC(N)=N)NC(C)=O)[C@@H](O)CC(=O)N[C@@H](CCC(N)=O)C(N)=O,0.0,pro_5516,0.2534299393494924
1142,CSCC[C@H](NC(=O)[C@@H](NC(C)=O)C(C)C)C(=O)NC(CC(C)C)C(O)CC(=O)N[C@@H](C(C)C)C(O)=O,0.0,pro_5516,0.7894217769304911
1143,CNC(=O)[C@@H](NC(=O)[C@H](CC(C)C)CC(=O)NO)C(C)(C)C,1.0,pro_2218,0.9554473360379537
1144,CC(C)CCNC(=O)P(O)(O)=O,1.0,pro_2218,0.377803901831309
1145,CCSCC[N+](C)(C)C,0.0,pro_5467,0.4453336149454117
1146,C[N+](C)(C)CCCl,0.0,pro_5467,0.2828056439757347
1147,CCS(=O)(=O)NO,0.0,pro_3741,0.23353324395914873
1148,CC(C)C[C@H](NC(=O)OC(C)(C)C)C(=O)N[C@@H](CCCNC(N)=N[N+]([O-])=O)C(=O)NO,0.0,pro_2218,0.22796203941106796
1149,CC(NC(=O)NCCNC(=O)NC(C)C(O)=O)C(O)=O,0.0,pro_5516,0.09450961214800675
1150,CP(=O)(OCC#C)OC(C(F)(F)F)C(F)(F)F,0.0,pro_5467,0.6422581473986307
1151,CSC(=O)SC,0.0,pro_171,0.22406471769014993
1152,CCC(C)C(N)C(=O)N(C)C,0.0,pro_2655,0.22461962948242822
1153,CNC(=O)[C@@H](NC(=O)[C@H](CC(C)C)[C@H](O)C(=O)NO)C(C)(C)C,1.0,pro_2218,0.9333028992017111
1154,CSCC[C@H](NC(=O)OC(C)(C)C)C(=O)N[C@@H](CCCNC(N)=N[N+]([O-])=O)C(=O)NO,0.0,pro_2218,0.20271119475364685
1155,CNC(=O)C(NC(=O)[C@H](CC(C)C)[C@H](O)C(=O)NO)C(C)(C)C,1.0,pro_2218,0.9209426641464233
1156,CC(C)(C)OC(=O)NCCCCCCNCC(N)=O,0.0,pro_634,0.3396478518843651
1157,CNC(=O)[C@@H](NC(=O)[C@H](CC(C)C)[C@H](O)C(=O)NO)C(C)(C)C,1.0,pro_2218,0.9333028992017111
1158,CC(C)[C@H](NC(=O)OC(C)(C)C)C(=O)N[C@@H](CCCNC(N)=N[N+]([O-])=O)C(=O)NO,0.0,pro_2218,0.2258645569284757
1159,CCCSC(=O)OCC[N+](C)(C)C,0.0,pro_5467,0.5468745628992716
1160,CC(C)C[C@H](NC(=O)OC(C)(C)C)C(=O)N[C@@H](C)C(=O)N[C@@H](CCCNC(N)=N[N+]([O-])=O)C(=O)NO,0.0,pro_2218,0.2355711335937182
1161,OP(O)(=O)C(Cl)(Cl)P(O)(O)=O,0.0,pro_2218,0.13785560180743536
1162,C[N+](C)(C)CCCC=C,0.0,pro_5467,0.5719628731409708
1163,CSCC[C@H](NC(=O)[C@@H](NC(C)=O)C(C)C)C(=O)NC(CC(C)C)C(O)CC(=O)N[C@@H](C(C)C)C(=O)N[C@@H](C)C(O)=O,0.0,pro_5516,0.8224269151687622
1164,CC(C)C[C@H](NC(=O)[C@H](C)NC(=O)[C@H](CCCNC(N)=N)NC(C)=O)[C@@H](O)CC(=O)N[C@@H](C)C(N)=O,0.0,pro_5516,0.15008837760736546
1165,CSCCC[C@H](N)C(=O)N[C@@H](CCCNC(N)=N[N+]([O-])=O)C(=O)NO,0.0,pro_2218,0.22589332362016043
1166,NNC(N)=O,1.0,pro_634,0.18716607242822647
1167,CC(C)C[C@H](NC(=O)OC(C)(C)C)C(=O)NCC(=O)N[C@@H](CCCNC(N)=N[N+]([O-])=O)C(=O)NO,0.0,pro_2218,0.2063938913245996
1168,CC(C)C[C@H](NC(=O)[C@H](CC(N)=O)NC(=O)[C@@H](NC(=O)[C@@H](N)CCC(O)=O)C(C)C)[C@@H](O)CC(N)=O,0.0,pro_5516,0.46409038205941516
1169,CC(C)C[C@H](NC(=O)[C@@H](O)CN)C(O)=O,0.0,pro_2218,0.07464892913897832
1170,OCC(O)C#CC#CCCCC\C=C\C#C\C=C\Br,0.0,pro_427,0.20872244983911514
1171,CSCC[C@H](NC(=O)[C@@H](NC(=O)OC(C)(C)C)C(C)C)C(=O)NC(CC(C)C)[C@@H](O)CC(=O)N[C@H](C(C)C)C(=O)NO,0.0,pro_5516,0.09155531600117683
1172,OC(COS(O)(=O)=O)C#CC#CCCCCCCCC\C=C\Br,0.0,pro_427,0.5570773979028066
1173,COCCN=C(CN=O)N(C)C,0.0,pro_5467,0.2548818389574687
1174,CCC(C)C(N(C(C(C)CC)C(O)=O)C(=O)C(N)CC(C)C)C(O)=O,1.0,pro_3741,0.28351545085509616
1175,CCCN(C)C(=O)C(N)C(C)CC,0.0,pro_2655,0.30113801608483
1176,CCCC[C@@H](NC(=O)[C@@H](N)CC)B(O)O,1.0,pro_2655,0.806765635808309
1177,CNC(=O)[C@@H](NC(=O)[C@H](CC(C)C)[C@H](O)C(=O)NO)C(C)(C)C,1.0,pro_2218,0.9333028992017111
1178,CCCCC(CN(O)C=O)C(=O)N[C@H](C(=O)N(C)C)C(C)(C)C,0.0,pro_2218,0.7104029854138693
1179,CN(CP(O)(O)=O)CP(O)(O)=O,0.0,pro_5467,0.08217500522732735
1180,OP(O)(=O)CP(O)(O)=O,1.0,pro_2218,0.20537764330705008
1181,C[N+](C)(C)CCO,0.0,pro_5467,0.1501141128440698
1182,CNC(=O)[C@@H](NC(=O)[C@H](CC(C)C)[C@](C)(CC=C)C(=O)NO)C(C)(C)C,1.0,pro_2218,0.9866282145182291
1183,CCCCC(CC)CN(CP(O)(O)=O)CP(O)(O)=O,0.0,pro_5467,0.03666309877492798
1184,CO\C=C(/[C@H]1C[C@@H]2N(CCc3c2[nH]c2ccccc32)C\C1=C/C)C(=O)OC,0.0,pro_5467,0.5396685600280762
1185,CS(=O)(=O)c1ccc(cc1)-c1ncccc1-c1ccccc1,0.0,pro_3741,0.6545224289099375
1186,CS(=O)(=O)c1ccc(cc1)-c1cccnc1-c1ccccc1,1.0,pro_3741,0.6386682490507761
1187,N#CC[C@H]1CCC(CC1)n1c(nc2cnc3[nH]ccc3c12)-c1c[nH]cn1,1.0,pro_1546,0.9889782667160034
1188,Oc1ccccc1C(=O)CCc1cccc(OCCCCN2CCc3ccccc3C2)c1,1.0,pro_634,0.6334171692530314
1189,COc1cc2O\C(=C/c3ccc(CN(C)Cc4ccccc4)c(O)c3)C(=O)c2cc1OC,1.0,pro_5467,0.9405230482419332
1190,COC(=O)N1[C@@H](C)CCc2c1ccc1n(CCN3CCNCC3)c(Cc3ccccc3)nc21,0.0,pro_570,0.1739670510093371
1191,COC(=O)\C=C1/S\C(=N/C(=O)c2ccc(Cl)cc2)N(C1=O)c1ccc(cc1)N1\C(S\C(=C/C(=O)OC)C1=O)=N\C(=O)c1ccc(Cl)cc1,0.0,pro_634,0.2843051378925641
1192,CCOC(=O)N1CCCc2nc(ccc12)[C@@H](C)NC(=O)c1ccc(F)cc1,1.0,pro_171,0.9144822756449381
1193,Cc1noc(C)c1-c1cnc2c(c1)n(C(C1CCOCC1)c1ccncc1F)c1cc(ccc21)C(C)(C)O,1.0,pro_570,0.7404040396213531
1194,CCCNC(=O)C1(CCC1)c1ccc(NC(=O)c2cccc(Cl)c2)cc1,1.0,pro_171,0.7628287672996521
1195,CCCNC(=O)C1(CCC1)c1ccc(NC(=O)c2cccc(Cl)c2)cc1,1.0,pro_171,0.7628287672996521
1196,CCCNC(=O)C1(CCC1)c1ccc(NC(=O)c2ccc(F)c(C)c2)cc1,1.0,pro_171,0.6645216147104899
1197,CCCNC(=O)C1(CCC1)c1ccc(NC(=O)c2cccc(Cl)c2)cc1,1.0,pro_171,0.7628287672996521
1198,COc1cc(\C=C(/C#N)C(N)=O)cc(CSc2nc3cc(Cl)ccc3s2)c1O,0.0,pro_2281,0.8856474558512369
1199,CCOc1ccc2sc(SCc3cc(\C=C(/C#N)C(N)=O)cc(OC)c3O)nc2c1,0.0,pro_2281,0.7227963805198669
1200,CCOc1ccc2nc(SCc3cc(\C=C(/C#N)C(N)=O)cc(OC)c3O)sc2c1,0.0,pro_2281,0.7657767335573832
1201,CC#CCn1c(NC[C@H](C)N)nc2cnn(Cc3nc(C)c4ccccc4n3)c(=O)c12,1.0,pro_2655,0.7550949156284332
1202,Nc1ccnc(NC(=O)c2ccc(cc2)C(F)(F)F)c1,0.0,pro_3741,0.2941894605755806
1203,Nc1cccnc1NC(=O)c1ccc(cc1)C(F)(F)F,0.0,pro_3741,0.18514794732133547
1204,Nc1ccc(NC(=O)c2cccc(c2)C(F)(F)F)nc1,0.0,pro_3741,0.26116791864236194
1205,Nc1cccnc1NC(=O)c1cccc(c1)C(F)(F)F,0.0,pro_3741,0.1881833622852961
1206,Nc1ccc(NC(=O)c2ccc(cc2)C(F)(F)F)nc1,0.0,pro_3741,0.23534299433231354
1207,Fc1c(F)c(F)c(C(=O)Nc2ccc(Cl)cn2)c(F)c1F,1.0,pro_570,0.5570249954859415
1208,COC(=O)c1cc(Nc2ccccc2)c(Nc2ccccc2)cc1C(=O)OC,0.0,pro_2281,0.35826267798741657
1209,Cc1sc2nc(SCC(=O)Nc3ccccc3Cl)n(-c3ccc(C)cc3)c(=O)c2c1C,0.0,pro_2281,0.16370011866092682
1210,Cl.Clc1cc(cnc1Cl)C(=O)NCCCCCCCCCNc1c2CCCCc2nc2ccccc12,1.0,pro_2892,0.9932474295298258
1211,Cl.Clc1cc(cnc1Cl)C(=O)NCCCCCCCCCNc1c2CCCCc2nc2ccccc12,1.0,pro_2892,0.9932474295298258
1212,CN(C(C)=O)c1ccc(NC(=O)COc2ccc(Br)cc2Cl)cc1,0.0,pro_570,0.25558613737424213
1213,Cc1cccc(OCC(=O)Nc2cc(C)ccc2O)c1,1.0,pro_1546,0.034415613394230604
1214,C[C@H]1C[C@H](Oc2ccc(cc2C#N)-c2ncnc(Nc3ccc(cc3)N3CCN(CC3)C3COC3)n2)[C@H](F)CN1C(=O)[C@@H]1CCC(=O)N1,0.0,pro_1546,0.4595438937346141
1215,CN1[C@@H](CCC1=O)C(=O)N1CC[C@H](Oc2ccc(cc2C#N)-c2ncnc(Nc3ccc(N4CCN(CC4)C4COC4)c(F)c3)n2)[C@H](F)C1,0.0,pro_1546,0.47387638688087463
1216,F[C@H]1C[C@H](NC1=O)C(=O)N1CC[C@H](Oc2ccc(cc2C#N)-c2ncnc(Nc3ccc(cc3)N3CCN(CC3)C3COC3)n2)[C@H](F)C1,0.0,pro_1546,0.5291620890299479
1217,F[C@@H]1C[C@H](NC1=O)C(=O)N1CC[C@H](Oc2ccc(cc2C#N)-c2ncnc(Nc3ccc(cc3)N3CCN(CC3)C3COC3)n2)[C@H](F)C1,0.0,pro_1546,0.5312462449073792
1218,F[C@@H]1CN(CC[C@@H]1Oc1ccc(cc1C#N)-c1ncnc(Nc2ccc(N3CCN(CC3)C3COC3)c(F)c2)n1)C(=O)C1CCC(=O)N1,0.0,pro_1546,0.46447304884592694
1219,F[C@@H]1CN(CCC1Oc1ccc(cc1C#N)-c1ncnc(Nc2ccc(cc2)N2CCN(CC2)C2COC2)n1)C(=O)[C@@H]1CCC(=O)N1,0.0,pro_1546,0.5016784270604452
1220,C[C@H]1CN(CCN1c1ccc(Nc2ncnc(n2)-c2ccc(O[C@H]3CCN(C[C@H]3F)C(=O)C3CCC(=O)N3)c(c2)C#N)cc1)C1COC1,0.0,pro_1546,0.4756622115770976
1221,C[C@@H]1CN(CCN1C1COC1)c1ccc(Nc2ncnc(n2)-c2ccc(O[C@H]3CCN(C[C@H]3F)C(=O)[C@@H]3CCC(=O)N3)c(c2)C#N)cc1,0.0,pro_1546,0.46639535824457806
1222,Cc1cc(Nc2ncnc(n2)-c2ccc(O[C@H]3CCN(C[C@H]3F)C(=O)C3CCC(=O)N3)c(c2)C#N)ccc1N1CCN(CC1)C1COC1,0.0,pro_1546,0.4327556788921356
1223,F[C@@H]1CN(CCC1Oc1ccc(cc1C#N)-c1ncnc(Nc2ccc(cc2)N2CCN(CC2)C2COC2)n1)C(=O)[C@H]1CCC(=O)N1,0.0,pro_1546,0.5041628380616506
1224,C[C@H]1C[C@H](Oc2ccc(cc2C#N)-c2ncnc(Nc3ccc(cc3)N3CCN(CC3)C3COC3)n2)[C@H](F)CN1C(=O)[C@H]1CCC(=O)N1,0.0,pro_1546,0.45764898260434467
1225,CN1[C@@H](CCC1=O)C(=O)N1CC[C@H](Oc2ccc(cc2C#N)-c2ncnc(Nc3ccc(cc3)N3CCN(CC3)C3COC3)n2)[C@H](F)C1,0.0,pro_1546,0.5008942584196726
1226,FC1(F)CN(CC[C@@H]1Oc1ccc(cc1C#N)-c1ncnc(Nc2ccc(cc2)N2CCN(CC2)C2COC2)n1)C(=O)C1CCC(=O)N1,0.0,pro_1546,0.5003736217816671
1227,OC(=O)c1cc(-c2ccc(cc2)[C@@H]2C[C@@H]3C[C@H]2NC3=O)c2ccc(cc2c1)-c1ccc(cc1)C(F)(F)F,1.0,pro_6088,0.7774207393328348
1228,Cn1c(nc(cc1=O)-c1ccncc1F)N1CCO[C@@H]2COC[C@@H]12,0.0,pro_6167,0.7227422197659811
1229,C[C@@H](NC(=O)c1cc(cc(c1)S(=O)(=O)CCC(N)(CO)Cc1ccccc1)N(C)S(C)(=O)=O)c1ccc(F)cc1,0.0,pro_5516,0.4357250550140937
1230,CC(C)c1ccc(C)cc1OC(=O)NC1CCCC1,0.0,pro_2892,0.552394429842631
1231,CC(C)c1ccc(C)cc1OC(=O)NC1CCCC1,0.0,pro_2892,0.552394429842631
1232,CN1C(=O)N(CCCCCCN2CCN(CC2)c2ccc3nnc(Cl)n3n2)C(c2ccccc2)c2cc(ccc12)-c1c(C)noc1C,1.0,pro_570,0.941997249921163
1233,CNc1nc2ccccc2n1-c1nc2N3CCOC[C@H]3COc2c(n1)C(C)(C)S(C)(=O)=O,1.0,pro_6167,0.4206220904986064
1234,CNc1nc2ccccc2n1-c1nc2N3CCOC[C@H]3COc2c(n1)C(C)(C)S(C)(=O)=O,1.0,pro_6167,0.4206220904986064
1235,COC(=O)N1[C@@H](C)CCc2c1ccc1n(CCN3CC[C@H](C3)NC(C)=O)c(CCn3ccccc3=O)nc21,0.0,pro_570,0.17052199194828668
1236,COC(=O)N1[C@@H](C)CCc2c1ccc1n(CCN3CC[C@@H](C3)C(N)=O)c(CCn3ccccc3=O)nc21,0.0,pro_570,0.2658906082312266
1237,CC(C)(C)COc1ccc2Oc3ccc(cc3[C@@]3(COC(N)=N3)c2c1)-c1cncnc1,1.0,pro_5516,0.9950452645619711
1238,CC(C)(C)COc1ccc2Oc3ccc(cc3[C@@]3(COC(N)=N3)c2c1)-c1cncnc1,1.0,pro_5516,0.9950452645619711
1239,CCOC(=O)O[C@@H]1C[C@@H]2Oc3c(c(CCl)ccc3OC)[C@]2(CCN(C)C(=O)OCC)C=C1,0.0,pro_2892,0.23568738251924515
1240,C[C@@H](C(=O)Nc1ncc(SCc2ncc(o2)C(C)(C)C)s1)c1ccccc1,1.0,pro_2228,0.9113678932189941
1241,CC(C)(C)c1cnc(CSc2cnc(NC(=O)Cc3ccc(CNC(CO)CO)cc3)s2)o1,1.0,pro_2228,0.9515285690625509
1242,CC(C)(C)c1cnc(CSc2cnc(NC(=O)Cc3ccccc3)s2)o1,1.0,pro_2228,0.9623132944107056
1243,O=NCC1=NCCN1Cc1ccccc1,1.0,pro_5467,0.5505496760209402
1244,CCOc1cc(ccc1Nc1ncc2cc(C)nc(N3CCC3(C)C)c2n1)-c1nncn1C,1.0,pro_2228,0.42373277246952057
1245,COCCN1CCN(C1=O)c1cc(F)ccc1CNC(=O)c1nc(C2CCOC2)n(C)c(=O)c1O,1.0,pro_427,0.8939765493075053
1246,CN1CCN(C1=O)c1cc(F)ccc1CNC(=O)c1nc(C2CCOC2)n(C)c(=O)c1O,1.0,pro_427,0.893464724222819
1247,COc1cc2cc(NC(=O)[C@H]3CCC[C@H](C3)NCc3ccccc3)c(=O)oc2cc1OC,1.0,pro_3129,0.8974040746688843
1248,CC(C(=O)NCCCCCCCCNc1c2CCCCc2nc2ccccc12)c1ccc(c(F)c1)-c1ccc(OCCO[N+]([O-])=O)cc1,1.0,pro_3129,0.962920089562734
1249,CC(C(=O)NCCCCCCCCNc1c2CCCCc2nc2ccccc12)c1ccc(c(F)c1)-c1ccc(OCCCCCCO[N+]([O-])=O)cc1,1.0,pro_3129,0.9699349800745646
1250,CC(C(=O)NCCCCCCCCNc1c2CCCCc2nc2ccccc12)c1ccc(c(F)c1)-c1ccc(OCCCO[N+]([O-])=O)cc1,1.0,pro_3129,0.9754809339841207
1251,CC(C(=O)NCCCCCCCCNc1c2CCCCc2nc2ccccc12)c1ccc(c(F)c1)-c1ccc(OCCCCO[N+]([O-])=O)cc1,1.0,pro_3129,0.9694031476974487
1252,CC(C(=O)NCCCCCCCCNc1c2CCCCc2nc2ccccc12)c1ccc(c(F)c1)-c1ccccc1,1.0,pro_3129,0.9766721129417419
1253,CC(C)CN(CC(C)C)c1ccc(cc1NC(=O)Cc1ccc(C)cc1)-c1ccccc1-c1nnn[nH]1,1.0,pro_171,0.8157310783863068
1254,OC(=O)[C@H]1[C@H](CN2C(=O)c3ccccc3C2=O)CC[C@@H]1SCc1ccc(cc1)-c1ccccc1,1.0,pro_2218,0.8789698084195455
1255,CC(C)(C)c1cnc(CSc2cnc(Nc3cccnc3)s2)o1,1.0,pro_2228,0.7559174597263336
1256,CNC(=O)c1cc(cc2[C@@H](COc12)c1ccccc1)C(=O)N[C@@H]1[C@H]2C[C@H](O)C[C@@H]12,1.0,pro_570,0.9718211690584818
1257,CNC(=O)c1cc(cc2c1OC[C@@]2(C)c1ccccc1)C(=O)N[C@@H]1[C@H]2C[C@H](O)C[C@@H]12,1.0,pro_570,0.9559786518414816
1258,CN(c1cccc(C)c1)S(=O)(=O)c1ccc2ncc(C(=O)NCCN3CCOCC3)c(O)c2c1,0.0,pro_5516,0.13313636959840855
1259,CCOC(=O)c1csc(CN(Cc2ccc(F)cc2)Cc2ccc(OCc3ccccc3)cc2)n1,0.0,pro_2218,0.39136324139932793
1260,CN(Cc1cccc(F)c1)C(=O)CCCn1c(N)nc2cc(Cl)ccc12,0.0,pro_5516,0.14700262869397798
1261,Nc1nc2cc(Cl)ccc2n1CCCC(=O)NCc1ccccc1,0.0,pro_5516,0.2880128088096778
1262,Nc1nc2cc(Cl)ccc2n1CCCC(=O)NCc1cccc(F)c1,0.0,pro_5516,0.306563684095939
1263,N[C@@H](CC(=O)N1CCN(CC1)C(=O)C1c2ccccc2-c2ccccc12)C(=O)N1Cc2ccccc2C1,0.0,pro_2655,0.31398264318704605
1264,CSCC[C@H](NC(=O)[C@@H](NC(C)=O)C(C)C)C(=O)NC(CC(C)C)C(O)CC(=O)N1CCC[C@@H]1C(=O)N[C@@H](C)C(=O)N[C@@H](CCC(O)=O)C(=O)N[C@@H](Cc1ccccc1)C(O)=O,0.0,pro_5516,0.735625684261322
1265,O=C(NCCCCCCCNc1c2CCCCc2nc2ccccc12)c1cc(=O)c2ccccc2o1,1.0,pro_3129,0.9856587847073873
1266,ON(C=O)C(COc1ccc(cc1)-c1ccc(cc1)C#N)Cc1ccc(F)cc1,0.0,pro_2218,0.32553087671597797
1267,CC(C)(C)OC(=O)N1CCC2(C[C@H](Nc3ncnc4n(nnc34)[C@H]3C[C@H](O)[C@H](COS(N)(=O)=O)C3)c3ccccc23)CC1,1.0,pro_6088,0.2887837638457616
1268,CC(C)[C@@H]1COC[C@@H](N1S(=O)(=O)c1ccc(Cl)cc1)C1(CC1)OC(=O)N1CC2CNCC2C1,1.0,pro_6167,0.8630614876747131
1269,CCC1C[C@@H](C#N)N(C1)C(=O)CNC(=O)c1cccc2ccccc12,0.0,pro_2655,0.25985652891298133
1270,O=C(CNC(=O)c1cccc2ccccc12)N1CCC[C@H]1C#N,0.0,pro_2655,0.24497948649028936
1271,[N-]=[N+]=N[C@@H]1C[C@@H](C#N)N(C1)C(=O)CNC(=O)c1cccc2ccccc12,0.0,pro_2655,0.3030504671235879
1272,FC(F)(F)[C@H]1C[C@@H](C#N)N(C1)C(=O)CNC(=O)c1cccc2ccccc12,0.0,pro_2655,0.23577900789678097
1273,OB(O)[C@@H]1CCCN1C(=O)CNC(=O)c1cccc2ccccc12,0.0,pro_2655,0.7259276707967123
1274,F[C@H]1C[C@@H](C#N)N(C1)C(=O)CNC(=O)c1cccc2ccccc12,0.0,pro_2655,0.327424297730128
1275,C[C@@H](C[C@@H](CS(=O)(=O)N1CCN(CC1)c1ccc(F)cc1)N(O)C=O)c1ncc(F)cn1,1.0,pro_6088,0.1450106849273046
1276,NCC1CCC(O1)c1cccnc1,0.0,pro_6167,0.6218541463216146
1277,N[C@@H]1CCCN(C1)c1nc2[nH]c(Br)cc2c(=O)n1Cc1ccccc1C#N,1.0,pro_2655,0.971016546090444
1278,N[C@@H]1CCCN(C1)c1nc2[nH]ccc2c(=O)n1Cc1cc(F)ccc1C#N,1.0,pro_2655,0.986744244893392
1279,N[C@@H]1CCCN(C1)c1nc2[nH]c(Br)cc2c(=O)n1Cc1ccccc1C#N,1.0,pro_2655,0.971016546090444
1280,O=C1OC(CCc2ccccc2)C(=O)C1Sc1ccccc1,0.0,pro_5516,0.05956411516914765
1281,COc1cc(F)ccc1-c1ccnc2[nH]c(nc12)C1CCNCC1,1.0,pro_2228,0.6112488210201263
1282,CCCN(C)C(=O)OCc1c(nnn1C)-c1ccc(O[C@H]2CCC[C@@H](C2)C(O)=O)c(C)n1,1.0,pro_6167,0.6532300611337026
1283,COc1cc(NC(=S)NCCN2CCOCC2)ccc1Cl,0.0,pro_5467,0.49732540051142377
1284,NS(=O)(=O)c1ccc(NC(=S)NCCN2CCOCC2)cc1,0.0,pro_5467,0.13889989629387856
1285,Cc1cccc(C)c1Nc1nc(Nc2cnn(c2)C2CCOCC2)ncc1C(N)=O,1.0,pro_1546,0.9432017604509989
1286,CCOC(=O)c1cc2cc(ccc2[nH]1)-c1cc(nn1C)C(=O)NCc1ccc(cc1)C(O)=O,1.0,pro_6167,0.3888636728127797
1287,C[C@H]1C[C@H]2CSC(N)=N[C@]2(CO1)c1nc(NC(=O)c2cnc(OC(F)F)cn2)cs1,1.0,pro_5516,0.9973312417666117
1288,Fc1cccc(c1)S(=O)(=O)n1ccc2c(nc3ccccc3c12)N1CCNCC1,0.0,pro_6167,0.2713700781265895
1289,Cc1csc(NCc2nc3ccc(C)cc3c(=O)n2\N=C\c2ccc(O)cc2)n1,1.0,pro_2655,0.11529050767421722
1290,O=C([C@@H]1C[C@@H](CN1)C(=O)N1CCCCCC1)N1CCC[C@H]1C#N,1.0,pro_2655,0.9946471254030863
1291,Oc1ccc(cc1)-c1nc2[nH]nc(NC(=O)C3CC3)c2cc1-c1ccccc1,1.0,pro_2228,0.8531201680501302
1292,F[C@@H]1CN(CC[C@@H]1Oc1ccc(cc1C#N)-c1ncnc(Nc2ccc(cc2)N2CCN(CC2)C2COC2)n1)C(=O)c1cocn1,0.0,pro_1546,0.5291508833567301
1293,Oc1c(C(=O)NCc2ccc(F)cc2)c2cc(F)ccc2[nH]c1=O,0.0,pro_427,0.7738083004951477
1294,C[C@@H](Oc1ccc(cc1C#N)-c1ncnc(Nc2ccc(cc2)N2CCN(CC2)C2COC2)n1)C1CCOCC1,0.0,pro_1546,0.5831412871678671
1295,C[C@H](Oc1ccc(cc1C#N)-c1ncnc(Nc2ccc(cc2)N2CCN(CC2)C2COC2)n1)C1CCOCC1,0.0,pro_1546,0.583124577999115
1296,CC1(C)Cc2ccccc2C(NC(Cc2ccccc2)c2nnn[nH]2)=N1,0.0,pro_5516,0.5210864755014578
1297,CC(C)(C)c1cc(\C=C2/OC(=O)NC2=O)cc(c1O)C(C)(C)C,1.0,pro_3741,0.6641175051530203
1298,Cn1c2cc(OCc3ccc(Cl)cc3)ccc2[nH]c1=O,0.0,pro_2714,0.28536906838417053
1299,CCn1c2cc(OCc3ccc(cc3)C(F)(F)F)ccc2[nH]c1=O,0.0,pro_634,0.19286913122050464
1300,Cn1cccc1CNc1cc(nc(n1)-c1ccc(cc1)S(C)(=O)=O)C(F)(F)F,0.0,pro_3741,0.385591318209966
1301,COc1ccc2ncc(=O)n(CC(N)C3(F)CCC(CC3)NCc3ccc4OCC(=O)Nc4n3)c2c1,1.0,pro_6088,0.42914168288310367
1302,N[C@@H](Cn1c2cc(F)ccc2ncc1=O)[C@H]1CC[C@@H](CC1)NCc1ccc2OCC(=O)Nc2n1,0.0,pro_6088,0.3146374672651291
1303,N[C@@H](CC(=O)N1C[C@H]2C[C@@H]1CN2C(c1ccc(F)cc1)c1ccc(F)cc1)C(=O)N1Cc2ccccc2C1,0.0,pro_2655,0.23730153745661178
1304,N[C@@H](C1CSCN1)C(=O)N1CCCC1P(=O)(Oc1ccccc1)Oc1ccccc1,0.0,pro_2655,0.5138326038916906
1305,[O-][S+]1CC[C@@H](CC1)Oc1ccc(cc1C#N)-c1ncnc(Nc2ccc(cc2)N2CCN(CC2)C2COC2)n1,0.0,pro_1546,0.5514915883541107
1306,CCC[C@@H](CO)n1cc(C(O)=O)c(=O)c2cc(Cc3cccc(Cl)c3F)c(OC)cc12,1.0,pro_427,0.9523317813873291
1307,COc1cc2n(cc(C(O)=O)c(=O)c2cc1Cc1cccc(Cl)c1F)[C@H](CO)C(C)C,1.0,pro_427,0.9368824164072672
1308,COc1cc2n(cc(C(O)=O)c(=O)c2cc1Cc1cccc(Cl)c1F)[C@H](CO)C(C)(C)C,1.0,pro_427,0.9429792960484823
1309,C[C@H](CO)n1cc(C(O)=O)c(=O)c2cc(Cc3cccc(Cl)c3F)ccc12,1.0,pro_427,0.8754217028617859
1310,COc1cc2n(CCO)cc(C(O)=O)c(=O)c2cc1Cc1cccc(Cl)c1F,1.0,pro_427,0.8369672695795695
1311,OC(=O)c1c[nH]c2ccc(Cc3ccc(Cl)cc3)cc2c1=O,0.0,pro_427,0.7319172422091166
1312,COc1cc2n(CCO)cc(C(O)=O)c(=O)c2cc1Cc1cccc(Cl)c1F,1.0,pro_427,0.8369672695795695
1313,COc1cc2n(cc(C(O)=O)c(=O)c2cc1Cc1cccc(Cl)c1F)[C@H](CO)C(C)C,1.0,pro_427,0.9368824164072672
1314,CC[C@@H](CO)n1cc(C(O)=O)c(=O)c2cc(Cc3cccc(Cl)c3F)ccc12,1.0,pro_427,0.9598024686177572
1315,CC(C)[C@@H](CO)n1cc(C(O)=O)c(=O)c2cc(Cc3cccc(Cl)c3F)ccc12,0.0,pro_427,0.9690529306729635
1316,CC(C)[C@@H](CO)n1cc(C(O)=O)c(=O)c2cc(Cc3cccc(Cl)c3F)ccc12,0.0,pro_427,0.9690529306729635
1317,CC(C)(C)[C@@H](CO)n1cc(C(O)=O)c(=O)c2cc(Cc3cccc(Cl)c3F)ccc12,1.0,pro_427,0.961227297782898
1318,CC(C)[C@H](CO)n1cc(C(O)=O)c(=O)c2cc(Cc3cccc(Cl)c3F)ccc12,1.0,pro_427,0.9608076016108195
1319,COc1cc2n(cc(C(O)=O)c(=O)c2cc1Cc1cccc(Cl)c1F)[C@H](CO)C(C)C,1.0,pro_427,0.9368824164072672
1320,COc1cc2n(cc(C(O)=O)c(=O)c2cc1Cc1cccc(Cl)c1F)[C@H](CO)C(C)C,1.0,pro_427,0.9368824164072672
1321,CCC[C@@H](CO)n1cc(C(O)=O)c(=O)c2cc(Cc3cccc(Cl)c3F)ccc12,1.0,pro_427,0.959460179011027
1322,COc1cc2n(cc(C(O)=O)c(=O)c2cc1Cc1cccc(Cl)c1F)[C@H](CO)C(C)C,1.0,pro_427,0.9368824164072672
1323,COc1cc2n(cc(C(O)=O)c(=O)c2cc1Cc1cccc(Cl)c1F)[C@H](CO)C(C)C,1.0,pro_427,0.9368824164072672
1324,COc1cc2n(cc(C(O)=O)c(=O)c2cc1Cc1cccc(Cl)c1F)[C@@H](CO)C(C)C,1.0,pro_427,0.9501286745071411
1325,COc1cc2n(cc(C(O)=O)c(=O)c2cc1Cc1cccc(Cl)c1F)[C@H](CO)C(C)C,1.0,pro_427,0.9368824164072672
1326,COc1cc2n(CCO)cc(C(O)=O)c(=O)c2cc1Cc1cccc(Cl)c1F,1.0,pro_427,0.8369672695795695
1327,Clc1ccc2oc(SCc3nnc(SCc4cc(=O)oc5ccc6ccccc6c45)o3)nc2c1,1.0,pro_3741,0.4482791523138682
1328,CN1CCN(CC1)c1ccc(Nc2ncc3CCC4N(c3n2)C(C)(C)CNC4=O)nc1,0.0,pro_2228,0.5982931852340698
1329,COc1cc(\C=C\C(=O)N2CCN(CC2)c2ccccc2)ccc1O,1.0,pro_5467,0.7635840972264608
1330,COc1ccc(cn1)-c1cc2c(N[C@@H]3CC[C@](C)(N)C3(C)C)c(cnn2c1)C(N)=O,0.0,pro_6088,0.43921031057834625
1331,C[C@]1(N)CC[C@@H](Nc2c(cnn3cc(cc23)-c2ccc(F)nc2)C(N)=O)C1(C)C,1.0,pro_6088,0.5037335256735483
1332,C[C@]1(N)CC[C@@H](Nc2c(cnn3cc(cc23)-c2cccnc2)C(N)=O)C1(C)C,0.0,pro_6088,0.47028695543607074
1333,N[C@@H](CCNC(=O)c1ccccc1)C(=O)N1CCCCC1,0.0,pro_2655,0.4548341929912567
1334,C[C@]1(C[C@H](OC(N)=N1)C(F)(F)F)c1cc(NC(=O)c2cnc(OCC#C)cn2)cnc1F,1.0,pro_5516,0.9976921081542969
1335,C[C@]1(C[C@H](OC(N)=N1)C(F)(F)F)c1cc(NC(=O)c2cnc(OCC#C)cn2)cnc1F,1.0,pro_5516,0.9976921081542969
1336,CC#CCn1c(nc2c(C)nn(Cc3cc4ccccc4c(C)n3)c(=O)c12)N1CCCC(N)C1,1.0,pro_2655,0.9793859521547953
1337,CN(C)C1CCN(CC1)c1ccc(Nc2cc3c(nc(Nc4ccccc4)nc3cn2)N2CCCCC2)nc1,1.0,pro_2281,0.9461448192596436
1338,CN(C)C1CCN(CC1)c1ccc(Nc2cc3c(nc(Nc4ccc(F)cc4)nc3cn2)N2CCC(CO)CC2)nc1,1.0,pro_2281,0.7565339406331381
1339,Clc1nc(NCCN2CCOCC2)nc(NCc2ccc(I)cc2)n1,0.0,pro_5516,0.15711691851417223
1340,COC(=O)CC1N(C(=O)Nc2nnc(C)s2)C(=O)c2ccccc2S1(=O)=O,0.0,pro_3741,0.36205099026362103
1341,Fc1ccc2N(CC#C)CCC(N3CCCC3=O)c2c1,0.0,pro_2892,0.17857422679662704
1342,O=C1CCCN1C1CCN(CC#C)c2ccccc12,0.0,pro_2892,0.046221449971199036
1343,CCc1ccc2N(CC=C)CCC(N3CCCC3=O)c2c1,0.0,pro_2892,0.09664501994848251
1344,Clc1ccc2N(CC=C)CCC(N3CCCC3=O)c2c1,0.0,pro_2892,0.18308870246013006
1345,COc1ccc2N(CC=C)CCC(N3CCCC3=O)c2c1,0.0,pro_2892,0.23421374211708704
1346,Cc1ccc2N(CC=C)CCC(N3CCCC3=O)c2c1,0.0,pro_2892,0.18697155763705572
1347,CCc1ccc2N(CC#C)CCC(N3CCCC3=O)c2c1,0.0,pro_2892,0.07668272902568181
1348,Brc1ccc2N(CC=C)CCC(N3CCCC3=O)c2c1,0.0,pro_2892,0.21424944698810577
1349,Cc1ccc2N(CC#C)CCC(N3CCCC3=O)c2c1,0.0,pro_2892,0.17724071939786276
1350,Brc1ccc2N(CC#C)CCC(N3CCCC3=O)c2c1,0.0,pro_2892,0.18496058881282806
1351,Clc1ccc2N(CC#C)CCC(N3CCCC3=O)c2c1,0.0,pro_2892,0.16464414447546005
1352,Oc1c(C(c2ccc(cc2)C(=O)c2ccccc2)c2c(O)c3ccccc3oc2=O)c(=O)oc2ccccc12,1.0,pro_427,0.6085249284903208
1353,COc1ccc(cc1)S(=O)(=O)N1CCC[C@@H]1C(=O)NO,1.0,pro_2218,0.9816084305445353
1354,COc1ccc(cc1)S(=O)(=O)N1C[C@H](C[C@H]1C(=O)NO)NC(=O)CNC(=O)[C@@H](N)CC(C)C,1.0,pro_2218,0.9516917069753011
1355,CSCC[C@H](N)C(=O)NCC(=O)N[C@H]1C[C@H](N(C1)S(=O)(=O)c1ccc(Cl)cc1)C(=O)NO,1.0,pro_2218,0.8669475118319193
1356,Cc1ccc(cc1)S(=O)(=O)N1C[C@H](O)C[C@H]1C(=O)NO,1.0,pro_2218,0.9785253604253134
1357,COc1ccc(cc1)S(=O)(=O)N1C[C@H](C[C@H]1C(=O)NO)NC(=O)CNC(=O)[C@@H](N)CCSC,1.0,pro_2218,0.9246835907300314
1358,COc1ccc(cc1)S(=O)(=O)N1C[C@H](C[C@@H]1C(=O)NO)NS(C)(=O)=O,1.0,pro_2218,0.9875046809514364
1359,COc1ccc(cc1)S(=O)(=O)N1C[C@@H](N)C[C@@H]1C(=O)NO,1.0,pro_2218,0.9351541598637899
1360,ONC(=O)[C@@H]1C[C@@H](O)CN1S(=O)(=O)c1ccccc1,1.0,pro_2218,0.9617877205212911
1361,CCCCOc1ccc(cc1)S(=O)(=O)N1CC(C[C@@H]1C(=O)NO)NOC,1.0,pro_2218,0.9929754535357157
1362,CC(C)C[C@H](N)C(=O)NCC(=O)N[C@H]1C[C@H](N(C1)S(=O)(=O)c1ccc(C)cc1)C(=O)NO,1.0,pro_2218,0.8861511945724487
1363,OC(=O)[C@H](CCCCNC(=O)OCc1ccccc1)NC(=O)C=Cc1ccccc1,0.0,pro_2218,0.3628670672575633
1364,C[C@@]1(N=C(N)S[C@]2(C[C@@H]12)C(=O)N1CCC(F)CC1)c1cc(\C=C(/F)c2ccc(cn2)C#N)ccc1F,1.0,pro_5516,0.9993582367897034
1365,NC\C(COc1ccc(cc1)S(=O)(=O)CC12CCC(CC1)(CC2)C(=O)NC1CCC1)=C/F,1.0,pro_2714,0.8944918115933737
1366,NC\C(COc1ccc(cc1)S(=O)(=O)CC12CCC(CC1)(CC2)C(=O)NC1CC(F)(F)C1)=C/F,1.0,pro_2714,0.9000538388888041
1367,NC\C(COc1ccc(cc1)S(=O)(=O)CC12CCC(CC1)(CC2)C(=O)NC1CCC1)=C\F,1.0,pro_2714,0.8407496213912964
1368,CC[C@H](C)[C@H](NC(=O)[C@H](CC(C)C)NC(=O)[C@H](CCCN=C(N)N)NC(=O)c1ccc(CN(CC)CC)o1)C(=O)N[C@@H](Cc1ccccc1)C(O)=O,1.0,pro_2228,0.32315269112586975
1369,Cc1ncc(\C=C\c2ccc(CN3CCOCC3)c(O)c2)c(CO)c1O,1.0,pro_2892,0.544247547785441
1370,CC(C)n1nc(-c2cc(on2)C2CC2)c2c(N)ncnc12,1.0,pro_6167,0.3217352976401647
1371,N[C@H]1C[C@H](CO[C@@H]1c1cc(F)ccc1F)n1cc(cn1)N1CCC(O)(C(=O)NCc2cc(Cl)cc(Cl)c2F)C1=O,1.0,pro_2655,0.9889830549558004
1372,Fc1ccc2nccc(O[C@H]3C[C@H]4[C@@H](C3)[C@@H]4C(C3CC3)C(=O)Nc3ccc(cn3)C#N)c2c1,1.0,pro_171,0.9042485157648722
1373,Fc1ccc2nccc(O[C@H]3C[C@H]4[C@@H](C3)[C@@H]4C(C3CC3)C(=O)Nc3ccc(Cl)cn3)c2c1,1.0,pro_171,0.9923288623491923
1374,Cc1noc(C)c1-c1ccc2c(c1)nc(NCCCCNC(=O)OC(C)(C)C)c1nnc(C)n21,1.0,pro_570,0.9079539577166239
1375,CC(C)[C@H](O)C(=O)NCCCCNc1nc2cc(ccc2n2c(C)nnc12)-c1c(C)noc1C,1.0,pro_570,0.9504660566647848
1376,OC[C@H]1O[C@@H](OCCCCc2cn(CCCc3ccc(O)c(\C=N\O)n3)nn2)[C@H](O)[C@@H](O)[C@@H]1O,0.0,pro_5467,0.09642843343317509
1377,N#Cc1cc(ccc1OCCc1c[nH]c2ccccc12)-c1ncnc(Nc2ccc(cc2)N2CCN(CC2)C2COC2)n1,0.0,pro_1546,0.38095464557409286
1378,COc1ncc-2cc1NS(=O)(=O)c1cccc(c1)C(=O)NCCn1cc(cn1)-c1cnc3ccc-2nn13,1.0,pro_6167,0.6163448492685953
1379,Oc1ccc(C(=O)NNC(=O)CSc2nnnn2-c2ccccc2)c(O)c1,0.0,pro_427,0.5161353349685669
1380,CS(=O)(=O)OC1CN(C1)c1ccc(cc1C#N)-c1ncnc(Nc2ccc(cc2)N2CCN(CC2)C2COC2)n1,0.0,pro_1546,0.5873703757921854
1381,COC1CN(C1)c1ccc(cc1C#N)-c1ncnc(Nc2ccc(cc2)N2CCN(CC2)C2COC2)n1,0.0,pro_1546,0.5819347500801086
1382,CS(=O)(=O)C1CN(C1)c1ccc(cc1C#N)-c1ncnc(Nc2ccc(cc2)N2CCN(CC2)C2COC2)n1,0.0,pro_1546,0.6055154403050741
1383,COOC[C@@]1(C)CC[C@]2(C)CC[C@]3(C)[C@@H]4CC(=O)c5cc(OC)c(O)cc5[C@]4(C)CC[C@@]3(C)C2C1,0.0,pro_3741,0.4020525763432185
1384,CC(C)c1ccc(NC(=O)OCC2CCCN(C2)C2Cc3ccccc3C2)cc1,0.0,pro_634,0.16333594856162867
1385,O=C(Nc1ccccc1)OCC1CCCN(C1)C1Cc2ccccc2C1,0.0,pro_634,0.13346859393641353
1386,O=C(Nc1ccccc1)OCC1CCCN(C1)C1Cc2ccccc2C1,0.0,pro_634,0.13346859393641353
1387,CC(C)c1ccc(NC(=O)OCC2CCCN(C2)C2Cc3ccccc3C2)cc1,0.0,pro_634,0.16333594856162867
1388,CCCSc1nc(ccc1C(=O)NC1CCCCC1)N1CCC[C@@H](CC(O)=O)C1,0.0,pro_6088,0.21682675927877426
1389,Cn1cnc2cc(C#N)c(c(CN)c12)-c1ccccc1Cl,1.0,pro_2655,0.9785724679629008
1390,OC(=O)CN1C(=S)S\C(=C/c2cccc3c4ccccc4oc23)C1=O,0.0,pro_2218,0.43568513294061023
1391,CC([C@H](N)C(F)=C1CCCC1)c1nc(no1)-c1ccc(cc1Cl)S(C)(=O)=O,1.0,pro_2655,0.8657389481862386
1392,CS(=O)(=O)c1ccc(-c2noc(n2)[C@@H](CCO)[C@H](N)C(F)=C2CCCC2)c(Cl)c1,1.0,pro_2655,0.9402809341748556
1393,CNCc1c(-c2ccccc2)c2cc(Cl)ccc2c(=O)n1CC(C)C,0.0,pro_2655,0.19437330588698387
1394,COc1ccc2c(c1)c(-c1cccc(F)c1)c(C#N)n(CCO)c2=O,0.0,pro_6088,0.13938476610928774
1395,COc1ccc2c(c1)c(-c1ccccc1)c(C#N)n(C[C@@H](O)CO)c2=O,0.0,pro_6088,0.2552924578388532
1396,CC(C)Cn1c(CN(C)C)c(-c2ccccc2)c2cc(Cl)ccc2c1=O,0.0,pro_2655,0.07142608053982258
1397,COc1ccc2c(c1)c(-c1ccccc1)c(C#N)n(C[C@H](O)CO)c2=O,0.0,pro_6088,0.26310434689124423
1398,COc1cc(cc(OC)c1CN(C)C)-c1cn(C)c(=O)c2ccccc12,1.0,pro_570,0.9471628864606222
1399,Cn1c(N)c(-c2ccccc2)c2cc(Cl)ccc2c1=O,0.0,pro_2655,0.09202509994308154
1400,COc1cc(c(OC)cc1CN(C)C)-c1cn(C)c(=O)c2ccccc12,0.0,pro_570,0.9623149236043295
1401,Cn1c(CO)c(-c2ccccc2)c2cc(Cl)ccc2c1=O,0.0,pro_2655,0.19813013759752116
1402,COc1ccc2c(c1)c(-c1cccc(F)c1)c(C#N)n(CC(O)CO)c2=O,1.0,pro_6088,0.19256654009222984
1403,COc1cnc(C(=O)Nc2ccc(F)c(c2)[C@@]2(C)N=C(N)C3(CCC3)S(=O)(=O)[C@@H]2F)c(C)c1,1.0,pro_5516,0.9990323980649313
1404,Cc1cc(cnc1C(=O)Nc1ccc(F)c(c1)[C@]1(C)CS(=O)(=O)C2(CCC2)C(N)=N1)C(F)F,1.0,pro_5516,0.994868258635203
1405,Cc1nn(c2C(Br)C(C)(C)CC(=O)c12)-c1ccncn1,1.0,pro_2228,0.7437868118286133
1406,CC(C)(C)c1cc(NC(=O)Nc2ccc(Oc3ccnc4[nH]c(=O)cnc34)cc2F)n(n1)-c1cccc(F)c1,0.0,pro_6088,0.05775547524293264
1407,COc1cccc(c1)-n1nc(cc1NC(=O)Nc1ccc(Oc2ccnc3[nH]c(=O)cnc23)cc1F)C(C)(C)C,0.0,pro_6088,0.03996052530904611
1408,CC(C)(C)c1cc(NC(=O)Nc2ccc(Oc3ccnc4[nH]c(=O)cnc34)cc2F)n(n1)-c1cccc(c1)C(F)(F)F,0.0,pro_6088,0.10275557388861974
1409,FC(F)(F)C1=NN(C(C1)c1cccc2ccccc12)S(=O)(=O)c1ccccc1,0.0,pro_3741,0.6515652338663737
1410,Cc1ccc(cc1)S(=O)(=O)N1N=C(CC1c1cccc2ccccc12)C(F)(F)F,0.0,pro_3741,0.6069813172022501
1411,O=C1NC(=O)C(=C(C#N)C#N)C(=O)N1,0.0,pro_2281,0.029301311820745468
1412,COc1cc(C=C(C#N)C#N)cc(CS(=O)(=O)c2ccc(C)cc2)c1O,0.0,pro_2281,0.34262541743616265
1413,CC(C)C(=O)Nc1ccc(CS(=O)(=O)c2ccc(OC\C(CN)=C\F)cc2)cc1,1.0,pro_2714,0.9353984793027242
1414,CN(C)CCN1C(=O)CCc2cc(ccc12)N=C(N)c1cccs1,0.0,pro_6167,0.1322553555170695
1415,NCc1ccc(s1)S(=O)(=O)c1ccc(cc1)S(=O)(=O)CCO,0.0,pro_2714,0.047980876018603645
1416,CS(=O)(=O)c1ccc(cc1)S(=O)(=O)c1ccc(CN)s1,0.0,pro_634,0.03251005119333664
1417,NCc1ccc(s1)S(=O)(=O)c1ccc(cc1)S(=O)(=O)CCCN=[N+]=[N-],0.0,pro_634,0.09245241774866979
1418,CC(C)S(=O)(=O)c1cc(cc(c1)S(=O)(=O)c1ccc(CN)s1)C(C)(C)C,0.0,pro_634,0.037172251070539154
1419,CC(C)(C)c1cc(cc(c1)S(=O)(=O)c1ccc(CN)s1)S(C)(=O)=O,0.0,pro_634,0.10112591652432457
1420,NCc1ccc(s1)S(=O)(=O)c1ccc(cc1)S(=O)(=O)CCCN=[N+]=[N-],0.0,pro_634,0.09245241774866979
1421,CC(C)(C)Oc1cc(cc(c1)S(=O)(=O)c1ccc(CN)s1)S(C)(=O)=O,0.0,pro_634,0.10667592120201637
1422,CC(C)(C)c1cc(cc(c1)S(=O)(=O)c1ccc(CN)s1)S(C)(=O)=O,0.0,pro_634,0.10112591652432457
1423,CN(C)S(=O)(=O)c1ccc(cc1)S(=O)(=O)c1ccc(CN)s1,0.0,pro_634,0.04585235356353223
1424,NCc1ccc(s1)S(=O)(=O)c1ccc(cc1)S(=O)(=O)CCCO,0.0,pro_634,0.0512941722990945
1425,CC(C)S(=O)(=O)c1cc(cc(c1)S(=O)(=O)c1ccc(CN)s1)C(C)(C)C,0.0,pro_634,0.037172251070539154
1426,CCS(=O)(=O)c1cc(cc(c1)S(=O)(=O)c1ccc(CN)s1)C(C)(C)C,0.0,pro_2714,0.037744718293348946
1427,CCCOc1cnc(cn1)C(=O)Nc1cc(F)c(F)c(c1)[C@@]1(C)N=C(N)S[C@@]2(COC)C[C@@H]12,1.0,pro_5516,0.9993307987848917
1428,COC[C@]12C[C@H]1[C@](C)(N=C(N)S2)c1cc(NC(=O)c2cnc(OCC#C)cn2)cc(F)c1F,1.0,pro_6167,0.41110044221083325
1429,CCCOc1cnc(cn1)C(=O)Nc1cc(F)c(F)c(c1)[C@@]1(C)N=C(N)S[C@@]2(COC)C[C@@H]12,1.0,pro_5516,0.9993307987848917
1430,Cn1c(Sc2ccc(cc2)C(=O)NO)nnc1-c1cccs1,1.0,pro_6167,0.17211215198040009
1431,CNS(=O)(=O)Nc1cccc(Cc2c(C)c3ccc(Oc4ncccn4)cc3oc2=O)c1F,1.0,pro_6167,0.7176220317681631
1432,C(\C=C\c1ccccc1)n1nnc(Cc2cccnc2)n1,0.0,pro_2218,0.10756458342075348
1433,Clc1cc(NC(=O)c2ccc3[nH]ncc3c2)cnc1Cl,1.0,pro_634,0.9038397073745728
1434,CC(C)(C)OC(=O)N1CCC(CC#N)(CC1)n1nc(Nc2cccc(c2)S(C)(=O)=O)c2c1cc[nH]c2=O,1.0,pro_1546,0.9912243286768595
1435,Cc1cccc(Nc2nn(c3cc[nH]c(=O)c23)C2(CC#N)CCN(CC2)C(=O)OC(C)(C)C)c1,1.0,pro_1546,0.9879833459854126
1436,CN(C)S(=O)(=O)c1ccc(Nc2nn(c3cc[nH]c(=O)c23)C2(CC#N)CCN(CC2)C(=O)OCC(C)(C)C)cc1,1.0,pro_1546,0.9881455898284912
1437,CCC1(CCN(CC1)C(=O)OC(C)(C)C)n1nc(Nc2cccc(CC#N)c2)c2c1cc[nH]c2=O,1.0,pro_1546,0.9916069110234579
1438,COC(=O)N1CCC(CC#N)(CC1)n1nc(Nc2ccc(F)cc2)c2c1cc[nH]c2=O,1.0,pro_1546,0.9848471879959106
1439,CN(C)CC(=O)N1CCC(CC#N)(CC1)n1nc(Nc2ccc(cc2)S(=O)(=O)N(C)C)c2c1cc[nH]c2=O,1.0,pro_1546,0.9877536296844482
1440,Nc1n[nH]c(N)c1\N=N\c1ccccc1,0.0,pro_2228,0.596590260664622
1441,Nc1n[nH]c(N)c1\N=N\c1ccccc1,0.0,pro_2228,0.596590260664622
1442,Nc1n[nH]c(N)c1\N=N\c1ccccc1[N+]([O-])=O,0.0,pro_2228,0.5425321459770203
1443,Nc1n[nH]c(N)c1\N=N\c1cccc(c1)[N+]([O-])=O,0.0,pro_2228,0.5819830596446991
1444,Nc1n[nH]c(N)c1\N=N\c1cccc(O)c1,0.0,pro_2228,0.7618787884712219
1445,Nc1n[nH]c(N)c1N=Nc1ccc(O)cc1,0.0,pro_2228,0.8231603503227234
1446,Nc1n[nH]c(N)c1\N=N\c1cccc(O)c1,0.0,pro_2228,0.7618787884712219
1447,Nc1n[nH]c(N)c1\N=N\c1ccccc1CO,0.0,pro_2228,0.5710257291793823
1448,Nc1n[nH]c(N)c1\N=N\c1cccc(c1)[N+]([O-])=O,0.0,pro_2228,0.5819830596446991
1449,CC(C)c1ccc(NC(=O)OC2CCCN(CC#C)C2)cc1,0.0,pro_634,0.5513305266698202
1450,CC(C)c1ccc(NC(=O)OC2CCCN(CC#C)C2)cc1,0.0,pro_634,0.5212833285331726
1451,O=C(Nc1ccccc1)OC1CCCN(CC#C)C1,0.0,pro_5467,0.49457769592603046
1452,Nc1ncc(NC(=O)c2cc(NC(=O)c3cccc(c3)C(F)(F)F)ccc2Cl)cc1Cl,1.0,pro_1546,0.3031269858280818
1453,Nc1ncc(NC(=O)c2cc(NC(=O)c3cccc(c3)C(F)(F)F)ccc2Cl)cc1Cl,1.0,pro_1546,0.3031269858280818
1454,Cc1cccc(CN2C3N(CCC3(Cc3cccc(C)c3)c3ccccc23)C(=O)c2ccccc2)c1,1.0,pro_2892,0.4724014798800151
1455,COc1ccc(cc1)C(=O)N1CCC2(Cc3ccccc3C)C1N(Cc1ccccc1C)c1ccccc21,0.0,pro_2892,0.3706023469567299
1456,CS(=O)(=O)c1ccc(cc1)-c1cnn(Cc2ccccc2)c(=O)c1OCC1CC1,1.0,pro_3741,0.8799036939938863
1457,Cc1ccc(NC(=O)CCc2cn(Cc3ccc4oc(cc(=O)c4c3)-c3ccccc3)nn2)cc1,1.0,pro_634,0.1603503692895174
1458,Fc1ccc(NC(=O)CCc2cn(Cc3ccc4oc(cc(=O)c4c3)-c3ccccc3)nn2)cc1,0.0,pro_2714,0.20477922881642976
1459,Cc1ccc(NC(=O)CCc2cn(Cc3ccc4oc(cc(=O)c4c3)-c3ccccc3)nn2)cc1,1.0,pro_634,0.1603503692895174
1460,Cc1ccc(NC(=O)CCc2cn(Cc3ccc4oc(cc(=O)c4c3)-c3ccc(Cl)cc3)nn2)cc1,0.0,pro_634,0.14792297314852476
1461,Fc1ccc(NC(=O)CCc2cn(Cc3ccc4oc(cc(=O)c4c3)-c3ccc(Cl)cc3)nn2)cc1,0.0,pro_2714,0.13895254085461298
1462,Cc1cccc(CNc2ccc(cn2)[C@H]2C[C@@H]2NC2CCC(N)CC2)c1,0.0,pro_2714,0.6680720150470734
1463,ONC(=O)C1(CCOCC1)S(=O)(=O)c1ccc(cc1)N1CCN(CC1)c1ccc(Cl)cc1,1.0,pro_2218,0.9917733073234558
1464,N[C@@H]1CCCN(C1)c1nc2ccc(F)cc2c(=O)n1Cc1ccccc1C#N,1.0,pro_2655,0.9838688770929972
1465,COc1cc2c(cc1F)nc(N1CCC[C@@H](N)C1)n(Cc1ccccc1C#N)c2=O,1.0,pro_2655,0.8344793915748596
1466,N[C@@H]1CCCN(C1)c1nc2cccc(F)c2c(=O)n1Cc1ccccc1C#N,1.0,pro_2655,0.9772677024205526
1467,Cc1ccc(cc1)S(=O)(=O)NN1C(=O)c2c(C1=O)c1c3cccc(O)c3n(C3OC(CO)C(O)C(O)C3O)c1c1[nH]c3c(O)cccc3c21,0.0,pro_2281,0.23092791996896267
1468,NC1=NC(C2=NCCCN12)(c1ccccc1)c1ccccc1,1.0,pro_5516,0.9542059699694315
1469,Cc1c(OCCCCCN2CCOCC2)ccc2c1oc(cc2=O)-c1ccccc1,0.0,pro_3129,0.8583990732828776
1470,Fc1ccccc1C(=O)NCCOc1nc(Cl)nc(Nc2ccc(cc2)N2CCOCC2=O)n1,0.0,pro_3741,0.5942951142787933
1471,Clc1ccc(cc1)C(=O)NC1(CC1)c1ccc2N(CCc2n1)C(=O)OC1CC1,1.0,pro_171,0.9880934158960978
1472,CN1CC2C(C(=O)N(C2=O)c2ccc(F)cc2)C11C(=O)c2ccccc2C1=O,0.0,pro_5467,0.861611525217692
1473,CN1CC2C(C(=O)N(C2=O)c2ccc(Cl)cc2)C11C(=O)c2ccccc2C1=O,1.0,pro_5467,0.8386488556861877
1474,CCc1ccc(cc1)N1C(=O)C2CN(C)C3(C2C1=O)C(=O)c1ccccc1C3=O,1.0,pro_5467,0.7160473664601644
1475,CN1CC2C(C(=O)N(C2=O)c2cccc(F)c2)C11C(=O)c2ccccc2C1=O,0.0,pro_5467,0.8590191602706909
1476,COc1ccc(\C=N\NC(=O)CN2CCC(Cc3ccccc3)CC2)cc1OC,0.0,pro_3129,0.8324641784032186
1477,COc1ccc(\C=N\NC(=O)CN2CCC(Cc3ccccc3)CC2)cc1,0.0,pro_5467,0.6945704023043314
1478,COc1ccc(\C=N\NC(=O)CN2CCC(Cc3ccccc3)CC2)cc1,0.0,pro_5467,0.6945704023043314
1479,CCOc1ccc(\C=N\NC(=O)CN2CCC(Cc3ccccc3)CC2)cc1,0.0,pro_3129,0.7257201671600342
1480,CC1(COCS(=O)(=O)c2ccc(OC\C(CN)=C\F)cc2)CCOCC1,1.0,pro_2714,0.9448024233182272
1481,NC\C(COc1ccc(cc1)S(=O)(=O)COCC1CCOCC1)=C/F,1.0,pro_2714,0.952359656492869
1482,NC\C(COc1ccc(cc1)S(=O)(=O)COCC1(CCOCC1)C#N)=C/F,1.0,pro_634,0.9640079339345297
1483,NC\C(COc1ccc(cc1)S(=O)(=O)COCC1(CCOCC1)C#N)=C/F,1.0,pro_634,0.9640079339345297
1484,Cn1cc[n+](CC(=O)Nc2ccc3nc4c5[nH]c6ccccc6c5ccn4c(=O)c3c2)c1,1.0,pro_2892,0.8881820440292358
1485,CCOc1cc(CNC(=O)c2ncoc2-c2ccc(OC)cc2)cc(OCC)c1OCC,1.0,pro_171,0.058448550601800285
1486,NC1=N[C@@]2(CCOC1)c1cc(ccc1Oc1cnc(cc21)-c1ccc(F)c(F)c1)-c1cccnc1F,1.0,pro_5516,0.9922206600507101
1487,Clc1cccc(Cn2ccc3c(nc4ccccc4c23)N2CC3(COC3)C2)c1,1.0,pro_634,0.30373837674657506
1488,CC(C)(C)OC(C(O)=O)c1c(nc(-c2cnn(Cc3ccccc3)c2)c2ccccc12)-c1ccc2OCCCc2c1,1.0,pro_427,0.8680665294329325
1489,N[C@@H](CCNc1ccc(cn1)C#N)C(=O)N1CCCCC1,0.0,pro_2655,0.5386801858743032
1490,N[C@@H](CCNc1ncccc1[N+]([O-])=O)C(=O)N1CCCCC1,0.0,pro_2655,0.49306407074133557
1491,COc1cc2oc3c(OC)cccc3c(=O)c2c(OC)c1OC,1.0,pro_2714,0.5416298806667328
1492,CC(C)=CCc1cc(O)c2c(oc3c(O)cccc3c2=O)c1O,1.0,pro_2714,0.47438030938307446
1493,COc1c(O)cc2oc3c(OC)c(O)ccc3c(=O)c2c1O,1.0,pro_2714,0.6119913458824158
1494,COc1cc(O)c2c(c1)oc1c(OC)cccc1c2=O,1.0,pro_2714,0.6021777590115865
1495,COc1c(O)ccc2c1oc1ccccc1c2=O,0.0,pro_2714,0.6625568370024363
1496,COc1ccc2c(c1)oc1c(OC)cccc1c2=O,1.0,pro_2714,0.7535963257153829
1497,COc1cccc2c1oc1ccccc1c2=O,1.0,pro_2714,0.7731457352638245
1498,COc1ccc2c(oc3ccccc3c2=O)c1OC,1.0,pro_2714,0.7318851749102274
1499,COc1cccc2oc3c(O)cccc3c(=O)c12,0.0,pro_2714,0.731831431388855
1500,COc1cccc2c1oc1cc(O)c(OC)c(O)c1c2=O,0.0,pro_2714,0.657732347647349
1501,Clc1ccc2c(c1)oc(cc2=O)C(=O)NC1CCN(Cc2ccc3OCOc3c2)CC1,1.0,pro_6088,0.6593226591746012
1502,O=C(NC1CCN(Cc2ccc3OCOc3c2)CC1)c1cc(=O)c2ccccc2o1,1.0,pro_6088,0.6650174657503763
1503,FC(F)Oc1ccc2c(c1)oc(cc2=O)C(=O)NC1CCN(Cc2ccc3OCOc3c2)CC1,1.0,pro_6088,0.6591151356697083
1504,Clc1cc2oc(cc(=O)c2cc1Cl)C(=O)NC1CCN(Cc2ccc3OCOc3c2)CC1,1.0,pro_6088,0.5877898434797922
1505,Fc1ccc2oc(cc(=O)c2c1)C(=O)NC1CCN(Cc2ccc3OCOc3c2)CC1,1.0,pro_6088,0.6839075883229574
1506,COC(=O)C1(CCC1)Sc1nonc1\C(Nc1ccc(F)c(Br)c1)=N\O,1.0,pro_171,0.9967605074246725
1507,Cc1sc(cc1[C@@H]1C[C@H]1NCC1CC1)C(=O)Nc1ccn(C)c1,0.0,pro_2714,0.1116912395033675
1508,O=C1CSc2cc(OCCCc3ccccc3)ccc2N1,0.0,pro_2714,0.8077666362126669
1509,CSc1ccc(cc1)C(O)C(CO)NC(=O)c1cc2C(=O)CC(C)(C)Cc2n(-c2ccc(Cl)cc2)c1=O,0.0,pro_5516,0.287674172470967
1510,Clc1ccc(NC(=O)OCCCCN2CCC(CC2)OCc2ccccc2)cc1,0.0,pro_2892,0.7758965293566386
1511,Fc1ccc(NC(=O)OCCCCN2CCC(CC2)OCc2ccccc2)cc1,0.0,pro_2892,0.7897568742434183
1512,CCOP(=O)(Cn1ccc(NC(=O)c2cc(OC(C)C)cc(Oc3ccc(cn3)C(=O)N3CCC3)c2)n1)OCC,0.0,pro_6088,0.35195402180155116
1513,COc1cncc(c1)-c1nc(cn1-c1ccc(cc1)S(N)(=O)=O)C(F)(F)F,0.0,pro_3741,0.7605742812156677
1514,Cc1ccncc1-c1nc(cn1-c1ccc(cc1)S(N)(=O)=O)C(F)(F)F,0.0,pro_3741,0.750959058602651
1515,Cc1ccncc1-c1nc(cn1-c1ccc(cc1)S(C)(=O)=O)C(F)(F)F,0.0,pro_3741,0.6748511791229248
1516,COc1cncc(c1)-c1nc(cn1-c1ccc(cc1)S(C)(=O)=O)C(F)(F)F,1.0,pro_3741,0.7601750095685323
1517,CS(=O)(=O)c1ccc(cc1)-n1cc(CO)nc1-c1cccnc1,0.0,pro_3741,0.8774651885032654
1518,O=C(Nc1ccc(CNC2CC2)cc1)c1n[nH]cc1Nc1ncnc2sccc12,1.0,pro_2228,0.9166294535001119
1519,C[C@H](O)c1nccn1Cc1cc(on1)C#Cc1ccc(OCC(N)(CO)CO)cc1,0.0,pro_2218,0.4246453096469243
1520,CC(C)[C@@H]1COC(=O)N1CC(=O)Nc1nc(C)c(s1)-c1ccc(N)cc1,1.0,pro_6167,0.39134375254313153
1521,CC(C)c1ccc(NC(=O)OC2CCN(CC2)C2Cc3ccccc3C2)cc1,0.0,pro_634,0.09924179579441746
1522,CC(C)c1ccc(NC(=O)OC2CCN(CC2)C2Cc3ccccc3C2)cc1,0.0,pro_634,0.09924179579441746
1523,COc1cc(\C=N\Nc2nc(cs2)-c2ccc(cc2)S(C)(=O)=O)cc(OC)c1O,0.0,pro_3741,0.6851426462332407
1524,COc1ccc(\C=N\Nc2nc(cs2)-c2ccc(cc2)S(C)(=O)=O)c(OC)c1,0.0,pro_3741,0.5763370792071024
1525,CS(=O)(=O)c1ccc(cc1)-c1csc(N\N=C\c2ccc(O)cc2)n1,0.0,pro_3741,0.7128873467445374
1526,Cn1c2ccc(cc2c(=O)n(Cc2ccc(cc2)C(O)=O)c1=O)C#CCc1ccccc1,1.0,pro_2218,0.5953933298587799
1527,CC1(C)Cc2c(c(c(CC(O)=O)n2C1)-c1ccc(Cl)cc1)-c1ccccc1,1.0,pro_3741,0.8228204250335693
1528,COc1ccc(\C=C2\C(C)=NN(C2=O)c2nnn[nH]2)cc1OCc1ccccc1Cl,1.0,pro_427,0.584438274304072
1529,OC[C@@H](N1CCCn2cc(cc2C1=O)-c1ccnc(N[C@@H]2C[C@H](O)[C@@H](F)C2)n1)c1ccccc1,1.0,pro_6167,0.3943370481332143
1530,CSCC(=O)NCCCCCC(=O)N(C)CCCN1c2ccccc2CCc2ccccc12,0.0,pro_570,0.13539509351054826
1531,CN(C)CCCN1c2ccccc2CCc2ccccc12,0.0,pro_570,0.2874437558154265
1532,CN(C)CCCN1c2ccccc2CCc2ccccc12,0.0,pro_570,0.2874437558154265
1533,CSCC(=O)N(C)CCCN1c2ccccc2CCc2ccccc12,0.0,pro_570,0.12353602548440297
1534,COC(=O)N1[C@@H](C)CCc2c1ccc1n(c(CC(C(O)=O)c3ccccc3)nc21)-c1cccc(OC)c1,0.0,pro_570,0.14109946290651956
1535,COC(=O)N1[C@@H](C)CCc2c1ccc1n(c(CC(C(O)=O)c3ccccc3)nc21)-c1ccc(cc1)C#N,0.0,pro_570,0.0978227077672879
1536,COC(=O)N1[C@@H](C)CCc2c1ccc1n(c(C[C@H](C(O)=O)c3ccccc3)nc21)-c1ccccc1,0.0,pro_570,0.16278029357393584
1537,OCc1ccncc1-c1ccc2[nH]nc(C(=O)NCC3CCOCC3)c2c1,1.0,pro_6088,0.4830340842405955
1538,COCc1ccncc1-c1ccc2[nH]nc(C(=O)NCC3CCOCC3)c2c1,1.0,pro_6088,0.4219064265489578
1539,Fc1ccc(NC(=O)C2(COC2)c2ccc(NC(=O)c3cccc(Cl)c3)cn2)cc1,1.0,pro_171,0.4625358482201894
1540,CNC(=O)[C@H](Cc1c[nH]c2ccccc12)NC(=O)[C@H](CC(C)C)CC(=O)NNS(=O)(=O)c1ccc(cc1)-c1ccc(Br)cc1,1.0,pro_2218,0.9542977611223856
1541,COc1cc2CCN(Cc2cc1OC)C(=O)CCn1sc2nc(C)cc(C)c2c1=O,0.0,pro_3741,0.23771505802869797
1542,Cn1c(SCC(=O)NNC(=O)c2cccc(O)c2)nc2sc3CCCc3c2c1=O,0.0,pro_427,0.3431400458017985
1543,CC(=O)C(=C(/N)c1ccco1)\c1ccccc1,0.0,pro_3741,0.6222773790359497
1544,CC1(COC1)C(=O)N1CC(C1)C#Cc1ccc2c(c1)occ(-c1ccc(NS(C)(=O)=O)cc1)c2=O,0.0,pro_634,0.003931942318255703
1545,Cc1ccc(NCC(=O)N\N=C\c2cccc(OC(=O)c3ccc4OCOc4c3)c2)cc1,0.0,pro_427,0.13791915650169054
1546,Cc1ccc2oc(=O)c3cc(C4=Nc5ccc(cc5N=CC4)C(=O)c4ccccc4)c(=O)oc3c2c1,0.0,pro_427,0.38130800674359006
1547,CC(=O)Nc1ccc(cc1)-c1ccnc(Nc2cccc(NC(=O)c3ccccc3)c2)n1,1.0,pro_1546,0.8117088278134664
1548,CC(=O)Nc1ccc(cc1)-c1ccnc(Nc2cccc(NC(=O)c3ccccc3Cl)c2)n1,1.0,pro_1546,0.7820976575215658
1549,CC(=O)NC(Cc1ccccc1F)C(=O)Oc1ccc(cc1)[N+]([O-])=O,0.0,pro_2892,0.32958656549453735
1550,CC(=O)NC(Cc1ccc(F)cc1)C(=O)Oc1ccc(C)cc1,0.0,pro_2892,0.3731718510389328
1551,CC(=O)NC(Cc1cccc(F)c1)C(=O)Oc1ccccc1,0.0,pro_2892,0.32533763349056244
1552,CC(=O)NC(Cc1ccc(F)cc1)C(=O)Oc1ccccc1,0.0,pro_2892,0.33232828229665756
1553,CC(=O)NC(Cc1cccc(F)c1)C(=O)Oc1ccc(cc1)[N+]([O-])=O,0.0,pro_2892,0.39990509549776715
1554,CC(=O)NC(Cc1ccccc1F)C(=O)Oc1ccc(Cl)cc1,0.0,pro_2892,0.26250316202640533
1555,CC(=O)NC(Cc1ccccc1F)C(=O)Oc1ccc(C)cc1,0.0,pro_2892,0.33621693154176074
1556,CCN(CC)CCOc1cc2ncnc(Nc3ccc(NC(=O)Nc4ccc(F)c(Cl)c4)cc3)c2cc1OC,1.0,pro_2281,0.9901000261306763
1557,CC(C)Oc1cccc(n1)-c1c(C)nnn1C1CCNCC1,0.0,pro_570,0.7281422019004822
1558,ONC(=O)CN(C(c1ccccc1)c1ccccc1)C(=O)CN(CCCc1ccccc1)C(=O)Nc1ccc(Oc2ccccc2)cc1,0.0,pro_2218,0.8366598685582479
1559,Cn1c2ccc(NC(=O)CCCCN3CCN(Cc4ccccc4)CC3)cc2oc1=O,1.0,pro_2892,0.9616328279177347
1560,CC(C)N(CCO)Cc1csc(n1)-c1cn(CC2CCOCC2)c2c(Cl)cccc12,0.0,pro_6167,0.4903615315755208
1561,COc1cnc2ccc(=O)n(CCN3CCN(CC3)c3nc4cc(C#N)c(C)cc4[nH]3)c2c1,1.0,pro_6088,0.8262956937154134
1562,CCCC1c2c(nc3CCCCc3c2N)-n2n1c(=O)c1ccccc1c2=O,0.0,pro_3129,0.6799642244974772
1563,CCCCCC1c2c(nc3CCCCc3c2N)-n2n1c(=O)c1ccccc1c2=O,0.0,pro_3129,0.7408343354860941
1564,CC1c2c(nc3CCCCc3c2N)-n2n1c(=O)c1ccccc1c2=O,0.0,pro_3129,0.6058377822240194
1565,O[C@@H]([C@H]1CC[C@@H](Cc2ccc(NC(=O)[C@@H]3CCc4ccnn34)cc2)N1)c1cccnc1,0.0,pro_6167,0.48282648126284283
1566,Fc1ccc(cc1)-c1nc2c(ccnc2[nH]1)C(=O)NCC(=O)N1CCC[C@H]1C#N,0.0,pro_2655,0.04415326503415903
1567,COc1ccc(cc1)-c1nc2c(ccnc2[nH]1)C(=O)NCC(=O)N1CCC[C@H]1C#N,0.0,pro_2655,0.03074369051804145
1568,OC(=O)[C@H]1[C@H](Cn2nnc3ccccc3c2=O)CC[C@@H]1Sc1ccc(cc1)-c1nccs1,1.0,pro_2218,0.8884546756744385
1569,O=C(N1CCc2cc(ccc12)C1CC1NCC1CCNCC1)c1ccccc1,1.0,pro_634,0.5564728304743767
1570,O=C(N1CCc2cc(ccc12)C1CC1NCC1CCNCC1)c1ccccc1,1.0,pro_634,0.5564728304743767
1571,CC(C)N1CCOc2c(F)cc(cc12)-c1nc(Nc2ccc(cn2)N2CCNCC2=O)ncc1F,1.0,pro_2228,0.9521172046661377
1572,COC(=O)N1[C@@H](C)CCc2c1ccc1n(C3CNC3)c(Cc3ccccc3)nc21,0.0,pro_570,0.26929227635264397
1573,C([n+]1ccc2ccccc2c1)[n+]1ccc2ccccc2c1,0.0,pro_5467,0.7828538616498312
1574,OC1=C(C(N(C1=O)c1nc2ccccc2s1)c1ccc2OCOc2c1)C(=O)c1ccccc1,0.0,pro_427,0.5146442999442419
1575,CC1(C)COCc2sc(nc12)N1CCN(CC1)C(=O)[C@@H]1CCCC[C@H]1C(=O)NC1(CC1)C#N,0.0,pro_6088,0.29748016595840454
1576,O\N=C(\Nc1cccc(Cc2ccccc2)c1)c1ccc2occc2c1,1.0,pro_171,0.980529248714447
1577,CC(C)CN(C[C@@H](O)[C@H](Cc1ccccc1)NC(=O)O[C@H]1CO[C@H]2OCC[C@@H]12)S(=O)(=O)c1ccc(N)cc1,0.0,pro_6088,0.06259232202622418
1578,CC(C)CN(C[C@@H](O)[C@H](Cc1ccccc1)NC(=O)O[C@H]1CO[C@H]2OCC[C@@H]12)S(=O)(=O)c1ccc(N)cc1,0.0,pro_6088,0.06259232202622418
1579,Nc1nc2cccc(-c3ccc(CN4CCS(=O)(=O)CC4)cc3)n2n1,0.0,pro_1546,0.8440687855084738
1580,COc1cnc(OC)c2[nH]cc(C(=O)C(=O)N3CCN(CC3)C(=O)c3ccccc3)c12,1.0,pro_6167,0.5210764904816946
1581,C[C@@H]1CN(CCN1C(=O)C(=O)c1c[nH]c2cnccc12)C(=O)c1ccccc1,1.0,pro_6167,0.7828819155693054
1582,COc1cnc(OC)c2[nH]cc(C(=O)C(=O)N3CCN(CC3)C(=O)c3ccccc3)c12,1.0,pro_6167,0.5210764904816946
1583,C[C@@H]1CN(CCN1C(=O)C(=O)c1c[nH]c2cnccc12)C(=O)c1ccccc1,1.0,pro_6167,0.7828819155693054
1584,S=C(CNCc1ccccc1)N1CCCC1,0.0,pro_2655,0.1388763189315796
1585,CS(=O)(=O)Nc1ccncc1Oc1cc(Cl)cc(Cl)c1,0.0,pro_3741,0.6427794098854065
1586,CS(=O)(=O)Nc1ccncc1Oc1ccccc1,1.0,pro_3741,0.7995423674583435
1587,Cc1ccc(Cn2c3ccccc3nc3c2nc(=O)[nH]c3=O)cc1,1.0,pro_5467,0.44605642557144165
1588,Clc1ccc(Cn2c3ccccc3nc3c2nc(=O)[nH]c3=O)cc1,1.0,pro_5467,0.5142696102460226
1589,COc1ccc(Cn2c3ccccc3nc3c2nc(=O)[nH]c3=O)cc1OC,1.0,pro_5467,0.5074442227681478
1590,Cc1ccc(NC(=O)CN2C(=O)\C(=N/NC(=O)c3ccc4ccccc4n3)c3ccccc23)cc1,0.0,pro_427,0.19490773851672807
1591,Nc1nnc([nH]1)N1CCC(CC1)N1C[C@H](Cn2cncn2)OC[C@@H]1Cc1ccc(Cl)cc1,0.0,pro_6088,0.44218093156814575
1592,Cc1ccc(SCc2nc(cs2)C(=O)NCC(=O)N2CC(F)(F)C[C@H]2C#N)cc1,0.0,pro_2655,0.14688444137573242
1593,FC(F)(F)c1ccc(SCc2nc(cs2)C(=O)NCC(=O)N2CC(F)(F)C[C@H]2C#N)cc1,0.0,pro_2655,0.17736762265364328
1594,FC1(F)C[C@@H](C#N)N(C1)C(=O)CNC(=O)c1csc(CSc2ccc(Cl)c(Cl)c2)n1,0.0,pro_2655,0.3307729611794154
1595,FC1(F)C[C@@H](C#N)N(C1)C(=O)CNC(=O)c1csc(CSc2ccc(cc2)C#N)n1,1.0,pro_2655,0.4518421155711015
1596,CNC(=O)c1ncc(C#Cc2cc(ccc2C)C(=O)Nc2ccc(CN3CCN(CCO)CC3)c(c2)C(F)(F)F)n1C,1.0,pro_2228,0.4708377079417308
1597,Cl.COc1cccc(c1)C(=O)CN1CCC(Cc2ccccc2)CC1,1.0,pro_2892,0.8813178539276123
1598,Cl.CC1=CC2CC(C1)c1c(C2)nc2cc(Cl)ccc2c1NCCCCCCCCNC(=O)c1cc(O)c2C(=O)c3c(O)cccc3C(=O)c2c1,1.0,pro_5467,0.9629699389139811
1599,CC1=CC2CC(C1)c1c(C2)nc2cc(Cl)ccc2c1NCCCCCCCCNC(=O)c1cc(O)c2C(=O)c3c(O)cccc3C(=O)c2c1,1.0,pro_5467,0.9266104102134705
1600,COc1cnc2ncc(=O)n(CCN3CCC(CC3)NCc3cnc(C)c(c3)C#N)c2c1,0.0,pro_6088,0.6044284900029501
1601,CNC(=O)CC1c2ccccc2-c2cncn12,0.0,pro_171,0.4598107486963272
1602,OC(=O)CC1c2ccccc2-c2cncn12,0.0,pro_171,0.7393225332101186
1603,NC\C(COc1ccc(c(F)c1)S(=O)(=O)CC1CCN(CC1)C(=O)C1CCCC1)=C/F,1.0,pro_634,0.9652963876724243
1604,NC\C(COc1ccc(c(F)c1)S(=O)(=O)CC1CCN(CC1)C(=O)C1CCCC1)=C/F,1.0,pro_634,0.9652963876724243
1605,Cn1c(nc(C(=O)NCc2ccc(F)cc2)c(O)c1=O)C1(C)CCCO1,1.0,pro_427,0.9825260241826376
1606,NS(=O)(=O)c1ccc(N\N=C2/C(=O)Nc3ccc4ncsc4c23)cc1,1.0,pro_2228,0.9350269436836243
1607,O=C([C@@H]1C[C@H](CN1)Nc1ccc(cn1)C#N)N1CCC[C@H]1C#N,1.0,pro_2655,0.9917986591657003
1608,CC([C@@H]1[C@H]2C[C@@H](C[C@@H]12)Oc1ccnc2ccc(F)cc12)C(=O)Nc1nc2ccccc2[nH]1,1.0,pro_171,0.9834128220876058
1609,NS(=O)(=O)c1ccc(N\N=C2/C(=O)Nc3ccc(cc23)-c2cnco2)cc1,1.0,pro_2228,0.9089492360750834
1610,NS(=O)(=O)c1ccc(NN=C2C(=O)Nc3ccc(cc23)-c2cnco2)cc1,1.0,pro_2228,0.8947644829750061
1611,CCOc1ccc(CNC=C2C(=O)NC(=O)c3ccc(Br)cc23)cc1O,1.0,pro_2228,0.9221033056577047
1612,CCCOc1ccc(CNC=C2C(=O)NC(=O)c3ccc(Br)cc23)cc1O,1.0,pro_2228,0.9271152019500732
1613,COc1ccc(CN(C)\C=C2/C(=O)NC(=O)c3ccc(Br)cc23)cc1O,1.0,pro_2228,0.9160068035125732
1614,CCCCOc1c(ccc2[nH]ncc12)C(=O)c1c(F)cc(C)cc1F,1.0,pro_2228,0.7916962107022604
1615,CN(N1CC[C@H](C1)C(=O)NCC(F)(F)F)c1ncnc2[nH]ccc12,1.0,pro_1546,0.9766580661137899
1616,Cc1cc(c(SCc2ccccc2)cc1Cl)S(=O)(=O)Nc1nc2cscc2c(=O)[nH]1,0.0,pro_427,0.37465082108974457
1617,Cc1cc(c(SCc2ccccc2)cc1Cl)S(=O)(=O)Nc1nc2cscc2c(=O)[nH]1,0.0,pro_427,0.37465082108974457
1618,OCCCNC(=O)c1cnc2C(=O)c3ccccc3-c3cccc1c23,0.0,pro_3129,0.6885695854822794
1619,OCCNC(=O)c1cnc2C(=O)c3ccccc3-c3cccc1c23,0.0,pro_3129,0.6530251502990723
1620,Cl.Cl.CCc1ccncc1-c1ccc(CN)o1,0.0,pro_6167,0.921255628267924
1621,O=NCc1ccc(o1)-c1cccnc1,0.0,pro_6167,0.7121449112892151
1622,NCc1ccc(o1)-c1cccnc1,1.0,pro_6167,0.5788688162962595
1623,O=NCc1ccc(o1)-c1cccnc1,0.0,pro_6167,0.7121449112892151
1624,O=NCc1ccc(o1)-c1cccnc1,0.0,pro_6167,0.7121449112892151
1625,COc1cncc(OCCCN)c1-c1cc(Nc2cnc(cn2)C#N)n[nH]1,0.0,pro_6088,0.6266168852647146
1626,O=C1OC(C(=O)C1Sc1ccccc1)c1ccccc1,0.0,pro_5516,0.06400593913470705
1627,COc1ccccc1CN(C)CCCCOc1cccc(c1)-c1cc(=O)c2c(O)c(OC)c(OC)cc2o1,1.0,pro_2892,0.9393752018610636
1628,Cn1cc2CN(c3ccc(F)cc3F)c3ccc(CS(C)(=O)=O)cc3-c3c[nH]c(=O)c1c23,1.0,pro_570,0.9008857210477194
1629,Cn1cc2-c3cc(CS(C)(=O)=O)ccc3N(Cc3c[nH]c(c23)c1=O)c1ccc(F)cc1,1.0,pro_570,0.9936259786287943
1630,CCS(=O)(=O)Nc1ccc2N(Cc3cn(C)c4c3c(c[nH]c4=O)-c2c1)c1ccc(F)cc1,1.0,pro_570,0.9174132943153381
1631,C(c1cccc(C[n+]2cccc3ccccc23)c1)[n+]1cccc2ccccc12,1.0,pro_5467,0.8920489350954691
1632,Fc1ccc(cc1F)-c1cc2C(=O)c3ccccc3-c2nn1,1.0,pro_634,0.861975908279419
1633,FC(F)(F)c1ccc(cc1)-c1cc2C(=O)c3ccccc3-c2nn1,1.0,pro_634,0.8148744503657023
1634,FC(F)(F)c1cccc(c1)-c1cc2C(=O)c3ccccc3-c2nn1,1.0,pro_634,0.8161734541257223
1635,[O-][N+](=O)c1ccc(cc1)-c1cc2C(=O)c3ccccc3-c2nn1,1.0,pro_634,0.819937268892924
1636,Brc1cccc(c1)-c1cc2C(=O)c3ccccc3-c2nn1,1.0,pro_634,0.8163038492202759
1637,Brc1ccc(cc1)-c1cc2C(=O)c3ccccc3-c2nn1,1.0,pro_634,0.858918309211731
1638,Nc1nc(OCc2ccccc2)c2[nH]cnc2n1,1.0,pro_2228,0.6203701943159103
1639,CNC1=NC(NC(=O)N1)c1ccccc1C,0.0,pro_5516,0.162321870525678
1640,CCCNC1=NC(NC(=O)N1)c1ccc(F)cc1,1.0,pro_5516,0.6031121325989565
1641,[O-][N+](=O)c1cccc(c1)C(=O)N1CCN(CC1)c1ccc(Br)cc1NC(=O)c1cc2ccccc2o\c1=N/c1ccccc1,1.0,pro_5516,0.7687534888585409
1642,CC[C@@H]1C[C@H](C)CC\C=C/[C@@H]2C[C@]2(NC(=O)[C@@H]2C[C@H](CN2C(=O)[C@H]1NC(=O)OC(C)(C)C(F)(F)F)Oc1nccc2cc(OC)c(F)cc12)C(=O)NS(=O)(=O)C1(C)CC1,1.0,pro_6167,0.40444521109263104
1643,Clc1ccc2c(NCCCCCNC(=O)CCc3ccc4nc(-c5ccccc5)c5CCCOc5c4c3)c3CCCCc3nc2c1,1.0,pro_5467,0.968391219774882
1644,COc1cc2c(Nc3ccc(cc3)C(=O)\C=C\c3nc(C)c(C)nc3C)ncnc2c(OC)c1OC,1.0,pro_2714,0.33432842294375104
1645,CC(C)N1CCC(CC1)(C(=O)NO)S(=O)(=O)c1ccc(Oc2ccc(cc2)C(C)C)cc1,1.0,pro_2218,0.9965497056643168
1646,CS(=O)(=O)c1ccc(Oc2ccc(cc2)S(=O)(=O)C2(CCN(CC#C)CC2)C(=O)NO)cc1,1.0,pro_2218,0.994532028834025
1647,ONC(=O)C1(CCNCC1)S(=O)(=O)c1ccc(Oc2ccc(cc2)C(F)(F)F)cc1,1.0,pro_2218,0.9933309356371561
1648,OC(=O)c1cc(ccc1O)-c1ccc(\C=C2/NC(=S)NC2=O)o1,0.0,pro_427,0.7261901299158732
1649,Cc1cc(oc1\C=C1/NC(=S)NC1=O)-c1ccc(C(O)=O)c(O)c1,0.0,pro_427,0.779191811879476
1650,OC(=O)c1ccc(cc1O)-c1ccc(\C=C2/NC(=S)NC2=O)o1,0.0,pro_427,0.7250345150629679
1651,OC(=O)c1ccc(cc1O)-c1ccc(\C=C2/NC(=S)NC2=O)o1,0.0,pro_427,0.7250345150629679
1652,OC(=O)c1cc(ccc1O)-c1ccc(\C=C2/NC(=S)NC2=O)o1,0.0,pro_427,0.7439929048220316
1653,CNS(=O)(=O)c1ccc2NC(=O)\C(=C/c3[nH]cc4c3CCOC4=O)c2c1,1.0,pro_2228,0.8750271399815878
1654,CC(Oc1cc(=O)oc2ccccc12)C(=O)Nc1ccc(cc1C#N)C(F)(F)F,0.0,pro_3741,0.5818620671828588
1655,COc1ccc(NC(=O)C(C)Oc2cc(=O)oc3ccccc23)cc1,1.0,pro_3741,0.48638075590133667
1656,CC(=O)n1n(C(C)=O)c2c(Cl)cccc2sc2ccccc12,0.0,pro_3129,0.2828015362222989
1657,COc1ccc2n(C(C)=O)n(C(C)=O)c3ccccc3sc2c1,0.0,pro_3129,0.3030453274647395
1658,CC(=O)n1n(C(C)=O)c2cc(Cl)ccc2sc2ccccc12,0.0,pro_3129,0.23112148543198904
1659,CC(=O)n1n(C(C)=O)c2ccc(cc2sc2ccccc12)C(F)(F)F,0.0,pro_3129,0.24912579854329428
1660,CC(=O)n1[nH]c2ccc(cc2sc2ccccc12)[N+]([O-])=O,0.0,pro_3129,0.37098607420921326
1661,Cc1cccc(c1)N=C(NC#N)c1ccc(o1)-c1ccc(Cl)cc1,1.0,pro_6088,0.27803835024436313
1662,Cc1nnc(o1)C(Cc1ccccc1)NC1=NC(C)(C)Cc2cc(Cl)ccc12,0.0,pro_5516,0.26392959566631663
1663,CC1(C)Cc2cc(Cl)ccc2C(NC(Cc2ccccc2)c2nnco2)=N1,0.0,pro_5516,0.6125092670942346
1664,Cn1c(CSc2cccc(F)c2)nc2n(C)c(=O)n(C)c(=O)c12,0.0,pro_2714,0.6165006160736084
1665,Cn1c(CSc2ccc(Cl)cc2)nc2n(C)c(=O)n(C)c(=O)c12,1.0,pro_2714,0.6180691222349802
1666,COc1cccc(SCc2nc3n(C)c(=O)n(C)c(=O)c3n2C)c1,1.0,pro_2714,0.5405069490273794
1667,c1ncc([nH]1)-c1ccccc1,0.0,pro_171,0.7035041848818461
1668,Oc1c(Cl)cccc1-c1cnc[nH]1,1.0,pro_171,0.8513782421747843
1669,CNC(=O)CCn1cncc1-c1ccccc1,0.0,pro_171,0.6600576142470042
1670,Oc1c(Cl)cc(F)cc1-c1cnc[nH]1,1.0,pro_171,0.8433605631192526
1671,Cn1cncc1-c1ccccc1O,1.0,pro_171,0.5145441989103953
1672,Cn1cncc1-c1cc(Cl)ccc1N,0.0,pro_171,0.6813245415687561
1673,c1ncc([nH]1)-c1ccccc1,0.0,pro_171,0.7035041848818461
1674,c1ncc([nH]1)-c1ccccc1,0.0,pro_171,0.7035041848818461
1675,c1ncc([nH]1)-c1ccccc1,0.0,pro_171,0.7035041848818461
1676,c1ncc([nH]1)-c1ccccc1,0.0,pro_171,0.7035041848818461
1677,Cn1cncc1-c1ccccc1N,0.0,pro_171,0.666894535223643
1678,CNC(=O)Cn1cncc1-c1ccccc1,0.0,pro_171,0.5368669927120209
1679,CC(=O)NCCn1cncc1-c1ccccc1,0.0,pro_171,0.5864503035942713
1680,OCCn1cncc1-c1ccccc1,0.0,pro_171,0.9439966082572937
1681,OC[C@H]1O[C@@H](Oc2cc(ccc2O)-c2cc(=O)c3c(O)cc(O)cc3o2)[C@H](O)[C@@H](O)[C@@H]1O,0.0,pro_5467,0.2871951361497243
1682,CCN(Cc1ccccc1)C(=O)\C=C\c1ccc(OC(=O)N(c2ccccc2)c2ccccc2)c(OC)c1,1.0,pro_5467,0.8051872054735819
1683,CNC(=O)[C@]12C[C@H]1[C@](C)(N=C(N)S2)c1cc(NC(=O)c2ccc(Cl)cn2)cc(F)c1F,1.0,pro_5516,0.9993846615155538
1684,NS(=O)(=O)c1ccc(cc1)-n1nc(cc1-c1ccccn1)C(F)(F)F,1.0,pro_3741,0.9077884356180826
1685,COCCOc1cc2c(Nc3cccc(c3)C#C)ncnc2cc1OCCOC(=O)C(C)c1ccc(CC(C)C)cc1,1.0,pro_2281,0.9892916282018026
1686,Cc1nnn(C)c1-c1cnc2c(c1)n(C(CCC(F)(F)F)c1ccccn1)c1cccc(c21)S(C)(=O)=O,1.0,pro_570,0.7703337470690409
1687,CN1CCN(CCC(=O)Nc2ccc3nc4c5[nH]c6ccccc6c5ccn4c(=O)c3c2)CC1,1.0,pro_3129,0.8969556291898092
1688,CC1=C[C@](C)(N=C(N)O1)c1cc(NC(=O)c2ccc(cn2)C(F)(F)F)ccc1F,1.0,pro_5516,0.995787779490153
1689,CC1=C[C@](C)(N=C(N)O1)c1cc(NC(=O)c2ccc(cn2)C#N)ccc1F,1.0,pro_5516,0.9951711495717367
1690,CC1=C[C@](C)(N=C(N)O1)c1cc(NC(=O)c2ncc(F)cc2F)ccc1F,1.0,pro_5516,0.9963274598121643
1691,CC(=O)c1ccccc1NC(=O)c1ccc(OCCCCCC[n+]2ccc3ccccc3c2)cc1,0.0,pro_5516,0.3266343375047048
1692,ONC(=O)[C@@H](CC(=O)Nc1cccc2ccccc12)NC(=O)\C=C\c1ccccc1,0.0,pro_2218,0.5857642988363901
1693,OC(=O)[C@@H](CC(=O)Nc1cccc2ccccc12)NC(=O)\C=C\c1ccccc1,0.0,pro_2218,0.3022296180327733
1694,O=C(CNC(=O)c1ccnc2ncnn12)N1CCC[C@H]1C#N,0.0,pro_2655,0.2543543179829915
1695,CN1CCC[C@@H]1\C=C\C(=O)Nc1cc2c(Nc3ccc(Oc4cnc5ccnn5c4)c(C)c3)ncnc2cc1O,1.0,pro_2281,0.9379770954449972
